MasterFile,KABCO_Mod,Mode,Disadvantaged Com ID,MannerofCollision_Real,CollisionDate,CollisionTime,ParkingLotIndicator,IntersectionWith_Indicator_,Milepoint,NumberInjured,NumberKilled,ofUnits,ofMotorVeh,Hit&RunIndicator,OneWayIndicator,InCityLimitsIndicator,Latitude,Longitude,MannerofCollisionCode,TotalLanes,RoadwayCharacterCode,RoadwaySurfaceCode,RoadwayConditionCode,WeatherCode,LightConditionCode,FirstAidSceneIndicator,TimeNotified,TimeArrived,MedianCros,YR,KABCO,Motorcyclist,CommercialVehicle,YoungDriver,MatureDriver,Pedestrian,Bicyclist,Distracted,agressive,Impaired,Unrestrain,RoadwayDep,MedXover
72322435,O,Motor Vehicle,Non DAC,,20190302,1310.0,N,Y,15.531,0,0,2,2.0,N,N,Y,37.6644,-84.74297,5.0,2.0,1.0,1.0,1.0,3.0,2.0,N,1310,1314,N,2019.0,O,0,0,0,0,0,0,1,0,0,0.0,0.0,0.0
72322495,O,Motor Vehicle,DAC,,20190303,1225.0,N,Y,5.194,0,0,2,2.0,N,N,Y,37.64294,-84.77434,1.0,2.0,4.0,1.0,5.0,6.0,2.0,N,1225,1225,N,2019.0,O,0,0,0,0,0,0,1,0,0,0.0,0.0,0.0
72322546,O,Motor Vehicle,Non DAC,,20190301,1225.0,N,N,1.334,0,0,2,2.0,N,N,Y,37.62269,-84.79477,8.0,2.0,6.0,1.0,1.0,3.0,2.0,N,1225,1234,N,2019.0,O,0,0,0,0,0,0,1,0,0,0.0,1.0,0.0
72323539,O,Motor Vehicle,DAC,,20190305,1503.0,N,N,5.471,0,0,2,2.0,N,N,Y,37.64601,-84.77332,8.0,2.0,6.0,1.0,1.0,2.0,2.0,N,1503,1505,N,2019.0,O,0,0,0,1,0,0,1,1,0,0.0,1.0,0.0
72323831,O,Motor Vehicle,Non DAC,,20190306,1520.0,N,Y,0.252,0,0,2,2.0,N,N,Y,37.65451,-84.7647,5.0,2.0,6.0,1.0,1.0,2.0,2.0,N,1503,1512,N,2019.0,O,0,0,0,0,0,0,1,0,0,0.0,0.0,0.0
72324307,O,Motor Vehicle,Non DAC,,20190306,1719.0,N,Y,8.205,0,0,2,2.0,N,N,Y,37.67734,-84.7911,8.0,2.0,6.0,1.0,1.0,2.0,2.0,N,1719,1726,N,2019.0,O,0,0,0,0,0,0,0,0,0,0.0,0.0,0.0
72324728,O,Motor Vehicle,Non DAC,,20190308,1902.0,N,Y,1.235,0,0,2,2.0,N,N,Y,37.62127,-84.79414,5.0,5.0,6.0,1.0,5.0,2.0,5.0,N,1902,1909,N,2019.0,O,0,0,0,1,0,0,1,0,0,0.0,0.0,0.0
72325035,O,Motor Vehicle,DAC,,20190309,1920.0,N,Y,0.001,0,0,2,2.0,N,N,Y,37.62279,-84.77464,1.0,5.0,6.0,1.0,5.0,6.0,2.0,N,1657,1706,N,2019.0,O,0,0,0,1,0,0,1,0,0,0.0,0.0,0.0
72325419,C,Motor Vehicle,DAC,,20190310,1917.0,N,N,0.403,1,0,1,1.0,N,N,Y,37.62145,-84.77709,9.0,2.0,6.0,1.0,1.0,2.0,2.0,Y,1917,1920,N,2019.0,C,0,0,0,0,0,0,0,0,1,0.0,1.0,0.0
72325474,O,Motor Vehicle,DAC,,20190310,1705.0,N,N,0.002,0,0,2,2.0,N,N,Y,37.64885,-84.77054,5.0,2.0,6.0,1.0,1.0,2.0,2.0,N,1707,1711,N,2019.0,O,0,0,0,0,0,0,1,1,0,0.0,0.0,0.0
72326664,O,Motor Vehicle,Non DAC,,20190313,1138.0,N,Y,1.784,0,0,2,2.0,N,N,Y,37.62873,-84.79754,5.0,6.0,6.0,1.0,1.0,2.0,2.0,N,1138,1142,N,2019.0,O,0,0,0,1,0,0,1,1,0,0.0,0.0,0.0
72327752,O,Motor Vehicle,DAC,SIDESWIPE-SAME DIRECTION,20190316,2024.0,N,N,3.365,0,0,2,2.0,N,N,Y,37.61654,-84.77462,8.0,2.0,6.0,1.0,1.0,2.0,5.0,N,2024,2025,N,2019.0,O,0,0,0,0,0,0,1,1,0,0.0,1.0,0.0
72327889,O,Motor Vehicle,DAC,,20190316,1410.0,N,Y,3.915,0,0,2,2.0,N,N,Y,37.62416,-84.77467,1.0,4.0,6.0,1.0,1.0,2.0,2.0,N,1410,1415,N,2019.0,O,0,0,0,1,0,0,0,1,0,0.0,0.0,0.0
72327921,O,Motor Vehicle,DAC,,20190314,1209.0,N,N,5.583,0,0,2,2.0,N,N,Y,37.64601,-84.77511,1.0,2.0,6.0,1.0,1.0,2.0,2.0,N,1209,1210,N,2019.0,O,0,0,0,0,0,0,1,0,0,0.0,0.0,0.0
72328058,O,Motor Vehicle,Non DAC,,20190315,2053.0,N,Y,12.323,0,0,2,2.0,Y,N,Y,37.64857,-84.80262,5.0,2.0,6.0,1.0,1.0,2.0,5.0,N,2053,2102,N,2019.0,O,0,0,0,0,0,0,1,0,0,0.0,0.0,0.0
72328532,O,Motor Vehicle,DAC,,20190317,304.0,N,Y,0.195,0,0,4,4.0,Y,N,Y,37.64874,-84.77377,7.0,2.0,6.0,1.0,1.0,2.0,7.0,N,305,309,N,2019.0,O,0,0,0,0,0,0,1,0,0,1.0,0.0,0.0
72328706,O,Motor Vehicle,Non DAC,,20190318,937.0,N,N,0.259,0,0,2,2.0,N,N,Y,37.645,-84.76295,2.0,2.0,6.0,1.0,1.0,2.0,2.0,N,937,941,N,2019.0,O,0,0,1,0,0,0,1,0,0,0.0,0.0,0.0
72328933,O,Motor Vehicle,DAC,,20190319,1631.0,N,Y,5.403,0,0,2,2.0,N,N,Y,37.64582,-84.77244,5.0,4.0,6.0,1.0,1.0,2.0,2.0,N,1631,1647,N,2019.0,O,0,0,0,0,0,0,1,0,0,0.0,0.0,0.0
72329320,O,Motor Vehicle,Non DAC,,20190320,1623.0,N,Y,3.197,0,0,2,2.0,N,N,Y,37.64857,-84.80317,4.0,6.0,6.0,1.0,1.0,2.0,2.0,N,1623,1626,N,2019.0,O,0,0,0,1,0,0,1,1,0,0.0,0.0,0.0
72329321,C,Motor Vehicle,DAC,,20190320,1725.0,N,Y,5.328,1,0,2,2.0,N,Y,Y,37.6447,-84.77256,1.0,2.0,6.0,1.0,1.0,2.0,2.0,Y,1725,1727,N,2019.0,C,0,0,0,0,0,0,0,1,0,0.0,0.0,0.0
72329461,O,Motor Vehicle,Non DAC,,20190320,1605.0,N,Y,1.792,0,0,3,3.0,N,N,Y,37.62885,-84.79757,8.0,4.0,6.0,1.0,1.0,2.0,2.0,N,1613,1621,N,2019.0,O,0,1,1,0,0,0,1,0,0,0.0,0.0,0.0
72329496,O,Motor Vehicle,Non DAC,,20190321,547.0,N,Y,1.792,0,0,2,2.0,N,N,Y,37.62884,-84.79759,5.0,4.0,6.0,1.0,5.0,6.0,5.0,N,549,600,N,2019.0,O,0,0,0,0,0,0,1,0,0,0.0,0.0,0.0
72329516,O,Motor Vehicle,DAC,OPPOPSING LEFT TURN,20190321,1255.0,N,Y,0.394,0,0,2,2.0,N,N,Y,37.61688,-84.78174,4.0,5.0,6.0,1.0,1.0,3.0,2.0,N,1300,1309,N,2019.0,O,0,0,0,0,0,0,0,1,0,0.0,0.0,0.0
72329791,O,Motor Vehicle,DAC,,20190321,2239.0,N,Y,5.521,0,0,2,2.0,N,N,Y,37.64595,-84.77404,1.0,7.0,3.0,1.0,1.0,2.0,5.0,N,2239,2241,N,2019.0,O,0,0,0,0,0,0,0,1,0,0.0,0.0,0.0
72330404,O,Motorcyclist,Non DAC,,20190323,1506.0,N,Y,0.199,0,0,2,2.0,N,N,Y,37.64526,-84.7629,8.0,2.0,6.0,1.0,1.0,2.0,2.0,N,1506,1508,N,2019.0,O,1,0,1,0,0,0,0,0,0,0.0,0.0,0.0
72330501,O,Motor Vehicle,Non DAC,,20190322,1553.0,N,Y,1.232,0,0,2,2.0,N,N,Y,37.62124,-84.79437,1.0,2.0,5.0,1.0,1.0,2.0,2.0,N,1552,1556,N,2019.0,O,0,0,0,1,0,0,0,1,0,0.0,0.0,0.0
72330592,C,Motor Vehicle,DAC,,20190323,1041.0,N,Y,0.007,1,0,2,2.0,N,N,Y,37.63215,-84.7517,5.0,2.0,4.0,1.0,1.0,2.0,2.0,Y,1041,1041,N,2019.0,C,0,0,0,1,0,0,1,1,0,0.0,0.0,0.0
72330672,B,Motor Vehicle,Non DAC,,20190323,1626.0,N,Y,12.267,1,0,3,3.0,N,N,Y,37.62891,-84.79762,5.0,2.0,6.0,1.0,1.0,2.0,2.0,Y,1625,1631,N,2019.0,B,0,0,0,0,0,0,1,0,1,0.0,0.0,0.0
72330773,O,Motor Vehicle,DAC,,20190324,1637.0,N,Y,4.209,0,0,2,2.0,N,N,Y,37.62836,-84.77478,8.0,2.0,6.0,1.0,1.0,3.0,2.0,N,1639,1643,N,2019.0,O,0,0,0,1,0,0,1,1,0,0.0,0.0,0.0
72330808,O,Motor Vehicle,DAC,,20190323,1608.0,N,N,4.88,0,0,2,2.0,N,Y,Y,37.63838,-84.77473,1.0,2.0,6.0,1.0,1.0,2.0,2.0,N,1608,1608,N,2019.0,O,0,0,1,0,0,0,1,0,0,0.0,0.0,0.0
72331280,O,Motor Vehicle,Non DAC,,20190325,603.0,N,N,1.172,0,0,2,2.0,N,N,Y,37.62052,-84.79375,8.0,4.0,2.0,1.0,5.0,6.0,6.0,N,604,613,N,2019.0,O,0,1,0,0,0,0,0,1,0,0.0,1.0,0.0
72331287,C,Motor Vehicle,DAC,,20190325,1459.0,N,Y,4.907,1,0,2,2.0,N,Y,Y,37.63889,-84.7747,1.0,2.0,6.0,1.0,5.0,6.0,2.0,Y,1459,1501,N,2019.0,C,0,0,0,0,0,0,1,1,0,0.0,0.0,0.0
72331288,O,Motor Vehicle,DAC,,20190325,1558.0,N,N,3.167,0,0,2,2.0,Y,N,Y,37.61339,-84.77444,8.0,5.0,6.0,1.0,5.0,6.0,2.0,N,1558,1605,N,2019.0,O,0,0,0,0,0,0,1,0,0,0.0,1.0,0.0
72331448,O,Motor Vehicle,DAC,,20190325,1256.0,N,N,0.098,0,0,2,2.0,N,N,Y,37.61848,-84.77292,1.0,2.0,6.0,1.0,1.0,3.0,2.0,N,1256,1303,N,2019.0,O,0,0,0,0,0,0,0,1,0,0.0,0.0,0.0
72331455,O,Motor Vehicle,Non DAC,,20190325,758.0,N,N,10.783,0,0,1,1.0,N,N,N,37.61964,-84.82163,9.0,2.0,3.0,1.0,5.0,6.0,2.0,N,758,807,N,2019.0,O,0,0,1,0,0,0,0,0,0,0.0,1.0,0.0
72332030,O,Motor Vehicle,DAC,,20190327,1520.0,N,N,0.144,0,0,2,2.0,N,N,Y,37.65265,-84.78598,8.0,1.0,3.0,1.0,1.0,2.0,2.0,N,1520,1524,N,2019.0,O,0,0,0,1,0,0,0,0,0,0.0,0.0,0.0
72332450,O,Motor Vehicle,DAC,SIDESWIPE-SAME DIRECTION,20190128,1451.0,N,Y,3.394,0,0,2,2.0,N,N,Y,37.6167,-84.77464,8.0,2.0,3.0,1.0,1.0,2.0,2.0,N,1451,1459,N,2019.0,O,0,0,0,0,0,0,1,1,0,0.0,0.0,0.0
72332617,O,Motor Vehicle,Non DAC,,20190328,551.0,N,Y,0.001,0,0,2,2.0,N,N,Y,37.64861,-84.76382,1.0,2.0,4.0,1.0,1.0,2.0,5.0,N,552,557,N,2019.0,O,0,0,0,1,0,0,0,0,0,0.0,0.0,0.0
72332726,O,Motor Vehicle,Non DAC,,20190329,740.0,N,N,1.676,0,0,1,1.0,N,N,Y,37.6691,-84.76706,9.0,2.0,4.0,1.0,1.0,3.0,1.0,N,740,747,N,2019.0,O,0,0,1,0,0,0,1,0,0,0.0,1.0,0.0
72332831,O,Motor Vehicle,DAC,,20190329,1151.0,N,N,0.236,0,0,2,2.0,N,N,Y,37.62472,-84.77899,2.0,1.0,6.0,1.0,5.0,3.0,2.0,N,1151,1158,N,2019.0,O,0,0,0,0,0,0,1,1,0,0.0,0.0,0.0
72334025,O,Motor Vehicle,DAC,ANGLE,20190401,1231.0,N,Y,3.515,0,0,2,2.0,N,N,Y,37.6185,-84.77459,1.0,4.0,6.0,1.0,1.0,2.0,2.0,N,1231,1239,N,2019.0,O,0,0,0,1,0,0,0,1,0,0.0,0.0,0.0
72334246,O,Motor Vehicle,DAC,,20190326,1216.0,N,Y,5.2,0,0,2,2.0,N,Y,Y,37.64293,-84.77433,8.0,2.0,4.0,1.0,1.0,2.0,2.0,N,1214,1221,N,2019.0,O,0,0,0,0,0,0,0,0,0,0.0,0.0,0.0
72334621,O,Motor Vehicle,Non DAC,,20190402,1548.0,N,Y,0.448,0,0,2,2.0,N,N,Y,37.6524,-84.77183,5.0,2.0,4.0,1.0,1.0,2.0,2.0,N,1548,1549,N,2019.0,O,0,0,0,0,0,0,1,0,0,0.0,0.0,0.0
72334862,O,Motor Vehicle,DAC,,20190402,1819.0,N,N,0.01,0,0,2,2.0,N,N,Y,37.64895,-84.77195,5.0,2.0,6.0,1.0,1.0,2.0,2.0,N,1822,1827,N,2019.0,O,0,0,0,0,0,0,1,1,0,0.0,0.0,0.0
72335226,B,Motor Vehicle,Non DAC,,20190401,922.0,N,Y,8.211,3,0,2,2.0,N,N,Y,37.67723,-84.7911,5.0,5.0,6.0,1.0,1.0,2.0,2.0,Y,924,932,N,2019.0,B,0,0,0,0,0,0,1,1,0,0.0,0.0,0.0
72335483,O,Motor Vehicle,DAC,REAR END,20190404,1619.0,N,Y,3.46,0,0,2,2.0,N,N,Y,37.61766,-84.77464,5.0,5.0,6.0,1.0,1.0,2.0,2.0,N,1619,1621,N,2019.0,O,0,0,1,0,0,0,1,0,0,0.0,0.0,0.0
72336705,O,Motor Vehicle,DAC,,20190408,1606.0,N,Y,0.83,0,0,1,1.0,N,N,Y,37.64891,-84.77211,9.0,2.0,6.0,1.0,1.0,2.0,2.0,Y,1607,1609,N,2019.0,U,0,0,0,0,0,0,0,0,0,1.0,0.0,0.0
72336706,O,Motor Vehicle,DAC,REAR END,20190408,1546.0,N,Y,3.518,0,0,2,2.0,N,N,Y,37.61792,-84.77462,5.0,2.0,5.0,1.0,1.0,2.0,2.0,N,1546,1554,N,2019.0,O,0,0,0,0,0,0,1,0,0,0.0,0.0,0.0
72336739,O,Motor Vehicle,Non DAC,,20190408,1617.0,N,N,8.202,0,0,3,3.0,N,N,Y,37.6774,-84.79117,5.0,5.0,6.0,1.0,1.0,2.0,2.0,N,1617,1625,N,2019.0,O,0,0,0,0,0,0,1,1,0,0.0,0.0,0.0
72336952,O,Motor Vehicle,DAC,REAR END,20190408,1230.0,N,Y,0.168,0,0,2,2.0,N,N,Y,37.61735,-84.77752,5.0,2.0,6.0,1.0,5.0,2.0,2.0,N,1231,1235,N,2019.0,O,0,0,0,1,0,0,1,0,0,0.0,0.0,0.0
72337030,O,Motor Vehicle,Non DAC,,20190409,1527.0,N,N,3.214,0,0,2,2.0,N,N,Y,37.6488,-84.80326,5.0,6.0,6.0,1.0,1.0,2.0,2.0,N,1528,1529,N,2019.0,O,0,0,1,0,0,0,1,1,0,0.0,0.0,0.0
72337229,O,Motor Vehicle,Non DAC,,20190409,2230.0,N,Y,0.053,0,0,1,1.0,N,N,Y,37.617,-84.79956,9.0,2.0,6.0,1.0,1.0,2.0,4.0,N,2221,2227,N,2019.0,O,0,1,0,0,0,0,1,0,0,0.0,0.0,0.0
72337486,O,Motor Vehicle,DAC,,20190410,712.0,N,N,0.001,0,0,2,2.0,N,N,Y,37.64458,-84.77094,1.0,2.0,6.0,1.0,1.0,2.0,2.0,N,712,714,N,2019.0,O,0,0,0,0,0,0,1,1,0,0.0,0.0,0.0
72338057,O,Motor Vehicle,DAC,,20190411,1820.0,N,Y,4.911,0,0,2,2.0,N,Y,Y,37.63882,-84.7747,8.0,2.0,6.0,1.0,1.0,2.0,2.0,N,1820,1822,N,2019.0,O,0,0,0,1,0,0,1,0,0,0.0,0.0,0.0
72338273,O,Motor Vehicle,DAC,,20190410,1423.0,N,Y,0.013,0,0,3,3.0,Y,N,Y,37.63668,-84.77513,7.0,2.0,4.0,1.0,1.0,2.0,2.0,N,1423,1426,N,2019.0,H,0,1,0,0,0,0,0,0,0,0.0,0.0,0.0
72338274,O,Motor Vehicle,DAC,,20190411,1210.0,N,Y,13.911,0,0,2,2.0,N,N,Y,37.64429,-84.76652,2.0,2.0,1.0,1.0,1.0,2.0,2.0,N,1210,1217,N,2019.0,O,0,0,0,0,0,0,1,0,0,0.0,0.0,0.0
72338379,O,Motor Vehicle,Non DAC,,20190412,753.0,N,Y,3.175,0,0,2,2.0,Y,N,Y,37.64825,-84.80293,2.0,4.0,6.0,1.0,5.0,3.0,2.0,N,753,802,N,2019.0,O,0,1,0,0,0,0,0,0,0,0.0,0.0,0.0
72338428,O,Motor Vehicle,DAC,,20190412,1407.0,N,Y,0.0,0,0,2,2.0,N,N,Y,37.64582,-84.77244,4.0,2.0,6.0,1.0,1.0,2.0,2.0,N,1407,1411,N,2019.0,O,0,0,0,0,0,0,1,0,0,0.0,0.0,0.0
72338446,O,Motor Vehicle,DAC,REAR END,20190411,1206.0,N,Y,1.157,0,0,2,2.0,N,N,Y,37.62097,-84.75375,5.0,2.0,6.0,1.0,1.0,2.0,2.0,N,1205,1209,N,2019.0,O,0,0,0,0,0,0,1,0,0,0.0,0.0,0.0
72338451,O,Motor Vehicle,DAC,,20190412,1039.0,N,N,5.158,0,0,2,2.0,N,Y,Y,37.64203,-84.77282,8.0,2.0,4.0,1.0,1.0,3.0,2.0,N,1039,1045,N,2019.0,O,0,0,0,1,0,0,0,0,0,0.0,1.0,0.0
72338601,O,Motor Vehicle,DAC,,20190412,2105.0,N,Y,5.332,0,0,2,2.0,N,N,Y,37.6448,-84.77415,1.0,2.0,6.0,1.0,1.0,2.0,5.0,N,2110,2110,N,2019.0,O,0,0,0,0,0,0,0,1,0,0.0,0.0,0.0
72339812,O,Motor Vehicle,DAC,,20190415,1452.0,N,Y,0.145,0,0,2,2.0,N,N,Y,37.62428,-84.772,1.0,2.0,6.0,1.0,1.0,2.0,2.0,N,1452,1459,N,2019.0,O,0,0,0,0,0,0,1,1,0,0.0,0.0,0.0
72340212,O,Motor Vehicle,Non DAC,,20190416,1836.0,N,Y,12.905,0,0,2,2.0,N,N,Y,37.64767,-84.79234,1.0,3.0,6.0,1.0,1.0,2.0,2.0,N,1836,1840,N,2019.0,O,0,0,0,0,0,0,0,1,0,0.0,0.0,0.0
72340323,O,Motor Vehicle,Non DAC,,20190414,130.0,N,Y,1.196,0,0,1,1.0,N,N,Y,37.66252,-84.76791,9.0,2.0,3.0,1.0,5.0,6.0,6.0,N,130,132,N,2019.0,O,0,0,1,0,0,0,0,0,0,0.0,0.0,0.0
72340418,O,Motor Vehicle,Non DAC,,20190416,1238.0,N,Y,1.439,0,0,2,2.0,N,N,Y,37.62401,-84.79527,4.0,2.0,6.0,1.0,1.0,2.0,2.0,N,1238,1246,N,2019.0,O,0,0,0,1,0,0,1,0,0,0.0,0.0,0.0
72340496,O,Motor Vehicle,DAC,,20190416,1244.0,N,N,3.05,0,0,2,2.0,N,N,Y,37.61169,-84.77429,5.0,2.0,6.0,1.0,1.0,2.0,2.0,N,1245,1256,N,2019.0,O,0,0,0,0,0,0,0,1,0,0.0,0.0,0.0
72340717,O,Motor Vehicle,DAC,,20190416,2121.0,N,Y,0.321,0,0,2,2.0,N,N,Y,37.64858,-84.76591,1.0,2.0,6.0,1.0,1.0,2.0,6.0,N,2121,2124,N,2019.0,O,0,0,1,1,0,0,1,1,0,0.0,0.0,0.0
72340718,O,Motor Vehicle,Non DAC,,20190417,1755.0,N,Y,0.009,0,0,2,2.0,N,N,Y,37.64844,-84.8053,5.0,2.0,6.0,1.0,1.0,2.0,2.0,N,1755,1801,N,2019.0,O,0,0,1,1,0,0,1,0,0,0.0,0.0,0.0
72341201,O,Motor Vehicle,Non DAC,,20190418,1437.0,N,Y,0.071,0,0,2,2.0,N,N,Y,37.62182,-84.81855,5.0,2.0,6.0,1.0,1.0,2.0,2.0,N,1440,1443,N,2019.0,O,0,0,0,0,0,0,1,0,0,0.0,0.0,0.0
72341349,O,Motor Vehicle,Non DAC,,20190418,1303.0,N,Y,1.788,0,0,2,2.0,N,N,Y,37.62878,-84.79754,8.0,4.0,6.0,1.0,1.0,2.0,2.0,N,1303,1309,N,2019.0,O,0,1,0,0,0,0,0,0,0,0.0,0.0,0.0
72341562,B,Motor Vehicle,DAC,REAR END,20190419,1259.0,N,N,3.608,1,0,3,3.0,N,N,Y,37.61975,-84.77459,5.0,2.0,6.0,1.0,5.0,6.0,2.0,Y,1300,1302,N,2019.0,B,0,0,0,0,0,0,1,1,0,0.0,0.0,0.0
72341771,O,Motor Vehicle,DAC,,20190419,1942.0,N,N,3.712,0,0,2,2.0,Y,N,Y,37.62125,-84.77461,8.0,5.0,6.0,1.0,5.0,6.0,2.0,N,1942,1951,N,2019.0,O,0,0,0,0,0,0,1,1,0,0.0,1.0,0.0
72341809,O,Motor Vehicle,DAC,REAR END,20190419,1610.0,N,N,0.111,0,0,2,2.0,N,N,Y,37.61746,-84.77648,5.0,4.0,6.0,1.0,5.0,6.0,2.0,N,1610,1610,N,2019.0,O,0,0,1,0,0,0,1,0,0,0.0,0.0,0.0
72342147,O,Motor Vehicle,DAC,,20190420,1306.0,N,N,4.756,0,0,2,2.0,N,N,Y,37.63654,-84.77491,8.0,2.0,6.0,1.0,1.0,2.0,2.0,N,1305,1312,N,2019.0,O,0,0,1,0,0,0,1,0,0,0.0,1.0,0.0
72342165,O,Motor Vehicle,DAC,,20190420,1550.0,N,N,0.121,0,0,2,2.0,N,N,Y,37.61537,-84.77125,2.0,1.0,6.0,1.0,1.0,2.0,2.0,N,1550,1557,N,2019.0,O,0,0,0,1,0,0,1,0,0,0.0,0.0,0.0
72343184,O,Motor Vehicle,Non DAC,,20190422,2206.0,N,Y,2.932,0,0,2,2.0,N,N,Y,37.64475,-84.80297,1.0,3.0,6.0,1.0,1.0,2.0,5.0,N,2208,2214,N,2019.0,O,0,0,1,1,0,0,1,1,0,0.0,0.0,0.0
72343578,O,Motor Vehicle,DAC,REAR END,20190423,1907.0,N,Y,3.476,0,0,2,2.0,N,N,Y,37.61788,-84.77471,5.0,6.0,6.0,1.0,1.0,2.0,2.0,N,1907,1914,N,2019.0,O,0,0,0,0,0,0,1,0,0,0.0,0.0,0.0
72343667,B,Motorcyclist,DAC,ANGLE,20190423,1149.0,N,Y,0.178,1,0,2,2.0,N,N,Y,37.61782,-84.77136,1.0,5.0,6.0,1.0,1.0,2.0,2.0,Y,1149,1153,N,2019.0,B,1,0,0,1,0,0,1,1,0,0.0,0.0,0.0
72343727,O,Motor Vehicle,DAC,,20190424,728.0,N,Y,14.008,0,0,2,2.0,N,N,Y,37.64327,-84.7652,1.0,2.0,6.0,1.0,1.0,2.0,2.0,N,728,732,N,2019.0,O,0,0,0,0,0,0,1,1,0,0.0,0.0,0.0
72343997,O,Motor Vehicle,Non DAC,,20190424,1952.0,N,Y,0.0,0,0,1,1.0,N,N,Y,37.66488,-84.76788,9.0,2.0,6.0,1.0,1.0,2.0,2.0,N,1953,2012,N,2019.0,O,0,0,0,0,0,0,0,1,1,0.0,0.0,0.0
72344002,O,Motor Vehicle,DAC,,20190424,1341.0,N,Y,0.001,0,0,2,2.0,N,N,Y,37.63223,-84.7516,1.0,3.0,6.0,1.0,1.0,2.0,2.0,N,1351,1355,N,2019.0,O,0,0,1,0,0,0,1,0,0,0.0,0.0,0.0
72344187,C,Motor Vehicle,Non DAC,,20190420,304.0,N,N,2.094,1,0,1,1.0,N,N,Y,37.67456,-84.76466,9.0,2.0,4.0,1.0,5.0,6.0,6.0,Y,305,309,N,2019.0,C,0,0,0,0,0,0,0,0,1,1.0,1.0,0.0
72344383,O,Motor Vehicle,DAC,,20190425,1421.0,N,Y,0.247,0,0,2,2.0,N,N,Y,37.64973,-84.78253,5.0,2.0,6.0,1.0,1.0,2.0,2.0,N,1421,1427,N,2019.0,O,0,0,0,0,0,0,1,1,0,0.0,0.0,0.0
72344483,O,Motor Vehicle,DAC,,20190425,2154.0,N,Y,0.204,0,0,2,2.0,N,N,Y,37.61673,-84.77077,1.0,2.0,5.0,1.0,5.0,6.0,6.0,N,2155,2201,N,2019.0,O,0,0,1,0,0,0,1,1,0,0.0,0.0,0.0
72345176,O,Motor Vehicle,DAC,,20190427,1322.0,N,Y,0.188,0,0,2,2.0,N,N,Y,37.61678,-84.77028,2.0,2.0,6.0,1.0,1.0,2.0,2.0,N,1322,1330,N,2019.0,O,0,0,0,1,0,0,1,0,0,0.0,0.0,0.0
72345675,O,Motor Vehicle,DAC,,20190428,1930.0,N,Y,5.328,0,0,2,2.0,N,Y,Y,37.64469,-84.77258,1.0,2.0,6.0,1.0,1.0,2.0,2.0,N,1932,1934,N,2019.0,O,0,0,0,1,0,0,1,0,0,0.0,0.0,0.0
72346035,O,Motor Vehicle,DAC,,20190429,1724.0,N,N,0.0,0,0,2,2.0,N,N,Y,37.64628,-84.77949,5.0,2.0,6.0,1.0,1.0,2.0,2.0,N,1724,1729,N,2019.0,O,0,0,0,0,0,0,1,0,0,0.0,0.0,0.0
72346262,O,Motor Vehicle,DAC,ANGLE,20190430,1154.0,N,N,3.668,0,0,2,2.0,N,N,Y,37.62061,-84.7746,1.0,2.0,6.0,1.0,1.0,2.0,2.0,N,1154,1202,N,2019.0,O,0,0,0,0,0,0,1,0,0,0.0,0.0,0.0
72346377,O,Motor Vehicle,DAC,,20190430,1531.0,N,N,0.075,0,0,2,2.0,N,N,Y,37.64885,-84.76789,5.0,2.0,6.0,1.0,1.0,2.0,2.0,N,1531,1538,N,2019.0,O,0,0,1,0,0,0,1,0,0,0.0,0.0,0.0
72347486,O,Motor Vehicle,DAC,,20190502,1823.0,N,N,0.078,0,0,4,4.0,N,N,Y,37.64886,-84.77052,5.0,2.0,6.0,1.0,5.0,3.0,2.0,N,1823,1826,N,2019.0,O,0,0,1,0,0,0,1,0,0,0.0,0.0,0.0
72347556,O,Motor Vehicle,DAC,,20190502,1422.0,N,N,0.038,0,0,2,2.0,Y,N,Y,37.64567,-84.77879,5.0,1.0,6.0,1.0,5.0,3.0,2.0,N,1427,1428,N,2019.0,O,0,0,0,0,0,0,1,0,0,0.0,0.0,0.0
72347790,O,Motor Vehicle,Non DAC,,20190502,1551.0,N,Y,0.004,0,0,2,2.0,N,N,Y,37.64773,-84.79239,5.0,2.0,6.0,1.0,5.0,6.0,2.0,N,1551,1553,N,2019.0,O,0,0,0,1,0,0,1,0,0,0.0,0.0,0.0
72347912,B,Motor Vehicle,DAC,ANGLE,20190502,1351.0,N,Y,0.637,1,0,2,2.0,N,N,Y,37.61969,-84.76324,1.0,8.0,6.0,1.0,1.0,3.0,2.0,Y,1351,1355,N,2019.0,B,0,0,0,0,0,0,1,1,0,0.0,0.0,0.0
72347913,O,Motor Vehicle,DAC,REAR END,20190502,1611.0,N,Y,3.505,0,0,2,2.0,N,N,Y,37.6183,-84.77468,5.0,2.0,6.0,1.0,5.0,6.0,2.0,N,1611,1618,N,2019.0,O,0,0,1,0,0,0,1,0,0,0.0,0.0,0.0
72347940,O,Motor Vehicle,DAC,REAR END,20190503,1309.0,N,Y,0.01,0,0,2,2.0,N,N,Y,37.61804,-84.77142,5.0,2.0,4.0,1.0,5.0,3.0,2.0,N,1309,1310,N,2019.0,O,0,0,0,0,0,0,1,1,0,0.0,0.0,0.0
72348188,O,Motor Vehicle,DAC,,20190502,1318.0,N,Y,5.197,0,0,2,2.0,N,N,Y,37.64289,-84.77433,8.0,2.0,6.0,1.0,1.0,2.0,2.0,N,1318,1321,N,2019.0,O,0,0,0,0,0,0,1,0,0,0.0,0.0,0.0