MasterFile,KABCO_Mod,Mode,Disadvantaged Com ID,MannerofCollision_Real,CollisionDate,CollisionTime,ParkingLotIndicator,IntersectionWith_Indicator_,Milepoint,NumberInjured,NumberKilled,ofUnits,ofMotorVeh,Hit&RunIndicator,OneWayIndicator,InCityLimitsIndicator,Latitude,Longitude,MannerofCollisionCode,TotalLanes,RoadwayCharacterCode,RoadwaySurfaceCode,RoadwayConditionCode,WeatherCode,LightConditionCode,FirstAidSceneIndicator,TimeNotified,TimeArrived,MedianCros,YR,KABCO,Motorcyclist,CommercialVehicle,YoungDriver,MatureDriver,Pedestrian,Bicyclist,Distracted,agressive,Impaired,Unrestrain,RoadwayDep,MedXover
72348253,O,Motor Vehicle,DAC,,20190503,1020.0,N,Y,0.205,0,0,2,2.0,N,N,Y,37.61674,-84.77076,1.0,2.0,5.0,1.0,5.0,6.0,2.0,N,957,1002,N,2019.0,O,0,0,0,0,0,0,1,0,0,0.0,0.0,0.0
72348254,B,Motor Vehicle,DAC,,20190504,1127.0,N,Y,5.332,2,0,2,2.0,N,Y,Y,37.6448,-84.77415,8.0,2.0,6.0,1.0,1.0,3.0,2.0,Y,1129,1132,N,2019.0,B,0,0,0,0,0,0,0,1,0,0.0,0.0,0.0
72348297,O,Motorcyclist,DAC,,20190503,2140.0,N,Y,0.025,0,0,2,2.0,Y,N,Y,37.64903,-84.77162,2.0,0.0,6.0,1.0,1.0,2.0,5.0,N,2140,2200,N,2019.0,H,1,0,0,0,0,0,0,0,0,0.0,0.0,0.0
72348303,O,Motor Vehicle,DAC,,20190504,1154.0,N,Y,5.626,0,0,4,4.0,N,N,Y,37.64605,-84.77589,5.0,2.0,6.0,1.0,5.0,3.0,2.0,N,1153,1153,N,2019.0,O,0,0,1,0,0,0,1,1,0,0.0,0.0,0.0
72348337,O,Motor Vehicle,Non DAC,,20190504,1428.0,N,N,3.212,0,0,2,2.0,N,N,Y,37.64878,-84.80324,5.0,4.0,6.0,1.0,5.0,6.0,2.0,N,1628,1637,N,2019.0,O,0,0,0,0,0,0,1,0,0,0.0,0.0,0.0
72349092,O,Motor Vehicle,DAC,REAR END,20190504,1303.0,N,Y,3.494,0,0,2,2.0,N,N,Y,37.61814,-84.77464,5.0,2.0,6.0,1.0,5.0,6.0,2.0,N,1303,1312,N,2019.0,O,0,0,0,1,0,0,0,0,0,0.0,0.0,0.0
72349093,O,Motor Vehicle,DAC,,20190505,1442.0,N,Y,5.332,0,0,2,2.0,N,Y,Y,37.6448,-84.77415,8.0,2.0,6.0,1.0,1.0,3.0,2.0,N,1442,1445,N,2019.0,O,0,0,0,0,0,0,0,0,0,0.0,0.0,0.0
72349206,O,Motor Vehicle,DAC,,20190506,1638.0,N,N,0.07,0,0,2,2.0,N,N,Y,37.64889,-84.77068,5.0,2.0,6.0,1.0,1.0,2.0,2.0,N,1638,1644,N,2019.0,O,0,0,0,0,0,0,1,1,0,0.0,0.0,0.0
72349245,O,Motor Vehicle,Non DAC,,20190506,1505.0,N,Y,18.325,0,0,2,2.0,N,N,Y,37.61733,-84.79859,7.0,2.0,1.0,1.0,1.0,2.0,2.0,N,1507,1510,N,2019.0,O,0,0,0,1,0,0,1,0,0,0.0,0.0,0.0
72349275,B,Motor Vehicle,DAC,OPPOPSING LEFT TURN,20190506,1624.0,N,Y,0.177,1,0,2,2.0,N,N,Y,37.61799,-84.7714,4.0,6.0,6.0,1.0,1.0,2.0,2.0,Y,1614,1618,N,2019.0,B,0,0,0,0,0,0,1,1,0,0.0,0.0,0.0
72349457,O,Motor Vehicle,DAC,,20190507,1000.0,N,Y,4.915,0,0,2,2.0,N,Y,Y,37.63885,-84.77469,8.0,2.0,6.0,1.0,1.0,2.0,2.0,N,1000,1003,N,2019.0,O,0,0,0,1,0,0,1,1,0,0.0,0.0,0.0
72349522,O,Motor Vehicle,DAC,,20190507,927.0,N,N,14.025,0,0,2,2.0,Y,N,Y,37.6431,-84.76497,8.0,2.0,6.0,1.0,1.0,2.0,2.0,N,927,931,N,2019.0,H,0,0,0,0,0,0,1,0,0,0.0,0.0,0.0
72349523,O,Motor Vehicle,Non DAC,,20190507,1020.0,N,N,3.312,0,0,2,2.0,N,N,Y,37.65022,-84.80328,5.0,4.0,6.0,1.0,1.0,2.0,2.0,N,1020,1020,N,2019.0,O,0,0,0,0,0,0,1,0,0,0.0,0.0,0.0
72349526,O,Motor Vehicle,DAC,,20190507,1130.0,N,Y,5.328,0,0,2,2.0,N,N,Y,37.6447,-84.77255,1.0,2.0,6.0,1.0,1.0,2.0,2.0,N,1130,1135,N,2019.0,O,0,0,0,1,0,0,1,1,0,0.0,0.0,0.0
72349813,B,Bicyclist,DAC,,20190507,1846.0,N,Y,5.683,1,0,2,1.0,N,N,Y,37.64611,-84.77719,9.0,2.0,6.0,1.0,1.0,2.0,2.0,Y,1847,1847,N,2019.0,B,0,0,0,0,0,1,0,0,0,0.0,0.0,0.0
72349946,O,Motor Vehicle,DAC,,20190508,800.0,N,Y,0.113,0,0,2,2.0,N,N,Y,37.64722,-84.77071,1.0,2.0,4.0,1.0,1.0,2.0,2.0,N,803,805,N,2019.0,O,0,0,0,0,0,0,0,1,0,0.0,0.0,0.0
72349952,O,Motor Vehicle,Non DAC,,20190508,800.0,N,N,0.054,0,0,2,2.0,N,N,Y,37.64203,-84.7631,8.0,2.0,6.0,1.0,1.0,2.0,2.0,N,800,804,N,2019.0,O,0,0,0,0,0,0,1,0,0,0.0,0.0,0.0
72349962,O,Motor Vehicle,Non DAC,,20190508,756.0,N,Y,12.263,0,0,2,2.0,N,N,Y,37.62898,-84.79761,5.0,3.0,6.0,1.0,1.0,2.0,2.0,N,757,805,N,2019.0,O,0,0,1,0,0,0,1,0,0,0.0,0.0,0.0
72350398,O,Motor Vehicle,DAC,,20190508,731.0,N,Y,6.025,0,0,2,2.0,N,N,Y,37.64716,-84.78242,5.0,2.0,6.0,1.0,1.0,2.0,2.0,N,731,732,N,2019.0,O,0,0,1,0,0,0,1,0,0,0.0,0.0,0.0
72350402,O,Motor Vehicle,DAC,SIDESWIPE-SAME DIRECTION,20190508,1249.0,N,Y,3.478,0,0,2,2.0,N,N,Y,37.61792,-84.77465,8.0,2.0,6.0,1.0,1.0,2.0,2.0,N,1249,1255,N,2019.0,O,0,0,0,0,0,0,1,0,0,0.0,0.0,0.0
72350451,O,Motor Vehicle,Non DAC,,20190509,810.0,N,Y,13.278,0,0,2,2.0,N,N,Y,37.64575,-84.78643,5.0,2.0,6.0,1.0,1.0,2.0,2.0,N,810,814,N,2019.0,O,0,0,0,0,0,0,1,1,0,0.0,0.0,0.0
72350530,O,Motor Vehicle,DAC,,20190509,1333.0,N,N,5.235,0,0,2,2.0,N,N,Y,37.64322,-84.77271,5.0,2.0,6.0,1.0,1.0,3.0,2.0,N,1335,1335,N,2019.0,O,0,0,0,0,0,0,1,1,0,0.0,0.0,0.0
72351001,O,Motor Vehicle,DAC,,20190510,844.0,N,Y,4.622,0,0,1,1.0,N,N,Y,37.63435,-84.7751,9.0,2.0,5.0,1.0,1.0,3.0,2.0,N,844,854,N,2019.0,O,0,0,0,0,0,0,0,0,0,0.0,0.0,0.0
72351134,O,Motor Vehicle,Non DAC,,20190108,1540.0,N,Y,1.534,0,0,2,2.0,N,N,N,37.61911,-84.82879,7.0,2.0,6.0,1.0,1.0,2.0,2.0,N,1540,1549,N,2019.0,O,0,0,0,1,0,0,0,0,0,0.0,0.0,0.0
72351195,O,Motor Vehicle,DAC,REAR END,20190510,1533.0,N,Y,0.3,0,0,2,2.0,N,N,Y,37.61696,-84.77988,5.0,2.0,6.0,1.0,1.0,2.0,2.0,N,1534,1543,N,2019.0,O,0,0,1,0,0,0,1,0,0,0.0,0.0,0.0
72351257,B,Motor Vehicle,Non DAC,,20190510,1621.0,N,Y,1.911,1,0,2,2.0,N,N,Y,37.63037,-84.79855,5.0,2.0,6.0,1.0,1.0,3.0,2.0,Y,1621,1625,N,2019.0,B,0,0,0,0,0,0,1,0,0,0.0,0.0,0.0
72351360,O,Motor Vehicle,Non DAC,,20190510,2113.0,N,N,15.497,0,0,2,2.0,N,N,Y,37.66391,-84.7429,8.0,4.0,6.0,1.0,1.0,2.0,6.0,N,2113,2118,N,2019.0,O,0,0,1,0,0,0,1,1,0,0.0,1.0,0.0
72351513,O,Motor Vehicle,DAC,,20190511,1352.0,N,Y,0.025,0,0,2,2.0,N,N,Y,37.63012,-84.77157,6.0,2.0,6.0,1.0,1.0,3.0,2.0,N,1354,1401,N,2019.0,O,0,0,0,0,0,0,1,0,0,0.0,0.0,0.0
72352102,O,Motor Vehicle,Non DAC,,20190513,136.0,N,Y,0.001,0,0,5,5.0,N,N,Y,37.65958,-84.78307,5.0,1.0,6.0,1.0,1.0,3.0,5.0,N,139,144,N,2019.0,O,0,0,0,0,0,0,0,1,1,0.0,0.0,0.0
72352197,O,Motor Vehicle,Non DAC,,20190511,851.0,N,N,7.297,0,0,1,1.0,N,N,Y,37.66544,-84.7844,9.0,2.0,1.0,1.0,5.0,3.0,2.0,N,855,900,N,2019.0,O,0,0,0,0,0,0,0,0,0,0.0,1.0,0.0
72352296,O,Motor Vehicle,Non DAC,,20190513,1058.0,N,N,0.102,0,0,2,2.0,N,N,Y,37.64537,-84.76475,2.0,2.0,6.0,1.0,1.0,2.0,2.0,N,1059,1104,N,2019.0,O,0,0,0,0,0,0,1,0,0,0.0,0.0,0.0
72352644,O,Motor Vehicle,DAC,,20190513,1326.0,N,Y,5.33,0,0,2,2.0,N,N,Y,37.64482,-84.77417,1.0,2.0,6.0,1.0,1.0,3.0,2.0,N,1326,1331,N,2019.0,O,0,0,1,0,0,0,1,1,0,0.0,0.0,0.0
72352699,O,Motor Vehicle,Non DAC,,20190514,1256.0,N,Y,0.162,0,0,2,2.0,N,N,Y,37.65617,-84.80055,1.0,2.0,6.0,1.0,1.0,2.0,2.0,N,1256,1306,N,2019.0,O,0,0,1,0,0,0,1,1,0,0.0,0.0,0.0
72352791,O,Motor Vehicle,DAC,,20190514,1729.0,N,N,0.14,0,0,3,3.0,N,N,Y,37.64876,-84.76909,5.0,2.0,6.0,1.0,1.0,2.0,2.0,N,1729,1729,N,2019.0,O,0,0,0,0,0,0,1,0,0,0.0,0.0,0.0
72352867,O,Motor Vehicle,Non DAC,,20190514,1741.0,N,N,12.263,0,0,2,2.0,N,N,Y,37.64846,-84.80416,5.0,4.0,6.0,1.0,1.0,2.0,2.0,N,1742,1746,N,2019.0,O,0,0,1,0,0,0,1,0,0,0.0,0.0,0.0
72353272,O,Motor Vehicle,DAC,,20190515,1804.0,N,N,13.816,0,0,2,2.0,N,N,Y,37.64545,-84.76703,5.0,4.0,6.0,1.0,1.0,2.0,2.0,N,1806,1811,N,2019.0,O,0,0,0,0,0,0,1,1,0,0.0,0.0,0.0
72353281,O,Motor Vehicle,DAC,SIDESWIPE-SAME DIRECTION,20190515,1854.0,N,Y,0.168,0,0,2,2.0,N,N,Y,37.61718,-84.77751,8.0,5.0,6.0,1.0,1.0,2.0,2.0,N,1854,1901,N,2019.0,O,0,1,0,0,0,0,1,0,0,0.0,0.0,0.0
72353332,O,Motor Vehicle,DAC,,20190515,1232.0,N,Y,5.523,0,0,2,2.0,N,N,Y,37.64593,-84.77404,1.0,2.0,6.0,1.0,1.0,3.0,2.0,N,1232,1232,N,2019.0,O,0,0,0,0,0,0,1,1,0,0.0,0.0,0.0
72353583,O,Motor Vehicle,Non DAC,,20190516,1226.0,N,N,7.318,0,0,1,1.0,N,N,Y,37.66574,-84.78447,9.0,2.0,1.0,1.0,1.0,2.0,2.0,N,1226,1231,N,2019.0,O,0,0,1,0,0,0,0,0,0,0.0,1.0,0.0
72353658,O,Motor Vehicle,DAC,,20190516,1626.0,N,Y,0.072,0,0,2,2.0,N,N,Y,37.64883,-84.77031,5.0,2.0,6.0,1.0,1.0,2.0,2.0,N,1628,1634,N,2019.0,O,0,0,1,0,0,0,1,1,0,0.0,0.0,0.0
72354080,O,Motor Vehicle,Non DAC,,20190514,1445.0,N,Y,13.143,0,0,2,2.0,N,N,Y,37.64634,-84.78847,1.0,2.0,6.0,1.0,1.0,2.0,2.0,N,1447,1454,N,2019.0,O,0,0,0,0,0,0,0,0,0,0.0,0.0,0.0
72354124,O,Motor Vehicle,DAC,,20190517,1005.0,N,Y,0.077,0,0,2,2.0,N,N,Y,37.64458,-84.77097,1.0,2.0,6.0,1.0,1.0,2.0,2.0,N,1005,1010,N,2019.0,O,0,0,1,0,0,0,1,1,0,0.0,0.0,0.0
72354519,O,Motor Vehicle,DAC,,20190518,1523.0,N,N,4.173,0,0,2,2.0,N,N,Y,37.62785,-84.77476,7.0,5.0,6.0,1.0,1.0,2.0,2.0,N,1524,1526,N,2019.0,O,0,0,0,0,0,0,1,1,0,0.0,1.0,0.0
72354563,O,Motor Vehicle,DAC,SIDESWIPE-SAME DIRECTION,20190518,1528.0,N,Y,3.489,0,0,2,2.0,N,N,Y,37.61807,-84.7746,8.0,2.0,6.0,1.0,1.0,2.0,2.0,N,1530,1531,N,2019.0,O,0,0,0,1,0,0,1,0,0,0.0,0.0,0.0
72354596,O,Motor Vehicle,DAC,,20190518,1834.0,N,N,0.25,0,0,2,2.0,N,N,Y,37.62063,-84.77887,2.0,2.0,6.0,1.0,1.0,2.0,2.0,N,1836,1843,N,2019.0,O,0,0,0,0,0,0,1,1,0,0.0,0.0,0.0
72354855,O,Motor Vehicle,DAC,,20190518,1156.0,N,Y,0.323,0,0,2,2.0,N,N,Y,37.6496,-84.78142,2.0,1.0,6.0,1.0,1.0,2.0,2.0,N,1156,1203,N,2019.0,O,0,1,0,1,0,0,1,1,0,0.0,0.0,0.0
72355316,O,Motor Vehicle,DAC,,20190520,1600.0,N,N,3.875,0,0,2,2.0,N,N,Y,37.62358,-84.77463,8.0,4.0,6.0,1.0,1.0,2.0,2.0,N,1532,1536,N,2019.0,O,0,0,0,0,0,0,1,1,0,0.0,1.0,0.0
72355323,O,Motor Vehicle,DAC,,20190520,1211.0,N,Y,4.195,0,0,2,2.0,N,N,Y,37.62892,-84.77481,5.0,2.0,6.0,1.0,1.0,2.0,2.0,N,1211,1211,N,2019.0,O,0,0,0,1,0,0,1,1,0,0.0,0.0,0.0
72355727,O,Motor Vehicle,DAC,,20190520,1249.0,N,Y,4.297,0,0,2,2.0,N,N,Y,37.62964,-84.77481,1.0,2.0,6.0,1.0,1.0,2.0,2.0,N,1249,1253,N,2019.0,O,0,0,0,1,0,0,0,0,0,0.0,0.0,0.0
72356176,O,Motorcyclist,Non DAC,,20190522,1420.0,N,Y,1.224,0,0,2,2.0,N,N,Y,37.6212,-84.79411,8.0,6.0,4.0,1.0,1.0,2.0,2.0,N,1420,1430,N,2019.0,O,1,0,0,1,0,0,1,1,0,0.0,0.0,0.0
72356179,O,Motor Vehicle,Non DAC,,20190513,2319.0,N,N,0.079,0,0,2,2.0,N,N,Y,37.66918,-84.77641,5.0,2.0,4.0,1.0,1.0,3.0,5.0,N,2321,2332,N,2019.0,O,0,0,1,0,0,0,1,0,0,0.0,0.0,0.0
72356338,O,Motor Vehicle,DAC,SIDESWIPE-SAME DIRECTION,20190522,1637.0,N,Y,0.011,0,0,2,2.0,N,N,Y,37.61767,-84.77426,8.0,7.0,6.0,1.0,1.0,2.0,2.0,N,1639,1648,N,2019.0,O,0,1,0,0,0,0,1,1,0,0.0,0.0,0.0
72356433,O,Motor Vehicle,DAC,,20190523,445.0,N,N,4.66,0,0,1,1.0,N,N,Y,37.6349,-84.77505,9.0,2.0,4.0,1.0,1.0,2.0,5.0,N,445,448,N,2019.0,O,0,0,0,0,0,0,0,0,0,0.0,0.0,0.0
72357075,C,Motor Vehicle,Non DAC,,20190524,1042.0,N,Y,3.746,1,0,2,2.0,N,N,Y,37.65551,-84.79927,1.0,5.0,6.0,1.0,1.0,2.0,2.0,Y,1042,1043,N,2019.0,C,0,0,1,1,0,0,1,1,0,0.0,0.0,0.0
72359661,O,Motor Vehicle,DAC,,20190529,1437.0,N,N,4.723,0,0,2,2.0,N,Y,Y,37.63586,-84.775,5.0,2.0,4.0,1.0,5.0,6.0,2.0,N,1438,1441,N,2019.0,O,0,0,1,0,0,0,0,0,0,0.0,0.0,0.0
72360004,O,Motor Vehicle,DAC,REAR END,20190530,1555.0,N,N,3.405,0,0,2,2.0,N,N,Y,37.61688,-84.77444,5.0,2.0,6.0,1.0,5.0,6.0,2.0,N,1555,1600,N,2019.0,O,0,0,0,0,0,0,1,0,0,0.0,0.0,0.0
72360263,O,Motor Vehicle,DAC,,20190531,1100.0,N,Y,0.219,0,0,2,2.0,N,N,Y,37.64893,-84.77216,5.0,2.0,6.0,1.0,1.0,2.0,2.0,N,1100,1106,N,2019.0,O,0,0,1,0,0,0,1,0,0,0.0,0.0,0.0
72360500,C,Motor Vehicle,DAC,,20190531,558.0,N,N,0.04,1,0,1,1.0,N,N,Y,37.62738,-84.76331,9.0,1.0,4.0,1.0,1.0,2.0,1.0,Y,558,604,N,2019.0,C,0,0,0,0,0,0,0,0,0,0.0,1.0,0.0
72360695,O,Motor Vehicle,DAC,SIDESWIPE-SAME DIRECTION,20190531,726.0,N,Y,3.375,0,0,2,2.0,N,N,Y,37.61644,-84.77442,8.0,2.0,6.0,1.0,1.0,2.0,2.0,N,726,733,N,2019.0,O,0,0,0,0,0,0,1,1,0,0.0,0.0,0.0
72361222,B,Motor Vehicle,DAC,,20190528,1629.0,N,Y,6.778,2,0,8,8.0,N,N,Y,37.65795,-84.78355,1.0,2.0,6.0,1.0,1.0,2.0,2.0,Y,1629,1632,N,2019.0,B,0,0,0,0,0,0,0,0,0,1.0,0.0,0.0
72361341,O,Motor Vehicle,Non DAC,,20190603,920.0,N,Y,13.274,0,0,2,2.0,N,N,Y,37.64573,-84.78651,6.0,2.0,2.0,1.0,1.0,2.0,2.0,N,922,925,N,2019.0,O,0,0,0,0,0,0,1,0,0,0.0,0.0,0.0
72361644,O,Motor Vehicle,DAC,,20190603,1714.0,N,Y,5.248,0,0,2,2.0,N,N,Y,37.64377,-84.77427,1.0,2.0,6.0,1.0,1.0,2.0,2.0,N,1714,1715,N,2019.0,O,0,0,0,0,0,0,1,0,0,0.0,0.0,0.0
72362155,O,Motor Vehicle,DAC,REAR END,20190604,1724.0,N,Y,0.785,0,0,2,2.0,N,N,Y,37.62092,-84.75309,5.0,2.0,6.0,1.0,1.0,2.0,2.0,N,1729,1735,N,2019.0,O,0,0,0,0,0,0,1,0,0,0.0,0.0,0.0
72362528,O,Motor Vehicle,DAC,,20190605,1712.0,N,N,13.648,0,0,2,2.0,N,N,Y,37.64574,-84.76657,2.0,2.0,4.0,1.0,1.0,3.0,2.0,N,1712,1713,N,2019.0,O,0,0,0,0,0,0,1,0,0,0.0,0.0,0.0
72363189,O,Motor Vehicle,Non DAC,,20190607,500.0,N,Y,2.648,0,0,1,1.0,N,N,Y,37.64066,-84.80265,9.0,4.0,4.0,1.0,5.0,6.0,6.0,N,503,509,N,2019.0,O,0,0,0,0,0,0,0,0,0,0.0,0.0,0.0
72363284,O,Motor Vehicle,DAC,SIDESWIPE-SAME DIRECTION,20190607,917.0,N,N,3.254,0,0,2,2.0,N,N,Y,37.61467,-84.77447,8.0,2.0,6.0,1.0,5.0,6.0,2.0,N,918,924,N,2019.0,O,0,0,0,1,0,0,1,1,0,0.0,1.0,0.0
72363434,O,Motor Vehicle,Non DAC,,20190607,1135.0,N,Y,1.241,0,0,3,3.0,N,N,Y,37.6212,-84.79427,5.0,4.0,6.0,1.0,5.0,6.0,2.0,N,1126,1135,N,2019.0,O,0,0,0,0,0,0,0,0,0,0.0,0.0,0.0
72363697,O,Motor Vehicle,DAC,REAR END,20190607,2032.0,N,N,0.035,0,0,2,2.0,N,N,Y,37.61757,-84.7751,5.0,6.0,6.0,1.0,5.0,3.0,3.0,N,2032,2041,N,2019.0,O,0,0,0,0,0,0,1,1,0,0.0,0.0,0.0
72363954,O,Motor Vehicle,DAC,REAR END,20190607,1230.0,N,Y,3.397,0,0,2,2.0,N,N,Y,37.61676,-84.77443,5.0,2.0,6.0,1.0,5.0,6.0,2.0,N,1230,1239,N,2019.0,O,0,0,0,0,0,0,1,0,0,0.0,0.0,0.0
72364186,O,Motor Vehicle,DAC,,20190608,2330.0,N,N,0.33,0,0,2,2.0,N,N,Y,37.62355,-84.76284,2.0,1.0,6.0,1.0,5.0,2.0,6.0,N,2345,2353,N,2019.0,O,0,0,0,0,0,0,1,0,0,0.0,0.0,0.0
72364342,O,Motor Vehicle,DAC,,20190605,1351.0,N,Y,5.211,0,0,2,2.0,Y,Y,Y,37.64286,-84.77275,1.0,2.0,6.0,1.0,1.0,2.0,2.0,N,1354,1359,N,2019.0,O,0,0,0,1,0,0,1,0,0,0.0,0.0,0.0
72364362,O,Motor Vehicle,Non DAC,,20190605,2226.0,N,Y,3.442,0,0,1,1.0,N,N,Y,37.65209,-84.80267,9.0,2.0,6.0,1.0,5.0,3.0,6.0,N,2226,2228,N,2019.0,O,0,0,0,0,0,0,0,0,0,0.0,0.0,0.0
72364728,O,Motor Vehicle,Non DAC,,20190607,1638.0,N,N,12.193,0,0,1,1.0,N,N,Y,37.64851,-84.80544,9.0,2.0,6.0,1.0,5.0,6.0,2.0,N,1638,1641,N,2019.0,O,0,0,0,0,0,0,1,1,0,0.0,1.0,0.0
72364836,O,Motor Vehicle,DAC,,20190609,1756.0,N,Y,5.522,0,0,2,2.0,N,N,Y,37.64593,-84.77401,1.0,4.0,6.0,1.0,1.0,2.0,2.0,N,1756,1800,N,2019.0,O,0,0,1,1,0,0,1,1,0,0.0,0.0,0.0
72365020,O,Motor Vehicle,DAC,,20190610,1808.0,N,Y,5.242,0,0,2,2.0,N,N,Y,37.64433,-84.77259,5.0,2.0,3.0,1.0,1.0,2.0,2.0,N,1809,1815,N,2019.0,O,0,0,0,0,0,0,1,1,0,0.0,0.0,0.0
72365276,O,Motor Vehicle,Non DAC,,20190611,1211.0,N,Y,0.0,0,0,2,2.0,N,N,Y,37.66891,-84.77472,1.0,2.0,4.0,1.0,1.0,2.0,2.0,N,1211,1233,N,2019.0,O,0,0,1,0,0,0,1,0,0,0.0,0.0,0.0
72365671,O,Motor Vehicle,DAC,,20190606,1345.0,N,Y,5.124,0,0,2,2.0,N,Y,Y,37.64196,-84.77444,1.0,2.0,4.0,1.0,1.0,3.0,2.0,N,1350,1406,N,2019.0,O,0,0,0,0,0,0,1,1,0,0.0,0.0,0.0
72365676,B,Motor Vehicle,DAC,OPPOPSING LEFT TURN,20190611,1540.0,N,Y,0.622,2,0,2,2.0,N,N,Y,37.61992,-84.76335,4.0,4.0,6.0,1.0,1.0,2.0,2.0,N,1540,1545,N,2019.0,B,0,0,0,0,0,0,1,1,0,0.0,0.0,0.0
72365730,O,Motor Vehicle,DAC,,20190612,1120.0,N,Y,13.599,0,0,2,2.0,N,N,Y,37.64571,-84.77084,1.0,4.0,6.0,1.0,1.0,2.0,2.0,N,1120,1122,N,2019.0,O,0,0,0,0,0,0,1,1,0,0.0,0.0,0.0
72365776,O,Motor Vehicle,DAC,,20190612,1339.0,N,Y,5.062,0,0,2,2.0,N,Y,Y,37.64187,-84.77434,8.0,2.0,6.0,1.0,1.0,3.0,2.0,N,1340,1346,N,2019.0,O,0,0,0,1,0,0,1,0,0,0.0,0.0,0.0
72365788,O,Motor Vehicle,Non DAC,,20190612,1253.0,N,Y,1.497,0,0,2,2.0,N,N,Y,37.6667,-84.76789,5.0,2.0,6.0,1.0,1.0,2.0,2.0,N,1216,1221,N,2019.0,O,0,0,1,0,0,0,1,1,0,0.0,0.0,0.0
72366493,C,Motor Vehicle,Non DAC,,20190613,2354.0,N,Y,2.55,1,0,1,1.0,N,N,Y,37.63921,-84.80211,9.0,4.0,4.0,1.0,1.0,2.0,6.0,Y,2354,5,N,2019.0,C,0,0,0,1,0,0,0,0,0,0.0,0.0,0.0
72366796,O,Motor Vehicle,DAC,,20190614,1710.0,N,Y,5.196,0,0,2,2.0,N,Y,Y,37.6429,-84.77432,8.0,2.0,6.0,1.0,1.0,2.0,2.0,N,1710,1714,N,2019.0,O,0,0,0,0,0,0,1,1,0,0.0,0.0,0.0
72366931,O,Motor Vehicle,Non DAC,,20190614,2109.0,N,N,8.217,0,0,2,2.0,N,N,Y,37.67726,-84.7911,5.0,2.0,6.0,1.0,1.0,2.0,3.0,N,2113,2117,N,2019.0,O,0,0,0,0,0,0,1,0,1,0.0,0.0,0.0
72366938,O,Motor Vehicle,DAC,,20190614,630.0,N,Y,3.909,0,0,1,1.0,N,N,Y,37.62439,-84.77467,9.0,2.0,6.0,2.0,1.0,2.0,2.0,N,630,635,N,2019.0,O,0,0,0,0,0,0,0,0,1,0.0,0.0,0.0
72367216,O,Motor Vehicle,DAC,REAR END,20190615,1531.0,N,Y,0.068,0,0,2,2.0,N,N,Y,37.61713,-84.77494,5.0,1.0,3.0,1.0,1.0,2.0,2.0,N,1531,1538,N,2019.0,O,0,0,0,0,0,0,1,1,0,0.0,0.0,0.0
72367513,O,Motor Vehicle,DAC,ANGLE,20190615,1621.0,N,N,0.587,0,0,2,2.0,N,N,Y,37.61659,-84.78658,1.0,4.0,6.0,1.0,1.0,2.0,2.0,N,1621,1630,N,2019.0,O,0,0,0,0,0,0,0,0,0,0.0,0.0,0.0
72367633,C,Motor Vehicle,Non DAC,,20190616,2311.0,N,N,7.353,1,0,1,1.0,N,N,N,37.6662,-84.78467,9.0,2.0,1.0,1.0,5.0,3.0,6.0,Y,2311,2315,N,2019.0,C,0,0,0,0,0,0,0,0,1,1.0,1.0,0.0
72367786,O,Motor Vehicle,DAC,,20190616,1116.0,N,Y,5.249,0,0,2,2.0,N,Y,Y,37.64376,-84.77424,1.0,2.0,4.0,1.0,1.0,3.0,2.0,Y,1117,1119,N,2019.0,O,0,1,0,0,0,0,1,0,0,0.0,0.0,0.0
72367992,O,Motor Vehicle,DAC,,20190617,1626.0,N,Y,4.577,0,0,1,1.0,N,N,Y,37.63369,-84.77508,9.0,2.0,6.0,1.0,1.0,2.0,2.0,N,1626,1632,N,2019.0,O,0,0,0,0,0,0,0,0,0,0.0,0.0,0.0
72368179,O,Motor Vehicle,DAC,,20190618,811.0,N,N,0.141,0,0,1,1.0,Y,N,Y,37.64143,-84.77704,9.0,2.0,6.0,1.0,0.0,0.0,9.0,N,811,813,N,2019.0,O,0,0,0,0,0,0,1,0,0,0.0,1.0,0.0
72368407,O,Motor Vehicle,DAC,ANGLE,20190618,1603.0,N,Y,3.516,0,0,2,2.0,N,N,Y,37.61849,-84.77456,1.0,6.0,6.0,1.0,1.0,3.0,2.0,N,1603,1613,N,2019.0,O,0,0,0,1,0,0,1,1,0,0.0,0.0,0.0
72368678,O,Motor Vehicle,DAC,,20190614,0.0,N,N,4.374,0,0,2,2.0,N,N,Y,37.63079,-84.77481,5.0,2.0,6.0,1.0,1.0,2.0,2.0,N,1300,1304,N,2019.0,O,0,0,0,0,0,0,1,0,0,0.0,0.0,0.0
72368679,C,Motor Vehicle,DAC,,20190617,1600.0,N,Y,4.942,2,0,2,2.0,N,N,Y,37.6387,-84.77315,1.0,2.0,6.0,1.0,1.0,3.0,2.0,Y,1600,1603,N,2019.0,C,0,0,1,0,0,0,1,1,0,0.0,0.0,0.0
72369372,O,Motor Vehicle,DAC,,20190620,1645.0,N,N,0.571,0,0,1,1.0,N,N,Y,37.64928,-84.77637,9.0,2.0,4.0,1.0,1.0,2.0,2.0,Y,1645,1700,N,2019.0,O,0,0,0,0,0,0,0,0,0,1.0,1.0,0.0