MasterFile,KABCO_Mod,Mode,Disadvantaged Com ID,MannerofCollision_Real,CollisionDate,CollisionTime,ParkingLotIndicator,IntersectionWith_Indicator_,Milepoint,NumberInjured,NumberKilled,ofUnits,ofMotorVeh,Hit&RunIndicator,OneWayIndicator,InCityLimitsIndicator,Latitude,Longitude,MannerofCollisionCode,TotalLanes,RoadwayCharacterCode,RoadwaySurfaceCode,RoadwayConditionCode,WeatherCode,LightConditionCode,FirstAidSceneIndicator,TimeNotified,TimeArrived,MedianCros,YR,KABCO,Motorcyclist,CommercialVehicle,YoungDriver,MatureDriver,Pedestrian,Bicyclist,Distracted,agressive,Impaired,Unrestrain,RoadwayDep,MedXover
72451971,O,Motor Vehicle,DAC,,20191216,1037.0,N,N,13.594,0,0,2,2.0,N,N,Y,37.64569,-84.77073,8.0,4.0,4.0,1.0,5.0,6.0,2.0,N,1039,1044,N,2019.0,O,0,0,0,0,0,0,1,0,0,0.0,0.0,0.0
72452382,O,Motor Vehicle,DAC,,20191217,801.0,N,N,14.948,0,0,1,1.0,N,N,Y,37.63379,-84.75347,9.0,2.0,6.0,1.0,5.0,6.0,1.0,N,801,804,N,2019.0,O,0,0,0,0,0,0,1,0,0,0.0,1.0,0.0
72452523,O,Motor Vehicle,DAC,,20191217,1436.0,N,Y,5.668,0,0,2,2.0,N,N,Y,37.64611,-84.77665,1.0,3.0,6.0,1.0,5.0,2.0,2.0,N,1436,1438,N,2019.0,O,0,0,0,1,0,0,1,0,0,0.0,0.0,0.0
72453375,O,Motor Vehicle,DAC,,20191218,2201.0,N,Y,5.404,0,0,2,2.0,N,N,Y,37.64579,-84.77243,1.0,2.0,6.0,1.0,1.0,2.0,6.0,Y,2115,2118,N,2019.0,O,0,0,0,1,0,0,0,1,0,0.0,0.0,0.0
72453461,A,Motor Vehicle,Non DAC,,20191218,1051.0,N,N,2.465,2,0,1,1.0,N,N,Y,37.63803,-84.8017,9.0,4.0,6.0,1.0,1.0,3.0,2.0,Y,1053,1054,N,2019.0,A,0,0,0,0,0,0,0,0,0,0.0,1.0,0.0
72453531,O,Motor Vehicle,Non DAC,,20191219,1350.0,N,Y,13.26,0,0,1,1.0,N,N,Y,37.64568,-84.78676,9.0,2.0,1.0,1.0,1.0,2.0,2.0,N,1350,1353,N,2019.0,O,0,0,0,1,0,0,1,0,0,0.0,0.0,0.0
72453551,O,Motor Vehicle,DAC,,20191217,1256.0,N,N,4.246,0,0,2,2.0,Y,N,Y,37.6289,-84.77479,8.0,2.0,6.0,1.0,1.0,2.0,2.0,N,1300,1309,N,2019.0,O,0,0,0,0,0,0,0,0,0,0.0,1.0,0.0
72453749,O,Motor Vehicle,DAC,,20191219,1633.0,N,Y,13.63,0,0,2,2.0,N,N,Y,37.64547,-84.76662,6.0,2.0,4.0,1.0,1.0,2.0,2.0,N,1633,1640,N,2019.0,O,0,0,0,1,0,0,1,0,0,0.0,0.0,0.0
72453834,O,Motor Vehicle,DAC,,20191219,1814.0,N,Y,0.18,0,0,3,3.0,N,N,Y,37.63882,-84.7747,1.0,4.0,6.0,1.0,1.0,2.0,6.0,N,1815,1818,N,2019.0,O,0,0,1,0,0,0,1,1,0,0.0,0.0,0.0
72454002,O,Motor Vehicle,DAC,REAR END,20191220,835.0,N,N,0.578,0,0,2,2.0,N,N,Y,37.61667,-84.78496,5.0,5.0,6.0,1.0,1.0,2.0,2.0,N,835,835,N,2019.0,O,0,0,0,0,0,0,1,1,0,0.0,0.0,0.0
72454255,C,Motor Vehicle,Non DAC,,20191220,1438.0,N,Y,1.25,1,0,2,2.0,N,N,Y,37.62123,-84.79399,5.0,3.0,5.0,1.0,1.0,3.0,2.0,Y,1439,1444,N,2019.0,C,0,0,1,1,0,0,1,0,0,0.0,0.0,0.0
72454256,B,Motor Vehicle,DAC,ANGLE,20191220,1459.0,N,Y,0.327,1,0,2,2.0,N,N,Y,37.61835,-84.76888,1.0,2.0,6.0,1.0,1.0,3.0,2.0,Y,1500,1503,N,2019.0,B,0,0,0,0,0,0,1,1,0,0.0,0.0,0.0
72454564,O,Motor Vehicle,DAC,,20191220,1704.0,N,Y,0.003,0,0,2,2.0,N,N,Y,37.61636,-84.77377,5.0,2.0,6.0,1.0,1.0,2.0,2.0,N,1704,1716,N,2019.0,O,0,0,1,0,0,0,1,0,0,0.0,0.0,0.0
72454905,O,Motor Vehicle,Non DAC,,20191222,1900.0,N,Y,12.313,0,0,2,2.0,N,N,Y,37.64856,-84.80326,5.0,2.0,6.0,1.0,1.0,3.0,5.0,N,1900,1905,N,2019.0,O,0,0,0,0,0,0,1,0,0,0.0,0.0,0.0
72455902,O,Motor Vehicle,DAC,,20191222,1700.0,N,Y,13.89,0,0,2,2.0,N,N,Y,37.64848,-84.76424,1.0,2.0,3.0,1.0,1.0,2.0,2.0,N,1702,1708,N,2019.0,O,0,0,1,0,0,0,0,1,0,0.0,0.0,0.0
72456558,O,Motor Vehicle,DAC,ANGLE,20191227,649.0,N,Y,0.166,0,0,2,2.0,N,N,Y,37.61737,-84.77759,1.0,5.0,6.0,1.0,1.0,3.0,5.0,N,650,652,N,2019.0,O,0,0,0,0,0,0,1,1,0,0.0,0.0,0.0
72456734,O,Motor Vehicle,DAC,,20191228,810.0,N,Y,4.848,0,0,2,2.0,N,Y,Y,37.63728,-84.77328,8.0,2.0,3.0,1.0,1.0,2.0,2.0,N,810,815,N,2019.0,O,0,0,0,0,0,0,1,0,0,0.0,0.0,0.0
72456895,O,Motor Vehicle,DAC,SINGLE VEHICLE,20191226,1610.0,N,N,0.598,0,0,1,1.0,N,N,Y,37.62003,-84.76432,9.0,2.0,6.0,1.0,1.0,2.0,2.0,N,1611,1618,N,2019.0,O,0,0,0,0,0,0,1,0,0,0.0,1.0,0.0
72457154,O,Motor Vehicle,DAC,REAR END,20191229,1344.0,N,N,0.323,0,0,2,2.0,N,N,Y,37.6184,-84.76883,5.0,4.0,6.0,1.0,5.0,6.0,2.0,N,1346,1349,N,2019.0,O,0,0,1,1,0,0,1,1,0,0.0,0.0,0.0
72457255,O,Motor Vehicle,Non DAC,,20191224,1822.0,N,N,1.299,0,0,2,2.0,N,N,Y,37.62088,-84.75121,5.0,4.0,6.0,1.0,1.0,2.0,6.0,N,1822,1828,N,2019.0,O,0,0,1,0,0,0,1,0,0,0.0,0.0,0.0
72457405,O,Motor Vehicle,DAC,REAR END,20191223,1214.0,N,Y,3.463,0,0,2,2.0,N,N,Y,37.6177,-84.77464,5.0,6.0,6.0,1.0,1.0,2.0,2.0,N,1214,1219,N,2019.0,O,0,0,0,1,0,0,1,1,0,0.0,0.0,0.0
72457557,O,Motor Vehicle,DAC,ANGLE,20191227,1926.0,N,Y,0.238,0,0,2,2.0,N,N,Y,37.61722,-84.78176,1.0,2.0,6.0,1.0,1.0,2.0,6.0,N,1925,1926,N,2019.0,O,0,0,1,0,0,0,1,1,0,0.0,0.0,0.0
72457922,O,Motor Vehicle,Non DAC,,20191231,1257.0,N,N,0.265,0,0,2,2.0,N,N,Y,37.64256,-84.74697,7.0,2.0,4.0,1.0,1.0,3.0,2.0,N,1257,1305,N,2019.0,O,0,0,0,0,0,0,0,0,0,0.0,0.0,0.0
72458124,O,Motor Vehicle,Non DAC,,20200101,356.0,N,N,13.125,0,0,1,1.0,N,N,Y,37.64636,-84.78888,9.0,2.0,1.0,1.0,1.0,2.0,6.0,N,356,340,N,2020.0,O,0,0,0,0,0,0,0,0,0,0.0,0.0,0.0
72458553,O,Motor Vehicle,DAC,,20200102,1510.0,N,N,4.153,0,0,2,2.0,N,N,Y,37.62756,-84.77476,5.0,2.0,6.0,1.0,5.0,6.0,2.0,N,1511,1520,N,2020.0,O,0,0,0,0,0,0,1,0,0,0.0,0.0,0.0
72458554,O,Motor Vehicle,DAC,REAR END,20200102,1605.0,N,Y,0.657,0,0,2,2.0,N,N,Y,37.61989,-84.76292,5.0,2.0,6.0,1.0,5.0,6.0,2.0,N,1605,1605,N,2020.0,O,0,0,1,0,0,0,1,0,0,0.0,0.0,0.0
72458702,O,Motor Vehicle,DAC,,20200102,1802.0,N,Y,5.192,0,0,2,2.0,N,Y,Y,37.64297,-84.77434,8.0,2.0,6.0,1.0,5.0,6.0,5.0,N,1804,1807,N,2020.0,O,0,0,0,0,0,0,1,1,0,0.0,0.0,0.0
72458803,O,Motor Vehicle,DAC,,20200102,2101.0,N,Y,0.152,0,0,2,2.0,N,N,Y,37.6435,-84.77107,5.0,2.0,6.0,1.0,5.0,6.0,6.0,N,2102,2104,N,2020.0,O,0,0,0,0,0,0,1,0,0,0.0,0.0,0.0
72459174,C,Motor Vehicle,Non DAC,,20200103,1850.0,N,Y,12.206,1,0,2,2.0,N,N,Y,37.64848,-84.80509,1.0,2.0,6.0,1.0,5.0,6.0,5.0,Y,1850,1855,N,2020.0,C,0,0,0,1,0,0,1,1,0,0.0,0.0,0.0
72459237,B,Motor Vehicle,DAC,ANGLE,20191231,1452.0,N,Y,0.637,3,0,2,2.0,N,N,Y,37.61989,-84.76327,1.0,6.0,6.0,1.0,1.0,2.0,2.0,Y,1452,1455,N,2019.0,B,0,0,0,0,0,0,1,1,0,0.0,0.0,0.0
72459432,O,Motor Vehicle,DAC,REAR END,20200104,1345.0,N,Y,0.011,0,0,2,2.0,N,N,Y,37.618,-84.77141,5.0,2.0,5.0,1.0,1.0,2.0,2.0,N,1345,1350,N,2020.0,O,0,0,0,1,0,0,0,0,0,0.0,0.0,0.0
72459479,O,Motor Vehicle,Non DAC,,20200104,1320.0,N,N,1.273,0,0,2,2.0,N,N,Y,37.66357,-84.7677,5.0,2.0,1.0,1.0,1.0,3.0,2.0,N,1320,1327,N,2020.0,O,0,0,1,1,0,0,1,0,0,0.0,0.0,0.0
72460082,O,Motor Vehicle,Non DAC,,20200106,855.0,N,Y,12.315,0,0,2,2.0,N,N,Y,37.64856,-84.80321,5.0,2.0,6.0,1.0,1.0,2.0,2.0,N,855,901,N,2020.0,O,0,0,0,1,0,0,1,0,0,0.0,0.0,0.0
72460105,O,Motor Vehicle,DAC,,20200106,826.0,N,Y,5.329,0,0,2,2.0,N,Y,Y,37.64477,-84.77412,1.0,4.0,6.0,1.0,1.0,2.0,2.0,N,828,831,N,2020.0,O,0,0,0,0,0,0,1,1,0,0.0,0.0,0.0
72460124,O,Motor Vehicle,Non DAC,,20200106,1342.0,N,N,0.025,0,0,2,2.0,N,N,Y,37.66334,-84.77326,2.0,1.0,1.0,1.0,1.0,2.0,2.0,N,1342,1351,N,2020.0,O,0,0,0,0,0,0,1,0,0,0.0,0.0,0.0
72461203,C,Motor Vehicle,DAC,,20200106,934.0,N,Y,13.839,1,0,1,1.0,N,N,Y,37.64547,-84.76661,9.0,2.0,6.0,1.0,1.0,2.0,2.0,Y,934,937,N,2020.0,C,0,0,0,0,0,0,0,0,1,1.0,0.0,0.0
72461314,O,Motor Vehicle,DAC,,20200109,1249.0,N,N,0.0,0,0,2,2.0,N,N,Y,37.64628,-84.77973,5.0,2.0,6.0,1.0,1.0,2.0,2.0,N,1351,1354,N,2020.0,O,0,0,0,0,0,0,0,1,0,0.0,0.0,0.0
72461698,C,Motor Vehicle,DAC,,20200109,1559.0,N,N,0.552,1,0,1,1.0,N,N,Y,37.6243,-84.7526,9.0,2.0,5.0,1.0,1.0,2.0,2.0,Y,1559,1601,N,2020.0,C,0,0,0,0,0,0,0,0,0,0.0,1.0,0.0
72462104,O,Motor Vehicle,DAC,ANGLE,20190111,905.0,N,Y,0.322,0,0,2,2.0,N,N,Y,37.6184,-84.76881,1.0,4.0,6.0,1.0,1.0,3.0,2.0,N,907,913,N,2019.0,O,0,0,1,0,0,0,1,1,0,0.0,0.0,0.0
72462344,O,Motor Vehicle,Non DAC,,20200109,1423.0,N,Y,15.532,0,0,2,2.0,N,N,Y,37.66439,-84.74297,8.0,2.0,3.0,1.0,1.0,2.0,2.0,N,1423,1423,N,2020.0,O,0,0,0,1,0,0,0,1,0,0.0,0.0,0.0
72462365,O,Motor Vehicle,DAC,,20200111,1738.0,N,N,0.044,0,0,2,2.0,N,N,Y,37.61799,-84.7776,1.0,2.0,6.0,1.0,5.0,6.0,5.0,N,1738,1742,N,2020.0,O,0,0,0,0,0,0,1,0,0,0.0,0.0,0.0
72462529,O,Motor Vehicle,Non DAC,,20200111,1343.0,N,Y,1.436,0,0,2,2.0,N,N,Y,37.67722,-84.76456,1.0,2.0,3.0,1.0,5.0,6.0,2.0,N,1343,1348,N,2020.0,O,0,0,1,0,0,0,0,1,0,0.0,0.0,0.0
72462747,O,Motor Vehicle,DAC,REAR END,20200112,2027.0,N,N,0.061,0,0,2,2.0,N,N,Y,37.61719,-84.77505,5.0,1.0,1.0,1.0,1.0,2.0,5.0,N,2034,2036,N,2020.0,O,0,0,1,0,0,0,1,0,0,0.0,0.0,0.0
72462955,O,Motor Vehicle,Non DAC,,20200113,1046.0,N,N,0.289,0,0,2,2.0,N,N,Y,37.65013,-84.77405,7.0,2.0,6.0,1.0,1.0,2.0,2.0,N,1046,1050,N,2020.0,O,0,0,0,1,0,0,1,0,0,0.0,0.0,0.0
72463323,O,Motor Vehicle,Non DAC,,20200109,1600.0,N,Y,0.018,0,0,2,2.0,N,N,Y,37.65459,-84.76466,2.0,2.0,6.0,1.0,1.0,2.0,2.0,N,1602,1604,N,2020.0,O,0,0,0,0,0,0,1,0,0,0.0,0.0,0.0
72463362,O,Motor Vehicle,Non DAC,,20200114,750.0,N,N,11.901,0,0,4,4.0,N,N,Y,37.64838,-84.8109,5.0,2.0,6.0,1.0,5.0,6.0,1.0,N,752,754,N,2020.0,O,0,0,1,0,0,0,1,1,0,0.0,0.0,0.0
72463728,O,Motor Vehicle,Non DAC,,20200115,743.0,N,Y,12.21,0,0,2,2.0,N,N,Y,37.64853,-84.80513,5.0,2.0,6.0,1.0,5.0,6.0,1.0,N,743,749,N,2020.0,O,0,0,0,1,0,0,1,0,0,0.0,0.0,0.0
72463921,O,Motor Vehicle,DAC,,20200114,1933.0,N,N,0.326,0,0,1,1.0,N,N,Y,37.61926,-84.77871,9.0,1.0,4.0,1.0,1.0,3.0,7.0,N,1935,1950,N,2020.0,U,0,0,0,0,0,0,1,0,0,0.0,1.0,0.0
72463968,O,Motor Vehicle,DAC,REAR END,20200115,1543.0,N,Y,0.069,0,0,2,2.0,N,N,Y,37.6171,-84.77493,5.0,1.0,2.0,1.0,5.0,3.0,2.0,N,1545,1555,N,2020.0,O,0,0,0,0,0,0,1,0,0,0.0,0.0,0.0
72464152,O,Motor Vehicle,DAC,,20200115,1423.0,N,N,13.521,0,0,2,2.0,Y,N,Y,37.64582,-84.77219,8.0,4.0,6.0,1.0,1.0,3.0,2.0,N,1425,1428,N,2020.0,O,0,0,0,0,0,0,0,0,0,0.0,1.0,0.0
72464427,O,Motor Vehicle,DAC,,20200116,1341.0,N,N,4.72,0,0,2,2.0,N,N,Y,37.63588,-84.77499,8.0,2.0,4.0,1.0,1.0,3.0,2.0,N,1341,1345,N,2020.0,O,0,0,0,0,0,0,1,1,0,0.0,1.0,0.0
72464837,O,Motor Vehicle,Non DAC,,20200117,821.0,N,N,0.23,0,0,1,1.0,N,N,Y,37.65681,-84.7996,9.0,1.0,6.0,1.0,1.0,2.0,2.0,N,821,827,N,2020.0,O,0,0,0,0,0,0,1,0,0,0.0,0.0,0.0
72466140,O,Motor Vehicle,Non DAC,,20200121,819.0,N,Y,0.003,0,0,2,2.0,N,N,Y,37.65091,-84.7651,1.0,2.0,6.0,1.0,4.0,9.0,2.0,N,822,833,N,2020.0,O,0,0,1,0,0,0,1,0,0,0.0,0.0,0.0
72466141,O,Motor Vehicle,DAC,,20200121,1121.0,N,N,5.241,0,0,1,1.0,N,N,Y,37.64441,-84.77259,9.0,2.0,6.0,1.0,1.0,2.0,2.0,N,1122,1130,N,2020.0,O,0,0,0,1,0,0,1,0,0,0.0,0.0,0.0
72466142,O,Motor Vehicle,DAC,ANGLE,20200121,1151.0,N,Y,0.403,0,0,3,3.0,N,N,Y,37.61699,-84.78172,1.0,2.0,6.0,1.0,1.0,2.0,2.0,N,1151,1155,N,2020.0,O,0,0,0,0,0,0,1,0,0,0.0,0.0,0.0
72466195,C,Motor Vehicle,DAC,,20200121,1005.0,N,Y,4.913,3,0,2,2.0,N,Y,Y,37.63883,-84.7747,1.0,2.0,4.0,1.0,1.0,2.0,2.0,Y,1005,1007,N,2020.0,C,0,0,0,0,0,0,0,1,0,0.0,0.0,0.0
72466316,O,Motor Vehicle,DAC,,20200121,1550.0,N,N,5.052,0,0,2,2.0,N,N,Y,37.6409,-84.77451,8.0,2.0,5.0,1.0,1.0,2.0,2.0,N,1551,1556,N,2020.0,O,0,0,0,0,0,0,1,1,0,0.0,1.0,0.0
72466326,O,Motor Vehicle,DAC,ANGLE,20200121,1817.0,N,N,3.517,0,0,2,2.0,N,N,Y,37.61847,-84.77458,1.0,5.0,6.0,1.0,1.0,2.0,5.0,N,1817,1821,N,2020.0,O,0,0,0,1,0,0,1,1,0,0.0,0.0,0.0
72467013,O,Motor Vehicle,DAC,SINGLE VEHICLE,20200123,544.0,N,N,0.73,0,0,1,1.0,N,N,Y,37.61988,-84.76157,9.0,4.0,6.0,1.0,1.0,2.0,6.0,N,544,554,N,2020.0,O,0,0,0,0,0,0,0,0,0,0.0,0.0,0.0
72467288,O,Motor Vehicle,Non DAC,,20200124,1054.0,N,N,12.282,0,0,2,2.0,N,N,Y,37.64856,-84.80383,5.0,2.0,6.0,1.0,5.0,6.0,2.0,N,1054,1059,N,2020.0,O,0,0,0,0,0,0,1,0,0,0.0,0.0,0.0
72467344,O,Motor Vehicle,DAC,,20200124,1149.0,N,Y,13.844,0,0,2,2.0,N,N,Y,37.6454,-84.7666,5.0,2.0,6.0,1.0,5.0,6.0,2.0,N,1150,1157,N,2020.0,O,0,0,0,0,0,0,1,0,0,0.0,0.0,0.0
72467628,B,Motor Vehicle,Non DAC,,20200124,1724.0,N,N,15.395,1,0,1,1.0,N,N,Y,37.6625,-84.74336,9.0,2.0,3.0,1.0,5.0,3.0,2.0,Y,1726,1731,N,2020.0,B,0,0,0,0,0,0,0,0,0,1.0,1.0,0.0
72467894,O,Motor Vehicle,DAC,,20200125,1211.0,N,Y,6.207,0,0,2,2.0,N,N,Y,37.64972,-84.78268,1.0,2.0,6.0,1.0,1.0,3.0,2.0,N,1213,1215,N,2020.0,O,0,0,0,0,0,0,1,1,0,0.0,0.0,0.0
72468121,O,Motor Vehicle,Non DAC,,20200126,1230.0,N,Y,0.001,0,0,2,2.0,N,N,Y,37.6541,-84.7549,5.0,2.0,5.0,1.0,1.0,2.0,2.0,N,1230,1235,N,2020.0,O,0,0,0,1,0,0,1,0,0,0.0,0.0,0.0
72468130,O,Motor Vehicle,Non DAC,,20200124,1753.0,N,Y,8.211,0,0,2,2.0,N,N,Y,37.67726,-84.79088,4.0,2.0,1.0,1.0,5.0,6.0,5.0,N,1755,1800,N,2020.0,O,0,0,0,1,0,0,1,1,0,0.0,0.0,0.0
72468688,O,Motor Vehicle,DAC,ANGLE,20200123,1650.0,N,Y,0.001,0,0,2,2.0,N,N,Y,37.61839,-84.76879,1.0,2.0,6.0,1.0,5.0,6.0,2.0,N,1650,1650,N,2020.0,O,0,0,0,0,0,0,1,1,0,0.0,0.0,0.0
72469374,O,Motor Vehicle,DAC,,20200128,2228.0,N,N,4.207,0,0,2,2.0,N,N,Y,37.62852,-84.77481,5.0,2.0,6.0,1.0,1.0,2.0,5.0,N,2228,2230,N,2020.0,O,0,0,0,0,0,0,1,0,0,0.0,0.0,0.0
72469527,O,Motor Vehicle,DAC,ANGLE,20200127,2012.0,N,Y,0.323,0,0,2,2.0,N,N,Y,37.61841,-84.76881,1.0,4.0,6.0,1.0,1.0,2.0,6.0,N,2012,2019,N,2020.0,O,0,0,0,0,0,0,1,0,0,0.0,0.0,0.0
72469775,O,Motor Vehicle,DAC,OPPOPSING LEFT TURN,20200130,938.0,N,Y,0.001,0,0,2,2.0,N,N,Y,37.61745,-84.77444,4.0,4.0,6.0,1.0,1.0,2.0,2.0,N,938,944,N,2020.0,O,0,0,0,1,0,0,0,1,0,0.0,0.0,0.0
72470722,O,Motor Vehicle,DAC,,20190131,1726.0,N,Y,0.327,0,0,2,2.0,N,N,Y,37.62224,-84.7806,1.0,2.0,6.0,1.0,1.0,3.0,2.0,N,1726,1733,N,2019.0,O,0,0,0,1,0,0,1,1,0,0.0,0.0,0.0
72470819,O,Motor Vehicle,Non DAC,,20200201,2118.0,N,Y,0.001,0,0,2,2.0,N,N,Y,37.6486,-84.76382,7.0,2.0,4.0,1.0,1.0,2.0,5.0,N,2119,2125,N,2020.0,O,0,0,1,0,0,0,0,0,0,0.0,0.0,0.0
72470892,O,Motor Vehicle,DAC,REAR END,20200131,1318.0,N,N,0.12,0,0,2,2.0,N,N,Y,37.61744,-84.77663,5.0,4.0,6.0,1.0,5.0,6.0,2.0,N,1318,1327,N,2020.0,O,0,0,0,0,0,0,1,1,0,0.0,0.0,0.0
72471499,O,Motor Vehicle,DAC,,20200203,1520.0,N,N,4.867,0,0,1,1.0,N,Y,Y,37.6382,-84.77474,9.0,2.0,6.0,1.0,1.0,2.0,2.0,N,1520,1520,N,2020.0,O,0,0,0,0,0,0,0,1,0,0.0,1.0,0.0
72472124,C,Motor Vehicle,DAC,,20200203,1729.0,N,N,0.156,1,0,2,2.0,N,N,Y,37.64809,-84.77228,6.0,2.0,6.0,1.0,1.0,2.0,2.0,Y,1729,1732,N,2020.0,C,0,0,0,1,0,0,0,0,0,0.0,0.0,0.0
72472228,C,Motor Vehicle,Non DAC,,20200205,736.0,N,Y,0.161,1,0,3,3.0,N,N,Y,37.62292,-84.81942,5.0,2.0,6.0,1.0,5.0,3.0,1.0,Y,739,751,N,2020.0,C,0,0,1,0,0,0,1,0,0,0.0,0.0,0.0
72472499,O,Motor Vehicle,DAC,REAR END,20200128,2219.0,N,N,0.773,0,0,2,2.0,N,N,Y,37.61678,-84.7885,5.0,4.0,6.0,1.0,5.0,2.0,5.0,N,2219,2222,Y,2020.0,O,0,0,0,1,0,0,0,1,0,0.0,0.0,0.0
72472531,O,Motor Vehicle,Non DAC,,20200204,1353.0,N,Y,1.235,0,0,2,2.0,N,N,Y,37.62127,-84.79413,5.0,5.0,4.0,1.0,5.0,6.0,2.0,N,1353,1403,N,2020.0,O,0,0,0,0,0,0,1,0,0,0.0,0.0,0.0
72472773,O,Motor Vehicle,DAC,,20200206,914.0,N,N,13.558,0,0,2,2.0,N,N,Y,37.64576,-84.77156,8.0,4.0,6.0,1.0,5.0,6.0,2.0,N,914,921,N,2020.0,O,0,0,0,0,0,0,1,1,0,0.0,1.0,0.0
72472969,O,Motor Vehicle,Non DAC,,20200204,2217.0,N,Y,3.743,0,0,2,2.0,N,N,Y,37.65551,-84.79932,5.0,6.0,6.0,1.0,5.0,6.0,6.0,N,2217,2223,N,2020.0,O,0,0,0,0,0,0,1,1,0,0.0,0.0,0.0
72473132,O,Motor Vehicle,DAC,,20200207,343.0,N,N,0.542,0,0,1,1.0,N,N,Y,37.63787,-84.77152,9.0,2.0,4.0,2.0,4.0,9.0,6.0,N,343,349,N,2020.0,O,0,0,0,0,0,0,1,1,0,0.0,1.0,0.0
72473288,C,Motor Vehicle,DAC,,20200206,1450.0,N,N,4.871,1,0,2,2.0,N,Y,Y,37.63826,-84.77474,8.0,2.0,4.0,1.0,5.0,6.0,2.0,Y,1451,1454,N,2020.0,C,0,0,0,0,0,0,1,0,0,0.0,1.0,0.0
72473292,O,Motor Vehicle,Non DAC,,20200207,1151.0,N,Y,3.082,0,0,2,2.0,N,N,Y,37.66446,-84.74288,1.0,2.0,6.0,1.0,4.0,9.0,2.0,N,1154,1200,N,2020.0,O,0,0,0,1,0,0,1,1,0,0.0,0.0,0.0
72473974,O,Motor Vehicle,DAC,,20200206,2354.0,N,Y,0.583,0,0,1,1.0,N,N,Y,37.62854,-84.76416,9.0,2.0,5.0,1.0,1.0,2.0,6.0,N,2342,2349,N,2020.0,O,0,0,0,0,0,0,1,1,0,0.0,0.0,0.0
72473978,O,Motor Vehicle,DAC,,20200209,301.0,N,Y,0.074,0,0,2,2.0,N,N,Y,37.64887,-84.77058,5.0,2.0,6.0,1.0,1.0,3.0,5.0,N,302,305,N,2020.0,O,0,0,0,0,0,0,0,1,1,0.0,0.0,0.0
72475075,O,Motor Vehicle,DAC,ANGLE,20200210,1136.0,N,Y,0.02,0,0,2,2.0,N,N,Y,37.61812,-84.76874,1.0,2.0,6.0,1.0,6.0,6.0,2.0,N,1138,1144,N,2020.0,O,0,0,0,1,0,0,1,1,0,0.0,0.0,0.0
72475140,B,Motor Vehicle,Non DAC,,20200211,1542.0,N,Y,0.561,1,0,1,1.0,N,N,Y,37.66603,-84.73344,9.0,1.0,6.0,1.0,5.0,2.0,2.0,Y,1542,1547,N,2020.0,B,0,0,1,0,0,0,0,0,0,0.0,0.0,0.0
72475324,A,Motor Vehicle,Non DAC,,20200212,713.0,N,Y,4.61,1,0,2,2.0,N,N,Y,37.66591,-84.79206,1.0,4.0,6.0,1.0,1.0,3.0,1.0,Y,714,715,N,2020.0,A,0,0,0,1,0,0,1,1,0,0.0,0.0,0.0
72475947,O,Motor Vehicle,Non DAC,,20200213,1312.0,N,N,0.0,0,0,2,2.0,N,N,Y,37.62885,-84.79758,5.0,6.0,6.0,1.0,1.0,3.0,2.0,N,1313,1318,N,2020.0,O,0,0,0,1,0,0,1,1,0,0.0,0.0,0.0
72475954,O,Motor Vehicle,Non DAC,,20200213,845.0,N,N,4.598,0,0,2,2.0,N,N,Y,37.66556,-84.79198,8.0,4.0,6.0,1.0,5.0,6.0,2.0,N,903,947,N,2020.0,O,0,1,0,1,0,0,1,1,0,0.0,1.0,0.0
72475985,B,Motor Vehicle,DAC,ANGLE,20200212,1358.0,N,Y,0.402,2,0,2,2.0,N,N,Y,37.61698,-84.78174,1.0,4.0,6.0,2.0,5.0,6.0,2.0,Y,1358,1403,N,2020.0,B,0,0,1,0,0,0,0,1,0,1.0,0.0,0.0
72475986,B,Motor Vehicle,DAC,ANGLE,20200213,1358.0,N,Y,0.167,1,0,2,2.0,N,N,Y,37.61732,-84.77754,1.0,5.0,6.0,2.0,5.0,3.0,2.0,Y,1358,1402,N,2020.0,B,0,0,0,0,0,0,1,1,0,0.0,0.0,0.0
72476365,O,Motor Vehicle,DAC,,20200214,745.0,N,N,0.269,0,0,1,1.0,N,N,Y,37.62837,-84.75214,9.0,2.0,4.0,1.0,2.0,3.0,2.0,N,745,750,N,2020.0,O,0,0,0,0,0,0,0,0,0,0.0,1.0,0.0
72476370,O,Motor Vehicle,DAC,,20200214,1517.0,N,N,13.594,0,0,2,2.0,N,N,Y,37.6457,-84.77073,8.0,3.0,4.0,1.0,1.0,2.0,2.0,N,1517,1517,N,2020.0,O,0,0,0,0,0,0,0,0,0,0.0,1.0,0.0
72476743,O,Motor Vehicle,DAC,,20200214,1558.0,N,Y,0.175,0,0,2,2.0,N,N,Y,37.64481,-84.77415,8.0,2.0,6.0,1.0,1.0,2.0,2.0,N,1558,1607,N,2020.0,O,0,0,0,1,0,0,1,0,0,0.0,0.0,0.0
72477138,O,Motor Vehicle,Non DAC,,20200205,1941.0,N,N,15.621,0,0,1,1.0,N,N,Y,37.62763,-84.74394,9.0,2.0,6.0,1.0,5.0,5.0,6.0,N,1941,1945,N,2020.0,O,0,0,0,1,0,0,0,0,1,0.0,1.0,0.0