MasterFile,KABCO_Mod,Mode,Disadvantaged Com ID,MannerofCollision_Real,CollisionDate,CollisionTime,ParkingLotIndicator,IntersectionWith_Indicator_,Milepoint,NumberInjured,NumberKilled,ofUnits,ofMotorVeh,Hit&RunIndicator,OneWayIndicator,InCityLimitsIndicator,Latitude,Longitude,MannerofCollisionCode,TotalLanes,RoadwayCharacterCode,RoadwaySurfaceCode,RoadwayConditionCode,WeatherCode,LightConditionCode,FirstAidSceneIndicator,TimeNotified,TimeArrived,MedianCros,YR,KABCO,Motorcyclist,CommercialVehicle,YoungDriver,MatureDriver,Pedestrian,Bicyclist,Distracted,agressive,Impaired,Unrestrain,RoadwayDep,MedXover
72477375,O,Motor Vehicle,DAC,,20200215,1825.0,N,Y,0.942,0,0,2,2.0,N,N,Y,37.63231,-84.77293,1.0,2.0,6.0,1.0,1.0,2.0,6.0,N,1827,1828,N,2020.0,O,0,0,0,0,0,0,1,1,0,0.0,0.0,0.0
72477900,O,Motor Vehicle,DAC,,20200212,1431.0,N,Y,5.126,0,0,2,2.0,N,N,Y,37.64193,-84.77442,1.0,2.0,6.0,1.0,5.0,6.0,2.0,N,1433,1436,N,2020.0,O,0,0,0,1,0,0,1,1,0,0.0,0.0,0.0
72478116,O,Motor Vehicle,Non DAC,,20200219,741.0,N,Y,1.235,0,0,2,2.0,N,N,Y,37.62133,-84.79419,5.0,2.0,4.0,1.0,1.0,3.0,2.0,N,741,748,N,2020.0,O,0,0,1,0,0,0,1,0,0,0.0,0.0,0.0
72478224,O,Motor Vehicle,DAC,,20200219,1540.0,N,Y,13.655,0,0,2,2.0,N,N,Y,37.64551,-84.76695,2.0,4.0,6.0,1.0,1.0,2.0,2.0,N,1540,1541,N,2020.0,O,0,0,0,0,0,0,1,0,0,0.0,0.0,0.0
72478523,O,Motor Vehicle,DAC,,20200219,1109.0,N,Y,0.247,0,0,1,1.0,N,N,Y,37.62846,-84.77028,9.0,2.0,6.0,1.0,1.0,2.0,2.0,N,1111,1120,N,2020.0,O,0,0,0,1,0,0,1,0,0,0.0,0.0,0.0
72479035,O,Motor Vehicle,DAC,REAR END,20200221,1625.0,N,N,3.248,0,0,2,2.0,N,N,Y,37.61478,-84.77455,5.0,4.0,6.0,1.0,1.0,2.0,2.0,N,1627,1635,N,2020.0,O,0,0,0,0,0,0,1,1,0,0.0,0.0,0.0
72479036,O,Motor Vehicle,Non DAC,,20200221,1708.0,N,N,0.143,0,0,2,2.0,N,N,Y,37.65369,-84.77707,1.0,1.0,6.0,1.0,1.0,2.0,2.0,N,1710,1713,N,2020.0,O,0,0,0,0,0,0,1,0,0,0.0,0.0,0.0
72479328,O,Motor Vehicle,Non DAC,,20200221,2217.0,N,N,0.407,0,0,2,2.0,N,N,Y,37.6521,-84.77404,2.0,2.0,6.0,1.0,1.0,2.0,6.0,N,2210,2217,N,2020.0,O,0,0,1,0,0,0,1,0,0,0.0,0.0,0.0
72479470,O,Motor Vehicle,DAC,,20200222,1427.0,N,N,0.204,0,0,2,2.0,N,N,Y,37.61674,-84.77077,1.0,2.0,4.0,1.0,1.0,2.0,2.0,N,1429,1432,N,2020.0,O,0,0,0,0,0,0,1,1,0,0.0,0.0,0.0
72479557,O,Motor Vehicle,Non DAC,,20200223,1300.0,N,Y,12.215,0,0,2,2.0,N,N,Y,37.64852,-84.80503,8.0,2.0,6.0,1.0,1.0,2.0,2.0,N,1300,1305,N,2020.0,O,0,0,0,0,0,0,1,1,0,0.0,0.0,0.0
72479582,O,Motor Vehicle,DAC,,20200223,1148.0,N,N,0.694,0,0,2,2.0,N,N,Y,37.64912,-84.77468,2.0,2.0,6.0,1.0,1.0,2.0,2.0,N,1148,1157,N,2020.0,O,0,0,0,0,0,0,1,0,0,0.0,0.0,0.0
72479672,O,Motor Vehicle,DAC,,20200223,1457.0,N,N,0.588,0,0,2,2.0,N,N,Y,37.64456,-84.77068,2.0,2.0,6.0,1.0,1.0,2.0,2.0,N,1457,1501,N,2020.0,O,0,0,0,0,0,0,1,0,0,0.0,0.0,0.0
72480236,O,Motor Vehicle,Non DAC,,20200224,1700.0,N,Y,1.8,0,0,2,2.0,N,N,Y,37.62895,-84.79765,5.0,6.0,6.0,1.0,5.0,6.0,2.0,N,1703,1708,N,2020.0,O,0,0,0,0,0,0,1,1,0,0.0,0.0,0.0
72480388,O,Motor Vehicle,DAC,,20200224,1707.0,N,N,5.285,0,0,2,2.0,N,N,Y,37.64401,-84.77264,8.0,2.0,6.0,1.0,5.0,6.0,2.0,N,1716,1725,N,2020.0,O,0,0,0,0,0,0,1,0,0,0.0,0.0,0.0
72480479,O,Motor Vehicle,DAC,,20200220,1730.0,N,Y,1.248,0,0,2,2.0,N,N,Y,37.62654,-84.75231,2.0,2.0,4.0,1.0,1.0,2.0,2.0,N,1730,1738,N,2020.0,O,0,0,0,0,0,0,1,0,0,0.0,0.0,0.0
72480480,O,Motor Vehicle,DAC,ANGLE,20200220,1854.0,N,Y,3.651,0,0,2,2.0,N,N,Y,37.62037,-84.77459,1.0,2.0,6.0,1.0,1.0,2.0,5.0,N,1857,1900,N,2020.0,O,0,0,0,0,0,0,1,1,0,0.0,0.0,0.0
72480566,O,Motor Vehicle,DAC,,20200224,1651.0,N,Y,0.514,0,0,2,2.0,N,N,Y,37.64939,-84.77791,5.0,2.0,6.0,1.0,5.0,6.0,2.0,N,1653,1705,N,2020.0,O,0,0,0,0,0,0,1,0,0,0.0,0.0,0.0
72480695,O,Motor Vehicle,DAC,REAR END,20200219,1707.0,N,N,0.126,0,0,2,2.0,N,N,Y,37.61743,-84.77674,5.0,4.0,6.0,1.0,1.0,2.0,2.0,N,1707,1710,N,2020.0,O,0,0,0,0,0,0,1,0,0,0.0,0.0,0.0
72480739,O,Motor Vehicle,DAC,,20200225,1243.0,N,N,4.2,0,0,2,2.0,N,N,Y,37.62823,-84.77478,5.0,2.0,6.0,1.0,1.0,3.0,2.0,N,1243,1349,N,2020.0,O,0,0,0,0,0,0,1,0,0,0.0,0.0,0.0
72480985,O,Motor Vehicle,DAC,,20200225,1532.0,N,Y,4.722,0,0,2,2.0,N,Y,Y,37.63577,-84.7747,1.0,2.0,6.0,1.0,5.0,3.0,2.0,N,1532,1532,N,2020.0,O,0,0,0,1,0,0,1,1,0,0.0,0.0,0.0
72481320,O,Motor Vehicle,DAC,REAR END,20200227,1323.0,N,N,3.39,0,0,2,2.0,N,N,Y,37.61665,-84.77443,5.0,6.0,6.0,1.0,1.0,3.0,2.0,N,1323,1330,N,2020.0,O,0,0,0,1,0,0,1,0,0,0.0,0.0,0.0
72481361,O,Motor Vehicle,DAC,,20200227,953.0,N,Y,4.414,0,0,2,2.0,N,N,Y,37.63133,-84.77486,5.0,2.0,6.0,1.0,1.0,3.0,2.0,N,936,940,N,2020.0,O,0,0,0,0,0,0,1,1,0,0.0,0.0,0.0
72481375,O,Motor Vehicle,DAC,SIDESWIPE-SAME DIRECTION,20200227,1536.0,N,Y,0.62,0,0,2,2.0,N,N,Y,37.61661,-84.78572,8.0,4.0,6.0,1.0,1.0,2.0,2.0,N,1536,1540,N,2020.0,O,0,0,0,0,0,0,1,0,0,0.0,0.0,0.0
72481500,C,Pedestrian,DAC,,20200227,1905.0,N,Y,0.0,1,0,2,1.0,N,N,Y,37.64636,-84.78232,9.0,2.0,6.0,1.0,1.0,2.0,5.0,Y,1905,1909,N,2020.0,C,0,0,0,1,1,0,1,1,0,0.0,0.0,0.0
72481686,O,Motor Vehicle,Non DAC,,20200214,0.0,N,N,8.696,0,0,1,1.0,Y,N,N,37.68351,-84.79466,9.0,4.0,6.0,1.0,1.0,2.0,6.0,N,1253,1313,Y,2020.0,O,0,0,0,0,0,0,1,0,0,0.0,1.0,0.0
72481836,O,Motor Vehicle,Non DAC,,20200228,1530.0,N,Y,0.186,0,0,2,2.0,Y,N,Y,37.64988,-84.77259,8.0,2.0,6.0,1.0,1.0,3.0,2.0,N,1534,1539,N,2020.0,O,0,0,0,0,0,0,0,1,0,0.0,0.0,0.0
72481972,O,Motor Vehicle,Non DAC,,20200228,1844.0,N,N,8.241,0,0,2,2.0,N,N,Y,37.67763,-84.79098,8.0,2.0,6.0,1.0,1.0,2.0,5.0,N,1851,1900,N,2020.0,O,0,0,0,0,0,0,1,0,0,0.0,1.0,0.0
72482675,B,Motor Vehicle,DAC,,20200226,2352.0,N,N,0.916,1,0,1,1.0,N,N,Y,37.61746,-84.79096,9.0,2.0,1.0,2.0,2.0,9.0,6.0,Y,2353,2359,N,2020.0,B,0,0,0,0,0,0,0,1,0,1.0,1.0,0.0
72482935,O,Motor Vehicle,DAC,ANGLE,20200302,938.0,N,Y,3.444,0,0,2,2.0,N,N,Y,37.61746,-84.77464,1.0,2.0,6.0,1.0,5.0,6.0,2.0,N,940,944,N,2020.0,O,0,0,0,0,0,0,0,1,0,0.0,0.0,0.0
72482957,O,Motor Vehicle,DAC,REAR END,20200302,1345.0,N,Y,0.123,0,0,2,2.0,N,N,Y,37.61743,-84.77669,5.0,4.0,6.0,1.0,5.0,6.0,2.0,N,1345,1356,N,2020.0,O,0,0,0,1,0,0,1,0,0,0.0,0.0,0.0
72483273,O,Motor Vehicle,Non DAC,,20200303,936.0,N,Y,3.196,0,0,2,2.0,N,N,Y,37.64856,-84.80296,2.0,2.0,6.0,1.0,5.0,3.0,2.0,N,942,948,N,2020.0,O,0,1,0,0,0,0,0,0,0,0.0,0.0,0.0
72483366,O,Motor Vehicle,DAC,,20200302,1950.0,N,Y,0.113,0,0,2,2.0,Y,N,Y,37.61657,-84.77237,1.0,0.0,1.0,1.0,1.0,3.0,5.0,N,1945,1950,N,2020.0,O,0,0,1,0,0,0,1,1,0,0.0,0.0,0.0
72483617,O,Motor Vehicle,DAC,,20200303,2235.0,N,Y,0.532,0,0,1,1.0,Y,N,Y,37.62063,-84.78394,9.0,0.0,6.0,1.0,1.0,2.0,6.0,N,2238,2242,N,2020.0,O,0,0,0,0,0,0,0,0,1,1.0,0.0,0.0
72483979,O,Motor Vehicle,DAC,,20200303,1527.0,N,Y,0.822,0,0,3,3.0,N,N,Y,37.63383,-84.77189,1.0,2.0,6.0,1.0,1.0,2.0,2.0,N,1527,1528,N,2020.0,O,0,0,0,0,0,0,1,1,0,0.0,0.0,0.0
72484607,O,Motor Vehicle,DAC,,20200306,1227.0,N,Y,0.001,0,0,2,2.0,N,N,Y,37.64547,-84.76663,1.0,2.0,6.0,1.0,1.0,3.0,2.0,N,1228,1229,N,2020.0,O,0,0,0,1,0,0,0,1,0,0.0,0.0,0.0
72485442,O,Motor Vehicle,DAC,REAR END,20200306,1615.0,N,N,0.013,0,0,2,2.0,N,N,Y,37.61743,-84.77471,5.0,4.0,6.0,1.0,1.0,2.0,2.0,N,1615,1625,N,2020.0,O,0,0,0,1,0,0,1,0,0,0.0,0.0,0.0
72485629,O,Motor Vehicle,DAC,SIDESWIPE-SAME DIRECTION,20200309,1005.0,N,N,0.008,0,0,2,2.0,N,N,Y,37.61709,-84.78177,8.0,2.0,6.0,1.0,1.0,1.0,2.0,N,1007,1015,N,2020.0,O,0,0,0,1,0,0,1,0,0,0.0,1.0,0.0
72485663,C,Motor Vehicle,Non DAC,,20200305,743.0,N,Y,10.391,1,0,2,2.0,N,N,N,37.61921,-84.82881,5.0,2.0,4.0,1.0,1.0,2.0,2.0,N,746,754,N,2020.0,C,0,0,0,0,0,0,0,0,0,0.0,0.0,0.0
72485960,O,Motor Vehicle,DAC,,20200309,1402.0,N,N,5.202,0,0,2,2.0,N,Y,Y,37.64271,-84.77275,8.0,2.0,4.0,1.0,1.0,3.0,2.0,N,1402,1407,N,2020.0,O,0,0,0,1,0,0,0,0,0,0.0,1.0,0.0
72486446,B,Motor Vehicle,DAC,,20200310,1323.0,N,Y,0.392,2,0,2,2.0,N,N,Y,37.6266,-84.75231,1.0,2.0,4.0,1.0,5.0,3.0,2.0,Y,1324,1332,N,2020.0,B,0,1,0,1,0,0,1,0,0,0.0,0.0,0.0
72486614,O,Motor Vehicle,DAC,,20200311,1134.0,N,Y,0.94,0,0,2,2.0,N,N,Y,37.63232,-84.77292,1.0,2.0,6.0,1.0,1.0,3.0,2.0,N,1135,1138,N,2020.0,O,0,0,0,0,0,0,1,1,0,0.0,0.0,0.0
72486889,O,Motor Vehicle,DAC,,20200311,1741.0,N,N,4.509,0,0,2,2.0,N,N,Y,37.63272,-84.77494,5.0,2.0,6.0,1.0,1.0,2.0,2.0,N,1743,1748,N,2020.0,O,0,0,0,0,0,0,1,1,0,0.0,0.0,0.0
72487338,O,Motor Vehicle,DAC,,20200309,750.0,N,Y,6.028,0,0,2,2.0,N,N,Y,37.6471,-84.78237,1.0,2.0,6.0,1.0,1.0,3.0,1.0,N,745,747,N,2020.0,O,0,0,0,0,0,0,1,1,0,0.0,0.0,0.0
72488314,O,Motor Vehicle,DAC,REAR END,20200316,1021.0,N,N,0.086,0,0,2,2.0,N,N,Y,37.6173,-84.77628,5.0,2.0,6.0,1.0,1.0,3.0,2.0,N,1023,1027,N,2020.0,O,0,0,0,0,0,0,1,0,0,0.0,0.0,0.0
72488927,O,Motor Vehicle,Non DAC,,20200317,1448.0,N,Y,1.233,0,0,2,2.0,N,N,Y,37.6213,-84.79414,5.0,2.0,1.0,1.0,1.0,3.0,2.0,N,1448,1456,N,2020.0,O,0,0,0,0,0,0,1,0,0,0.0,0.0,0.0
72488979,O,Motor Vehicle,DAC,REAR END,20200317,2035.0,N,N,3.475,0,0,2,2.0,N,N,Y,37.61786,-84.77467,5.0,2.0,6.0,1.0,1.0,2.0,5.0,N,2024,2025,N,2020.0,O,0,0,1,0,0,0,0,0,1,0.0,0.0,0.0
72489240,O,Motor Vehicle,DAC,,20200317,1140.0,N,N,0.023,0,0,2,2.0,N,N,Y,37.64465,-84.77136,8.0,2.0,6.0,1.0,1.0,2.0,2.0,N,1140,1142,N,2020.0,O,0,0,0,0,0,0,1,0,0,0.0,0.0,0.0
72489858,O,Motor Vehicle,Non DAC,,20200322,218.0,N,N,1.607,0,0,1,1.0,N,N,Y,37.6682,-84.76746,9.0,2.0,3.0,1.0,1.0,2.0,7.0,N,218,227,N,2020.0,O,0,0,1,0,0,0,0,0,0,0.0,1.0,0.0
72490738,O,Motor Vehicle,Non DAC,,20200324,1449.0,N,Y,3.196,0,0,2,2.0,N,N,Y,37.64855,-84.80296,5.0,4.0,6.0,1.0,1.0,3.0,2.0,N,1449,1455,N,2020.0,O,0,0,0,0,0,0,0,0,0,0.0,0.0,0.0
72491650,O,Motor Vehicle,Non DAC,,20200331,1231.0,N,Y,0.516,0,0,2,2.0,N,N,Y,37.64496,-84.75721,5.0,2.0,4.0,1.0,5.0,6.0,2.0,N,1231,1237,N,2020.0,O,0,1,0,1,0,0,1,1,0,0.0,0.0,0.0
72491667,O,Motor Vehicle,DAC,,20200327,1449.0,N,N,13.808,0,0,1,1.0,N,N,Y,37.64549,-84.76716,9.0,2.0,6.0,1.0,1.0,2.0,2.0,N,1449,1449,N,2020.0,O,0,0,0,0,0,0,1,0,1,0.0,1.0,0.0
72491834,O,Motor Vehicle,DAC,,20200331,1442.0,N,Y,5.198,0,0,2,2.0,N,Y,Y,37.6429,-84.77433,8.0,2.0,6.0,1.0,5.0,6.0,2.0,N,1442,1448,N,2020.0,O,0,0,0,0,0,0,0,0,0,0.0,0.0,0.0
72492081,O,Motor Vehicle,DAC,REAR END,20200402,1607.0,N,Y,0.011,0,0,2,2.0,N,N,Y,37.61468,-84.77467,5.0,2.0,5.0,1.0,1.0,2.0,2.0,N,1607,1612,N,2020.0,O,0,0,0,0,0,0,1,0,0,0.0,0.0,0.0
72492216,O,Motor Vehicle,DAC,,20200403,922.0,N,Y,4.411,0,0,2,2.0,N,N,Y,37.63141,-84.77485,1.0,2.0,6.0,1.0,1.0,2.0,2.0,N,924,927,N,2020.0,O,0,0,0,1,0,0,1,1,0,0.0,0.0,0.0
72492324,A,Motor Vehicle,Non DAC,,20200403,2025.0,N,Y,16.01,2,0,1,1.0,N,N,Y,37.66639,-84.73471,9.0,2.0,3.0,1.0,1.0,2.0,7.0,Y,2026,2029,N,2020.0,A,0,0,0,1,0,0,0,0,0,0.0,0.0,0.0
72492514,O,Motor Vehicle,Non DAC,,20200405,258.0,N,N,1.752,0,0,1,1.0,N,N,Y,37.62831,-84.79731,9.0,2.0,4.0,1.0,1.0,2.0,7.0,N,256,303,N,2020.0,O,0,0,0,0,0,0,0,0,0,0.0,0.0,0.0
72492766,O,Motor Vehicle,DAC,,20200406,731.0,N,Y,14.18,0,0,2,2.0,N,N,Y,37.64124,-84.76316,1.0,2.0,6.0,1.0,1.0,2.0,2.0,N,733,739,N,2020.0,O,0,0,1,1,0,0,1,1,0,0.0,0.0,0.0
72493041,C,Motor Vehicle,Non DAC,,20200407,1453.0,N,Y,1.232,1,0,2,2.0,N,N,Y,37.62131,-84.79415,5.0,5.0,6.0,1.0,1.0,2.0,2.0,Y,1450,1453,N,2020.0,C,0,0,0,0,0,0,1,0,1,0.0,0.0,0.0
72493140,O,Motor Vehicle,DAC,,20200408,1126.0,N,Y,5.977,0,0,2,2.0,N,N,Y,37.64636,-84.7823,1.0,3.0,6.0,1.0,1.0,3.0,2.0,N,1127,1128,N,2020.0,O,0,0,0,0,0,0,0,1,0,0.0,0.0,0.0
72493449,O,Motor Vehicle,Non DAC,,20200409,30.0,N,N,0.746,0,0,2,2.0,Y,N,Y,37.64459,-84.75322,1.0,2.0,3.0,1.0,5.0,6.0,7.0,N,533,543,N,2020.0,H,0,0,0,0,0,0,1,0,0,0.0,0.0,0.0
72493453,O,Motor Vehicle,Non DAC,,20200408,609.0,N,Y,1.435,0,0,1,1.0,N,N,Y,37.67723,-84.76459,9.0,2.0,3.0,1.0,1.0,2.0,5.0,N,609,616,N,2020.0,O,0,0,0,0,0,0,0,0,0,0.0,0.0,0.0
72494224,O,Motor Vehicle,Non DAC,,20200409,1712.0,N,Y,3.196,0,0,2,2.0,N,N,Y,37.64856,-84.80296,1.0,5.0,6.0,1.0,1.0,2.0,2.0,N,1712,1714,N,2020.0,O,0,0,1,0,0,0,1,1,0,0.0,0.0,0.0
72494318,O,Motor Vehicle,DAC,,20200413,1712.0,N,N,4.469,0,0,2,2.0,N,N,Y,37.63213,-84.77495,1.0,2.0,6.0,1.0,1.0,2.0,2.0,N,1712,1726,N,2020.0,O,0,0,0,1,0,0,1,0,0,0.0,0.0,0.0
72494334,O,Motor Vehicle,DAC,,20200414,1827.0,N,N,0.157,0,0,2,2.0,N,N,Y,37.64811,-84.77227,5.0,2.0,6.0,1.0,1.0,2.0,2.0,N,1827,1829,N,2020.0,O,0,0,0,0,0,0,1,1,0,0.0,0.0,0.0
72494437,O,Motor Vehicle,Non DAC,,20200415,1000.0,N,Y,11.878,0,0,2,2.0,N,N,Y,37.64836,-84.81128,5.0,2.0,6.0,1.0,1.0,2.0,2.0,N,1003,1013,N,2020.0,O,0,0,0,1,0,0,1,0,0,0.0,0.0,0.0
72494456,O,Motor Vehicle,DAC,,20200415,846.0,N,N,0.439,0,0,2,2.0,N,N,Y,37.62592,-84.75238,1.0,2.0,4.0,1.0,1.0,2.0,2.0,N,846,850,N,2020.0,O,0,0,1,1,0,0,0,0,0,0.0,0.0,0.0
72494651,O,Motor Vehicle,DAC,,20200416,848.0,N,N,0.113,0,0,2,2.0,N,N,Y,37.61658,-84.77237,3.0,2.0,6.0,1.0,1.0,2.0,2.0,N,849,856,N,2020.0,O,0,0,0,1,0,0,1,0,0,0.0,1.0,0.0
72495140,O,Motor Vehicle,DAC,REAR END,20200418,1534.0,N,N,3.392,0,0,2,2.0,N,N,Y,37.61667,-84.77465,5.0,2.0,3.0,1.0,1.0,2.0,2.0,N,1534,1543,N,2020.0,O,0,0,0,0,0,0,0,0,0,0.0,0.0,0.0
72495315,C,Motor Vehicle,DAC,,20200419,635.0,N,Y,13.723,4,0,2,2.0,N,N,Y,37.64682,-84.76644,1.0,2.0,2.0,1.0,1.0,2.0,5.0,Y,635,639,N,2020.0,C,0,0,0,0,0,0,0,1,0,1.0,0.0,0.0
72495467,O,Motor Vehicle,Non DAC,,20200420,1110.0,N,Y,3.197,0,0,2,2.0,N,N,Y,37.64855,-84.80296,5.0,4.0,6.0,1.0,1.0,2.0,2.0,N,1110,1117,N,2020.0,O,0,0,0,1,0,0,1,0,0,0.0,0.0,0.0
72495877,O,Motor Vehicle,Non DAC,,20200422,955.0,N,Y,0.851,0,0,1,1.0,N,N,Y,37.65837,-84.77072,9.0,2.0,4.0,1.0,1.0,2.0,2.0,N,949,1000,N,2020.0,O,0,0,0,0,0,0,0,0,0,0.0,0.0,0.0
72495889,O,Motor Vehicle,DAC,,20200422,1227.0,N,N,5.78,0,0,2,2.0,N,N,Y,37.64622,-84.77871,5.0,2.0,4.0,1.0,1.0,2.0,2.0,N,1228,1228,N,2020.0,O,0,0,0,0,0,0,1,1,0,0.0,1.0,0.0
72495911,O,Motor Vehicle,DAC,REAR END,20200422,1233.0,N,Y,0.0,0,0,2,2.0,N,N,Y,37.61745,-84.77445,5.0,4.0,6.0,1.0,1.0,2.0,2.0,N,1445,1453,N,2020.0,O,0,0,0,1,0,0,1,0,0,0.0,0.0,0.0
72495974,O,Motor Vehicle,DAC,,20200422,2030.0,N,Y,5.327,0,0,2,2.0,N,N,Y,37.64486,-84.77408,1.0,2.0,6.0,1.0,1.0,2.0,2.0,N,2030,2032,N,2020.0,O,0,0,1,0,0,0,1,1,0,0.0,0.0,0.0
72496417,O,Motor Vehicle,DAC,,20200424,1900.0,N,N,14.484,0,0,1,1.0,N,N,Y,37.63789,-84.7598,9.0,2.0,3.0,1.0,1.0,2.0,2.0,N,1900,1905,N,2020.0,O,0,0,0,0,0,0,0,0,0,0.0,1.0,0.0
72496612,O,Motor Vehicle,DAC,,20200424,2154.0,N,N,0.137,0,0,2,2.0,N,N,Y,37.61902,-84.78018,2.0,1.0,6.0,1.0,1.0,2.0,7.0,N,2154,2154,N,2020.0,O,0,0,0,0,0,0,0,0,0,0.0,0.0,0.0
72496813,O,Motor Vehicle,DAC,,20200426,1326.0,N,Y,5.2,0,0,2,2.0,N,Y,Y,37.64294,-84.77432,8.0,2.0,6.0,1.0,5.0,6.0,2.0,N,1326,1331,N,2020.0,O,0,0,0,0,0,0,0,0,0,0.0,0.0,0.0
72497023,O,Motor Vehicle,DAC,,20200427,1200.0,N,N,0.334,0,0,1,1.0,N,N,Y,37.61308,-84.76855,9.0,2.0,6.0,1.0,1.0,2.0,2.0,N,1215,1220,N,2020.0,O,0,0,0,0,0,0,1,0,0,0.0,1.0,0.0
72497291,O,Motor Vehicle,Non DAC,,20200428,910.0,N,Y,0.049,0,0,1,1.0,Y,N,Y,37.66848,-84.76646,9.0,0.0,3.0,1.0,1.0,3.0,2.0,N,902,915,N,2020.0,O,0,0,0,0,0,0,0,0,1,0.0,0.0,0.0
72497498,O,Motor Vehicle,DAC,,20200429,1354.0,N,Y,0.216,0,0,2,2.0,N,N,Y,37.64926,-84.77674,1.0,2.0,5.0,1.0,5.0,6.0,2.0,N,1353,1355,N,2020.0,O,0,0,0,0,0,0,1,1,0,0.0,0.0,0.0
72497528,B,Motor Vehicle,DAC,,20200429,1125.0,N,Y,5.331,2,0,2,2.0,N,N,Y,37.64481,-84.77414,1.0,2.0,6.0,1.0,5.0,6.0,2.0,N,1125,1127,N,2020.0,B,0,0,1,0,0,0,1,1,0,0.0,0.0,0.0
72497533,O,Motor Vehicle,DAC,SIDESWIPE-SAME DIRECTION,20200429,1339.0,N,N,0.107,0,0,2,2.0,Y,N,Y,37.61726,-84.77659,8.0,4.0,6.0,1.0,5.0,6.0,2.0,N,1340,1348,N,2020.0,O,0,0,0,0,0,0,0,0,0,0.0,1.0,0.0
72497538,O,Motor Vehicle,DAC,,20200428,1409.0,N,Y,4.908,0,0,2,2.0,N,N,Y,37.63886,-84.77473,1.0,2.0,6.0,1.0,5.0,6.0,2.0,N,1409,1410,N,2020.0,O,0,0,0,0,0,0,1,1,0,0.0,0.0,0.0
72497763,O,Motor Vehicle,DAC,,20200430,1229.0,N,Y,4.057,0,0,2,2.0,N,N,Y,37.62619,-84.77471,1.0,3.0,6.0,1.0,5.0,6.0,2.0,N,1229,1233,N,2020.0,O,0,0,0,0,0,0,1,1,0,0.0,0.0,0.0
72497793,O,Motor Vehicle,DAC,ANGLE,20200430,1239.0,N,N,0.321,0,0,2,2.0,N,N,Y,37.61716,-84.78328,1.0,2.0,4.0,1.0,5.0,6.0,2.0,N,1239,1247,N,2020.0,O,0,0,1,1,0,0,1,1,0,0.0,0.0,0.0
72497873,O,Motor Vehicle,Non DAC,,20200430,1934.0,N,Y,1.444,0,0,2,2.0,Y,N,Y,37.67743,-84.7644,1.0,2.0,3.0,1.0,5.0,6.0,3.0,N,1934,1944,N,2020.0,O,0,0,0,0,0,0,0,1,0,0.0,0.0,0.0
72498128,O,Motor Vehicle,DAC,ANGLE,20200501,1416.0,N,Y,0.178,0,0,2,2.0,N,N,Y,37.61782,-84.77134,1.0,4.0,6.0,1.0,1.0,2.0,2.0,N,1416,1420,N,2020.0,O,0,1,0,0,0,0,0,0,0,0.0,0.0,0.0
72498261,C,Motor Vehicle,DAC,REAR END,20200502,1506.0,N,N,0.155,1,0,2,2.0,N,N,Y,37.61738,-84.77727,5.0,5.0,6.0,1.0,1.0,2.0,2.0,Y,1507,1511,N,2020.0,C,0,0,0,0,0,0,1,0,0,0.0,0.0,0.0
72498314,O,Motor Vehicle,Non DAC,,20200424,1825.0,N,Y,0.249,0,0,2,2.0,Y,N,Y,37.64485,-84.76296,2.0,0.0,6.0,1.0,1.0,2.0,2.0,N,1835,1845,N,2020.0,O,0,0,0,0,0,0,0,1,0,0.0,0.0,0.0
72498559,O,Motor Vehicle,Non DAC,,20200503,1918.0,N,Y,13.913,0,0,2,2.0,N,N,Y,37.6486,-84.76385,5.0,2.0,3.0,1.0,5.0,6.0,3.0,N,1918,1926,N,2020.0,O,0,0,1,0,0,0,0,0,0,0.0,0.0,0.0
72498642,O,Motor Vehicle,Non DAC,,20200503,2246.0,N,Y,0.135,0,0,1,1.0,N,N,Y,37.65419,-84.77285,9.0,2.0,3.0,1.0,5.0,6.0,5.0,Y,2242,2256,N,2020.0,O,0,0,0,1,0,0,1,0,0,0.0,0.0,0.0
72499285,O,Motor Vehicle,DAC,,20200505,2002.0,N,N,0.028,0,0,1,1.0,Y,N,Y,37.63181,-84.77195,9.0,2.0,5.0,1.0,5.0,3.0,2.0,N,2002,2003,N,2020.0,O,0,0,0,0,0,0,0,0,1,0.0,1.0,0.0
72499286,O,Motor Vehicle,DAC,,20200506,1200.0,N,N,0.058,0,0,2,2.0,Y,N,Y,37.6467,-84.77237,1.0,2.0,6.0,1.0,5.0,6.0,2.0,N,1203,1207,N,2020.0,O,0,0,0,0,0,0,0,0,0,0.0,0.0,0.0
72499506,O,Motor Vehicle,DAC,REAR END,20200507,1237.0,N,N,3.463,0,0,2,2.0,N,N,Y,37.6177,-84.77464,5.0,6.0,6.0,1.0,1.0,2.0,2.0,N,1239,1244,N,2020.0,O,0,0,0,0,0,0,1,1,0,0.0,0.0,0.0
72499607,C,Motor Vehicle,DAC,,20200507,1215.0,N,Y,0.28,1,0,2,2.0,N,N,Y,37.62356,-84.76432,1.0,2.0,4.0,1.0,1.0,2.0,2.0,Y,1215,1223,N,2020.0,C,0,0,0,1,0,0,1,1,0,0.0,0.0,0.0
72499824,O,Motor Vehicle,DAC,,20200508,1406.0,N,Y,0.942,0,0,2,2.0,N,N,Y,37.6323,-84.77294,5.0,2.0,6.0,1.0,5.0,6.0,2.0,N,1416,1421,N,2020.0,O,0,0,0,1,0,0,1,0,0,0.0,0.0,0.0