MasterFile,KABCO_Mod,Mode,Disadvantaged Com ID,MannerofCollision_Real,CollisionDate,CollisionTime,ParkingLotIndicator,IntersectionWith_Indicator_,Milepoint,NumberInjured,NumberKilled,ofUnits,ofMotorVeh,Hit&RunIndicator,OneWayIndicator,InCityLimitsIndicator,Latitude,Longitude,MannerofCollisionCode,TotalLanes,RoadwayCharacterCode,RoadwaySurfaceCode,RoadwayConditionCode,WeatherCode,LightConditionCode,FirstAidSceneIndicator,TimeNotified,TimeArrived,MedianCros,YR,KABCO,Motorcyclist,CommercialVehicle,YoungDriver,MatureDriver,Pedestrian,Bicyclist,Distracted,agressive,Impaired,Unrestrain,RoadwayDep,MedXover
72499868,O,Motor Vehicle,DAC,,20200505,2003.0,N,Y,4.673,0,0,2,2.0,N,N,Y,37.63509,-84.77502,1.0,2.0,6.0,1.0,1.0,2.0,2.0,N,1456,1501,N,2020.0,O,0,0,0,0,0,0,1,0,0,0.0,0.0,0.0
72500064,O,Motor Vehicle,DAC,ANGLE,20200509,1211.0,N,Y,0.168,0,0,2,2.0,N,N,Y,37.61717,-84.77752,1.0,6.0,6.0,1.0,1.0,2.0,2.0,N,1211,1211,N,2020.0,O,0,0,1,0,0,0,0,1,0,0.0,0.0,0.0
72500194,O,Motor Vehicle,DAC,,20200509,1624.0,N,N,0.181,0,0,1,1.0,N,N,Y,37.64976,-84.78401,9.0,1.0,6.0,1.0,1.0,2.0,2.0,N,1628,1637,N,2020.0,O,0,0,0,0,0,0,1,0,0,0.0,1.0,0.0
72500253,C,Motor Vehicle,DAC,,20200506,1637.0,N,N,4.24,2,0,3,3.0,N,N,Y,37.62881,-84.77479,5.0,4.0,6.0,1.0,1.0,2.0,2.0,Y,1637,1637,N,2020.0,C,0,0,0,1,0,0,1,1,0,0.0,0.0,0.0
72500593,O,Motor Vehicle,Non DAC,,20200511,1545.0,N,Y,14.534,0,0,2,2.0,N,N,Y,37.65411,-84.7549,5.0,2.0,6.0,1.0,1.0,2.0,2.0,N,1545,1545,N,2020.0,O,0,0,0,0,0,0,1,0,0,0.0,0.0,0.0
72500679,O,Motor Vehicle,Non DAC,,20200511,1558.0,N,Y,16.073,0,0,1,1.0,N,N,Y,37.66639,-84.73361,9.0,2.0,6.0,1.0,1.0,2.0,2.0,N,1558,1558,N,2020.0,O,0,0,0,0,0,0,0,0,0,0.0,0.0,0.0
72500751,O,Motor Vehicle,DAC,SIDESWIPE-SAME DIRECTION,20200509,1219.0,N,Y,0.154,0,0,2,2.0,N,N,Y,37.61717,-84.77783,8.0,4.0,6.0,1.0,1.0,2.0,2.0,N,1219,1219,N,2020.0,O,0,0,0,0,0,0,1,1,0,0.0,0.0,0.0
72500812,O,Motor Vehicle,DAC,,20200512,1335.0,N,Y,5.331,0,0,2,2.0,N,Y,Y,37.64478,-84.77414,1.0,2.0,6.0,1.0,1.0,2.0,2.0,N,1335,1341,N,2020.0,O,0,0,0,1,0,0,1,0,0,0.0,0.0,0.0
72501392,O,Motor Vehicle,DAC,REAR END,20200512,1531.0,N,Y,3.249,0,0,2,2.0,N,N,Y,37.61476,-84.77442,5.0,3.0,6.0,1.0,1.0,2.0,2.0,N,1531,1531,N,2020.0,O,0,0,1,1,0,0,1,0,0,0.0,0.0,0.0
72501509,O,Motor Vehicle,Non DAC,,20200512,2228.0,N,Y,15.49,0,0,2,2.0,Y,N,Y,37.66382,-84.74288,8.0,2.0,3.0,1.0,1.0,2.0,3.0,N,2230,2238,N,2020.0,O,0,0,0,1,0,0,0,0,0,0.0,0.0,0.0
72501510,O,Motor Vehicle,Non DAC,,20200515,537.0,N,N,12.363,0,0,1,1.0,Y,N,Y,37.62955,-84.79627,9.0,2.0,6.0,1.0,1.0,3.0,5.0,N,537,537,N,2020.0,H,0,0,0,0,0,0,0,0,0,0.0,1.0,0.0
72502772,O,Motor Vehicle,Non DAC,,20200519,1332.0,N,N,3.745,0,0,2,2.0,N,N,Y,37.65539,-84.79913,1.0,2.0,6.0,1.0,1.0,2.0,2.0,N,1332,1338,N,2020.0,O,0,0,0,0,0,0,1,1,0,0.0,0.0,0.0
72503103,O,Motor Vehicle,DAC,SIDESWIPE-OPPOSITE DIRECTION,20200520,1336.0,N,Y,0.001,0,0,2,2.0,N,N,Y,37.62039,-84.7746,7.0,5.0,4.0,1.0,1.0,3.0,2.0,N,1336,1342,N,2020.0,O,0,0,1,0,0,0,0,0,0,0.0,0.0,0.0
72503253,O,Motor Vehicle,Non DAC,,20200521,58.0,N,N,1.123,0,0,1,1.0,N,N,Y,37.66152,-84.76815,9.0,2.0,5.0,1.0,1.0,2.0,5.0,N,57,100,N,2020.0,O,0,0,1,0,0,0,0,0,0,0.0,1.0,0.0
72503372,O,Motor Vehicle,Non DAC,,20200521,1111.0,N,N,0.009,0,0,1,1.0,N,N,Y,37.65207,-84.75196,9.0,1.0,2.0,1.0,1.0,2.0,2.0,N,1111,1116,N,2020.0,O,0,0,0,0,0,0,1,0,1,0.0,1.0,0.0
72503508,O,Motor Vehicle,DAC,,20200521,1617.0,N,N,5.349,0,0,2,2.0,N,N,Y,37.64512,-84.77417,1.0,2.0,6.0,1.0,1.0,2.0,2.0,N,1617,1620,N,2020.0,O,0,0,0,1,0,0,1,1,0,0.0,0.0,0.0
72504321,O,Motor Vehicle,Non DAC,,20200523,2144.0,N,Y,3.195,0,0,2,2.0,N,N,Y,37.64857,-84.80319,1.0,15.0,6.0,1.0,1.0,2.0,5.0,N,2146,2157,N,2020.0,O,0,0,0,0,0,0,1,1,1,0.0,0.0,0.0
72504361,O,Motor Vehicle,Non DAC,,20200523,1605.0,N,N,0.08,0,0,1,1.0,N,N,Y,37.65119,-84.75079,9.0,2.0,6.0,1.0,1.0,2.0,2.0,N,1610,1617,N,2020.0,O,0,0,0,0,0,0,1,0,0,0.0,1.0,0.0
72504792,O,Motor Vehicle,DAC,,20200526,1329.0,N,Y,15.099,0,0,1,1.0,N,N,Y,37.63224,-84.7516,9.0,2.0,6.0,1.0,1.0,3.0,2.0,N,1330,1335,N,2020.0,O,0,1,0,0,0,0,0,0,0,0.0,0.0,0.0
72505204,O,Motor Vehicle,DAC,,20200526,1552.0,N,N,0.051,0,0,2,2.0,N,N,Y,37.64637,-84.76973,8.0,2.0,6.0,1.0,1.0,2.0,2.0,N,1552,1558,N,2020.0,O,0,0,0,0,0,0,1,0,0,0.0,0.0,0.0
72505317,O,Motor Vehicle,Non DAC,,20200526,1306.0,N,Y,1.232,0,0,2,2.0,N,N,Y,37.6213,-84.79415,5.0,4.0,1.0,1.0,1.0,2.0,2.0,N,1306,1313,N,2020.0,O,0,0,0,0,0,0,0,1,0,0.0,0.0,0.0
72505520,O,Motor Vehicle,DAC,,20200528,1908.0,N,Y,0.22,0,0,3,3.0,N,N,Y,37.64895,-84.77216,1.0,2.0,6.0,1.0,1.0,2.0,2.0,N,1908,1914,N,2020.0,O,0,0,1,0,0,0,1,1,0,0.0,0.0,0.0
72505683,O,Motor Vehicle,DAC,ANGLE,20200528,1239.0,N,Y,3.653,0,0,2,2.0,N,N,Y,37.6204,-84.77458,1.0,4.0,6.0,1.0,1.0,2.0,2.0,N,1239,1245,N,2020.0,O,0,0,1,1,0,0,0,1,0,0.0,0.0,0.0
72505695,A,Motor Vehicle,Non DAC,,20200529,1222.0,N,Y,13.396,1,0,1,1.0,N,N,Y,37.64331,-84.78929,9.0,1.0,6.0,3.0,1.0,2.0,2.0,Y,1223,1227,N,2020.0,A,0,0,0,0,0,0,0,0,0,0.0,0.0,0.0
72505744,O,Motor Vehicle,DAC,ANGLE,20200529,740.0,N,Y,0.169,0,0,2,2.0,Y,N,Y,37.61717,-84.77751,1.0,4.0,6.0,1.0,1.0,2.0,2.0,N,740,748,N,2020.0,O,0,0,0,0,0,0,0,0,0,0.0,0.0,0.0
72505966,O,Motor Vehicle,Non DAC,,20200530,1032.0,N,Y,1.8,0,0,2,2.0,N,N,Y,37.62894,-84.79761,5.0,2.0,6.0,1.0,1.0,2.0,2.0,N,1034,1040,N,2020.0,O,0,0,0,0,0,0,1,0,0,0.0,0.0,0.0
72506367,O,Motor Vehicle,DAC,,20200531,1653.0,N,N,4.19,0,0,2,2.0,N,N,Y,37.62809,-84.77478,5.0,2.0,6.0,1.0,1.0,2.0,2.0,N,1654,1659,N,2020.0,O,0,0,0,1,0,0,1,0,1,0.0,0.0,0.0
72506434,O,Motor Vehicle,DAC,,20200531,821.0,N,N,7.033,0,0,1,1.0,N,N,Y,37.66164,-84.78395,9.0,2.0,6.0,1.0,1.0,2.0,2.0,N,821,824,N,2020.0,O,0,0,0,0,0,0,0,0,0,0.0,1.0,0.0
72506536,O,Motor Vehicle,DAC,REAR END,20200601,1311.0,N,Y,0.786,0,0,2,2.0,N,N,Y,37.62094,-84.75304,5.0,2.0,6.0,1.0,1.0,2.0,2.0,N,1313,1318,N,2020.0,O,0,0,1,0,0,0,1,0,0,0.0,0.0,0.0
72506649,O,Motor Vehicle,DAC,,20200601,1654.0,N,N,0.003,0,0,2,2.0,N,N,Y,37.61613,-84.77615,7.0,1.0,3.0,1.0,1.0,2.0,2.0,N,1655,1708,N,2020.0,O,0,1,0,0,0,0,0,0,0,0.0,1.0,0.0
72506778,O,Motor Vehicle,DAC,,20200529,1032.0,N,N,5.035,0,0,2,2.0,N,N,Y,37.64097,-84.77453,8.0,2.0,5.0,1.0,1.0,2.0,2.0,N,1031,1035,N,2020.0,O,0,0,0,0,0,0,1,0,0,0.0,1.0,0.0
72507120,O,Motor Vehicle,Non DAC,,20200603,845.0,N,Y,0.001,0,0,2,2.0,N,N,Y,37.64852,-84.80512,5.0,2.0,6.0,1.0,1.0,2.0,2.0,N,843,848,N,2020.0,O,0,0,0,0,0,0,1,0,0,0.0,0.0,0.0
72507451,O,Motor Vehicle,DAC,REAR END,20200604,911.0,N,Y,3.469,0,0,2,2.0,N,N,Y,37.61739,-84.77449,5.0,4.0,5.0,1.0,1.0,2.0,2.0,N,911,917,N,2020.0,O,0,0,0,0,0,0,1,1,0,0.0,0.0,0.0
72507455,O,Motor Vehicle,DAC,,20200603,1300.0,N,Y,4.114,0,0,2,2.0,N,N,Y,37.6279,-84.77466,1.0,4.0,6.0,1.0,1.0,2.0,2.0,N,1301,1303,N,2020.0,O,0,0,0,1,0,0,1,1,0,0.0,0.0,0.0
72507629,O,Motor Vehicle,DAC,,20200604,1820.0,N,N,0.023,0,0,2,2.0,N,N,Y,37.61768,-84.77756,5.0,2.0,6.0,1.0,1.0,2.0,2.0,N,1822,1822,N,2020.0,O,0,0,0,0,0,0,1,1,0,0.0,0.0,0.0
72507650,B,Motor Vehicle,DAC,,20200528,1552.0,N,Y,4.313,1,0,1,1.0,N,N,Y,37.62986,-84.7748,9.0,2.0,6.0,1.0,1.0,2.0,2.0,N,1552,1553,N,2020.0,B,0,0,0,0,0,0,1,0,0,0.0,0.0,0.0
72507801,O,Motor Vehicle,DAC,REAR END,20200604,820.0,N,Y,0.001,0,0,2,2.0,N,N,Y,37.61764,-84.77444,5.0,4.0,6.0,1.0,1.0,2.0,2.0,N,820,823,N,2020.0,O,0,0,0,0,0,0,1,0,0,0.0,0.0,0.0
72507912,O,Motor Vehicle,DAC,,20200605,1102.0,N,Y,4.21,0,0,2,2.0,N,N,Y,37.6284,-84.77484,5.0,2.0,6.0,1.0,1.0,2.0,2.0,N,1103,1107,N,2020.0,O,0,0,0,0,0,0,0,1,0,0.0,0.0,0.0
72508053,C,Motor Vehicle,DAC,ANGLE,20200605,1612.0,N,Y,0.166,1,0,2,2.0,N,N,Y,37.6172,-84.77747,1.0,5.0,5.0,1.0,1.0,2.0,2.0,Y,1612,1617,N,2020.0,C,0,0,0,0,0,0,1,1,0,0.0,0.0,0.0
72508457,B,Motor Vehicle,Non DAC,,20200607,10.0,N,Y,0.413,2,0,2,2.0,N,N,Y,37.65186,-84.77188,1.0,2.0,4.0,1.0,1.0,2.0,5.0,Y,11,13,N,2020.0,B,0,0,0,0,0,0,0,1,1,0.0,0.0,0.0
72508841,O,Motor Vehicle,Non DAC,,20200608,1150.0,N,Y,1.456,0,0,2,2.0,N,N,Y,37.67732,-84.76401,1.0,1.0,3.0,1.0,1.0,2.0,2.0,N,1154,1201,N,2020.0,O,0,0,0,0,0,0,0,1,0,0.0,0.0,0.0
72509098,O,Motor Vehicle,DAC,REAR END,20200608,2307.0,N,Y,0.005,0,0,2,2.0,N,N,Y,37.61743,-84.77444,5.0,4.0,6.0,1.0,1.0,2.0,5.0,N,2307,2308,N,2020.0,O,0,0,0,1,0,0,0,0,0,0.0,0.0,0.0
72509509,O,Motor Vehicle,DAC,,20200608,2158.0,N,Y,0.113,0,0,2,2.0,N,N,Y,37.64878,-84.77884,2.0,2.0,3.0,1.0,1.0,2.0,5.0,N,2158,2200,N,2020.0,O,0,0,0,0,0,0,1,0,0,0.0,0.0,0.0
72509612,O,Motor Vehicle,DAC,,20200610,1349.0,N,Y,0.091,0,0,2,2.0,N,N,Y,37.64774,-84.77386,5.0,1.0,6.0,1.0,1.0,2.0,2.0,N,1352,1353,N,2020.0,O,0,0,0,1,0,0,1,1,0,0.0,0.0,0.0
72509816,B,Motor Vehicle,Non DAC,,20200610,1651.0,N,N,14.229,1,0,1,1.0,N,N,Y,37.65173,-84.75958,9.0,2.0,6.0,1.0,1.0,3.0,2.0,N,1651,1655,Y,2020.0,B,0,0,0,0,0,0,0,0,0,0.0,1.0,0.0
72510224,C,Motor Vehicle,DAC,ANGLE,20200611,1000.0,N,N,0.177,2,0,2,2.0,N,N,Y,37.61799,-84.77141,1.0,4.0,6.0,1.0,1.0,2.0,2.0,Y,1006,1006,N,2020.0,C,0,0,0,0,0,0,1,1,0,0.0,1.0,0.0
72510394,O,Motor Vehicle,DAC,,20200611,1110.0,N,N,0.195,0,0,2,2.0,Y,N,Y,37.6474,-84.77314,8.0,1.0,6.0,1.0,1.0,2.0,2.0,N,1110,1114,N,2020.0,H,0,0,0,0,0,0,1,0,0,0.0,0.0,0.0
72512191,O,Motor Vehicle,DAC,,20200618,1123.0,N,N,4.712,0,0,2,2.0,N,Y,Y,37.6361,-84.77499,8.0,2.0,6.0,1.0,1.0,3.0,2.0,N,1124,1136,N,2020.0,O,0,0,0,0,0,0,1,1,0,0.0,1.0,0.0
72512378,O,Motor Vehicle,DAC,,20200618,1913.0,N,Y,0.111,0,0,1,1.0,N,N,Y,37.61681,-84.7685,9.0,1.0,4.0,1.0,5.0,6.0,2.0,N,1915,1920,N,2020.0,O,0,0,0,0,0,0,0,0,0,0.0,0.0,0.0
72512515,O,Motor Vehicle,Non DAC,,20200619,720.0,N,N,2.156,0,0,1,1.0,N,N,Y,37.67541,-84.76449,9.0,2.0,4.0,1.0,6.0,3.0,1.0,N,715,720,N,2020.0,O,0,0,0,0,0,0,0,0,0,0.0,1.0,0.0
72512755,O,Motor Vehicle,DAC,,20200619,1930.0,N,N,0.342,0,0,1,1.0,N,N,Y,37.62732,-84.75228,9.0,2.0,6.0,1.0,1.0,2.0,2.0,N,1931,1936,N,2020.0,O,0,0,0,0,0,0,1,0,0,0.0,1.0,0.0
72513108,O,Motor Vehicle,DAC,REAR END,20200620,1714.0,N,Y,0.005,0,0,2,2.0,N,N,Y,37.61765,-84.77436,5.0,2.0,6.0,1.0,1.0,2.0,2.0,N,1714,1714,N,2020.0,O,0,0,0,1,0,0,1,0,0,0.0,0.0,0.0
72513386,O,Motor Vehicle,DAC,,20200621,1900.0,N,Y,0.0,0,0,2,2.0,N,Y,Y,37.64592,-84.77402,8.0,2.0,6.0,1.0,5.0,6.0,2.0,N,1902,1905,N,2020.0,O,0,0,0,0,0,0,1,0,0,0.0,0.0,0.0
72514011,O,Motor Vehicle,Non DAC,,20200622,0.0,N,N,1.807,0,0,2,2.0,Y,N,Y,37.62895,-84.79786,5.0,4.0,6.0,1.0,1.0,2.0,2.0,N,1521,1527,N,2020.0,O,0,0,0,0,0,0,0,0,1,0.0,0.0,0.0
72514635,O,Motor Vehicle,DAC,,20200624,1528.0,N,N,13.893,0,0,2,2.0,N,N,Y,37.64848,-84.7643,5.0,2.0,6.0,1.0,1.0,2.0,2.0,N,1525,1533,N,2020.0,O,0,0,0,0,0,0,1,1,0,0.0,0.0,0.0
72514644,O,Motor Vehicle,DAC,,20200625,1032.0,N,N,0.06,0,0,2,2.0,N,N,Y,37.63298,-84.77053,2.0,1.0,4.0,1.0,1.0,2.0,2.0,N,1026,1032,N,2020.0,O,0,0,0,0,0,0,1,0,0,0.0,0.0,0.0
72514966,O,Motor Vehicle,Non DAC,,20200626,1214.0,N,N,2.8,0,0,2,2.0,N,N,Y,37.64281,-84.80287,5.0,2.0,6.0,1.0,1.0,2.0,2.0,N,1216,1216,N,2020.0,O,0,0,0,1,0,0,1,0,0,0.0,0.0,0.0
72514982,O,Motor Vehicle,DAC,,20200621,1635.0,N,Y,13.779,0,0,2,2.0,N,N,Y,37.64738,-84.76571,2.0,2.0,6.0,1.0,1.0,2.0,2.0,N,1635,1638,N,2020.0,O,0,0,1,0,0,0,1,1,0,0.0,0.0,0.0
72515108,B,Motor Vehicle,DAC,,20200626,1659.0,N,Y,3.681,1,0,2,2.0,N,N,Y,37.62081,-84.77466,1.0,2.0,6.0,1.0,1.0,2.0,2.0,Y,1659,1700,N,2020.0,B,0,0,0,1,0,0,1,1,0,0.0,0.0,0.0
72515292,O,Motor Vehicle,Non DAC,,20200627,1231.0,N,Y,1.795,0,0,2,2.0,N,N,Y,37.62888,-84.79758,5.0,2.0,6.0,1.0,5.0,6.0,2.0,N,1233,1241,N,2020.0,O,0,0,0,0,0,0,1,1,0,0.0,0.0,0.0
72515409,O,Motor Vehicle,DAC,ANGLE,20200626,1737.0,N,Y,0.168,0,0,2,2.0,N,N,Y,37.61716,-84.7775,1.0,2.0,6.0,1.0,1.0,2.0,2.0,N,1737,1745,N,2020.0,O,0,0,0,0,0,0,1,1,0,0.0,0.0,0.0
72515967,O,Motor Vehicle,DAC,,20200629,1122.0,N,Y,0.599,0,0,2,2.0,N,N,Y,37.64452,-84.77097,5.0,2.0,6.0,1.0,5.0,6.0,2.0,N,1122,1125,N,2020.0,O,0,0,0,0,0,0,1,0,0,0.0,0.0,0.0
72516356,O,Motor Vehicle,DAC,,20200630,1312.0,N,N,4.202,0,0,2,2.0,N,N,Y,37.62827,-84.77477,5.0,2.0,6.0,1.0,1.0,3.0,2.0,N,1312,1314,N,2020.0,O,0,0,0,1,0,0,1,1,0,0.0,0.0,0.0
72516364,O,Motor Vehicle,Non DAC,,20200630,953.0,N,N,1.353,0,0,1,1.0,N,N,Y,37.66469,-84.76789,9.0,2.0,6.0,1.0,1.0,3.0,2.0,Y,955,1020,N,2020.0,O,0,0,0,1,0,0,1,0,0,0.0,1.0,0.0
72516406,O,Motor Vehicle,Non DAC,,20200630,926.0,N,Y,3.744,0,0,2,2.0,N,N,Y,37.65552,-84.79925,1.0,4.0,6.0,1.0,1.0,3.0,2.0,N,926,930,N,2020.0,O,0,0,0,0,0,0,0,1,0,0.0,0.0,0.0
72516427,B,Motor Vehicle,DAC,,20200630,1249.0,N,N,3.85,2,0,4,4.0,N,N,Y,37.62333,-84.77466,5.0,5.0,6.0,1.0,1.0,2.0,2.0,Y,1251,1253,N,2020.0,B,0,0,0,1,0,0,1,0,0,0.0,0.0,0.0
72516654,O,Motor Vehicle,Non DAC,,20200625,926.0,N,N,0.053,0,0,2,2.0,Y,N,Y,37.64934,-84.76582,5.0,1.0,6.0,1.0,1.0,2.0,2.0,N,924,931,N,2020.0,O,0,0,1,0,0,0,1,0,0,0.0,0.0,0.0
72516733,C,Motor Vehicle,Non DAC,,20200701,1558.0,N,Y,13.458,1,0,2,2.0,N,N,Y,37.64424,-84.78912,5.0,2.0,6.0,1.0,5.0,3.0,2.0,Y,1558,1600,N,2020.0,C,0,0,1,0,0,0,1,1,0,0.0,0.0,0.0
72517293,O,Motor Vehicle,DAC,,20200702,1233.0,N,N,13.595,0,0,2,2.0,N,N,Y,37.64573,-84.7709,5.0,2.0,6.0,1.0,1.0,2.0,2.0,N,1233,1236,N,2020.0,O,0,0,0,1,0,0,1,0,0,0.0,0.0,0.0
72517298,C,Motorcyclist,DAC,,20200702,1618.0,N,N,5.481,1,0,5,5.0,N,N,Y,37.64598,-84.77346,5.0,2.0,6.0,1.0,1.0,2.0,2.0,Y,1619,1621,N,2020.0,C,1,0,0,0,0,0,1,0,1,0.0,0.0,0.0
72517329,O,Motor Vehicle,DAC,,20200703,1120.0,N,Y,5.659,0,0,2,2.0,N,N,Y,37.64612,-84.77649,5.0,2.0,6.0,1.0,1.0,2.0,2.0,N,1120,1125,N,2020.0,O,0,0,0,0,0,0,1,0,0,0.0,0.0,0.0
72517471,O,Motor Vehicle,Non DAC,,20200703,1807.0,N,N,0.213,0,0,1,1.0,N,N,Y,37.65458,-84.77647,9.0,2.0,4.0,1.0,1.0,2.0,2.0,N,1807,1811,N,2020.0,O,0,0,0,0,0,0,1,0,1,0.0,1.0,0.0
72517555,O,Motor Vehicle,DAC,,20200704,446.0,N,N,0.357,0,0,1,1.0,N,N,Y,37.64055,-84.77132,9.0,2.0,4.0,1.0,1.0,2.0,5.0,N,446,447,N,2020.0,O,0,0,0,0,0,0,1,0,0,0.0,1.0,0.0
72517734,O,Motor Vehicle,DAC,REAR END,20200704,1709.0,N,Y,0.169,0,0,2,2.0,N,N,Y,37.61717,-84.77751,5.0,4.0,6.0,1.0,1.0,2.0,2.0,N,1709,1721,N,2020.0,O,0,0,0,0,0,0,1,0,0,0.0,0.0,0.0
72518484,O,Motor Vehicle,DAC,,20200707,857.0,N,Y,5.328,0,0,2,2.0,N,N,Y,37.64483,-84.77421,1.0,2.0,6.0,1.0,1.0,2.0,2.0,N,859,900,N,2020.0,O,0,0,0,0,0,0,1,0,0,0.0,0.0,0.0
72518975,O,Motor Vehicle,DAC,,20200708,1545.0,N,N,5.372,0,0,2,2.0,N,Y,Y,37.64554,-84.77404,5.0,2.0,6.0,1.0,1.0,2.0,2.0,N,1546,1548,N,2020.0,O,0,0,1,0,0,0,1,0,0,0.0,0.0,0.0
72519282,O,Motor Vehicle,DAC,ANGLE,20200707,1027.0,N,Y,0.178,0,0,2,2.0,N,N,Y,37.61783,-84.77136,1.0,5.0,6.0,1.0,1.0,2.0,2.0,N,1027,1030,N,2020.0,O,0,0,0,0,0,0,1,0,0,0.0,0.0,0.0
72520340,O,Motor Vehicle,Non DAC,,20200712,1929.0,N,Y,12.324,0,0,2,2.0,N,N,Y,37.64856,-84.80288,5.0,2.0,6.0,1.0,5.0,6.0,2.0,N,1929,1936,N,2020.0,O,0,0,0,0,0,0,1,0,0,0.0,0.0,0.0
72520634,O,Motor Vehicle,DAC,,20200713,1056.0,N,Y,0.03,0,0,2,2.0,N,N,Y,37.63865,-84.77302,1.0,3.0,6.0,1.0,1.0,2.0,2.0,N,1056,1059,N,2020.0,O,0,0,0,1,0,0,0,1,0,0.0,0.0,0.0
72520642,O,Motor Vehicle,DAC,,20200713,753.0,N,Y,0.175,0,0,2,2.0,N,N,Y,37.64479,-84.77415,1.0,2.0,6.0,1.0,1.0,2.0,2.0,N,754,754,N,2020.0,O,0,0,1,0,0,0,1,1,0,0.0,0.0,0.0
72521316,O,Motor Vehicle,DAC,,20200715,1507.0,N,Y,0.254,0,0,2,2.0,N,N,Y,37.6497,-84.78267,4.0,2.0,6.0,1.0,1.0,2.0,2.0,N,1507,1512,N,2020.0,O,0,0,0,0,0,0,1,0,0,0.0,0.0,0.0
72521355,B,Motor Vehicle,DAC,ANGLE,20200715,1224.0,N,Y,0.844,1,0,2,2.0,N,N,Y,37.61712,-84.78972,1.0,4.0,4.0,1.0,1.0,2.0,2.0,Y,1229,1232,N,2020.0,B,0,0,0,1,0,0,0,1,0,0.0,0.0,0.0
72521404,O,Motor Vehicle,DAC,,20200715,1913.0,N,Y,6.029,0,0,2,2.0,N,N,Y,37.64709,-84.78238,5.0,2.0,6.0,1.0,1.0,2.0,2.0,N,1914,1916,N,2020.0,O,0,0,1,0,0,0,0,0,0,0.0,0.0,0.0
72521538,O,Motor Vehicle,Non DAC,,20200715,1141.0,N,Y,8.213,0,0,2,2.0,N,N,Y,37.67724,-84.79088,4.0,5.0,6.0,1.0,1.0,2.0,2.0,N,1141,1144,N,2020.0,O,0,1,0,0,0,0,1,1,0,0.0,0.0,0.0
72521574,O,Motor Vehicle,DAC,,20200716,1029.0,N,Y,0.002,0,0,2,2.0,N,N,Y,37.64889,-84.77047,8.0,2.0,5.0,1.0,1.0,2.0,2.0,N,1032,1037,N,2020.0,O,0,0,0,0,0,0,1,0,0,0.0,0.0,0.0
72521575,O,Motor Vehicle,DAC,,20200716,1008.0,N,Y,6.026,0,0,2,2.0,N,N,Y,37.64713,-84.78241,5.0,2.0,6.0,1.0,1.0,2.0,2.0,N,1008,1012,N,2020.0,O,0,0,0,1,0,0,1,1,0,0.0,0.0,0.0
72521967,O,Motor Vehicle,DAC,,20200717,1257.0,N,Y,4.907,0,0,2,2.0,N,N,Y,37.63874,-84.77466,4.0,2.0,6.0,1.0,1.0,2.0,2.0,N,1257,1257,N,2020.0,O,0,0,0,0,0,0,1,0,0,0.0,0.0,0.0
72522002,O,Motor Vehicle,DAC,,20200717,1544.0,N,N,0.857,0,0,2,2.0,N,N,Y,37.63332,-84.77206,5.0,2.0,6.0,1.0,5.0,6.0,2.0,N,1544,1548,N,2020.0,O,0,0,0,0,0,0,1,1,0,0.0,0.0,0.0
72522004,O,Motor Vehicle,DAC,,20200717,1512.0,N,Y,5.25,0,0,2,2.0,N,Y,Y,37.64373,-84.77425,1.0,2.0,6.0,1.0,5.0,6.0,2.0,N,1511,1512,N,2020.0,O,0,0,0,0,0,0,1,0,0,0.0,0.0,0.0
72522016,O,Motor Vehicle,DAC,,20200717,1558.0,N,Y,0.199,0,0,1,1.0,N,N,Y,37.6487,-84.76792,9.0,2.0,6.0,1.0,5.0,6.0,2.0,N,1558,1558,N,2020.0,O,0,0,0,0,0,0,0,0,0,0.0,0.0,0.0
72522068,C,Motor Vehicle,DAC,,20200717,1726.0,N,Y,4.911,1,0,2,2.0,N,N,Y,37.63883,-84.77471,1.0,2.0,6.0,1.0,1.0,3.0,2.0,Y,1726,1729,N,2020.0,C,0,0,0,0,0,0,1,1,0,0.0,0.0,0.0
72522416,O,Motor Vehicle,Non DAC,,20200717,1737.0,N,Y,13.979,0,0,2,2.0,N,N,Y,37.64927,-84.76293,5.0,2.0,6.0,1.0,5.0,6.0,2.0,N,1737,1743,N,2020.0,O,0,0,0,0,0,0,1,0,0,0.0,0.0,0.0
72522417,O,Motor Vehicle,DAC,,20200717,1804.0,N,Y,0.078,0,0,2,2.0,N,N,Y,37.64887,-84.77052,1.0,2.0,6.0,1.0,5.0,6.0,2.0,N,1804,1810,N,2020.0,O,0,0,1,0,0,0,1,0,0,0.0,0.0,0.0
72522418,O,Motor Vehicle,DAC,ANGLE,20200718,2107.0,N,Y,0.177,0,0,2,2.0,N,N,Y,37.61782,-84.77135,1.0,6.0,6.0,1.0,1.0,2.0,5.0,N,2107,2110,N,2020.0,O,0,0,0,0,0,0,1,1,0,0.0,0.0,0.0
72522792,O,Motor Vehicle,Non DAC,,20200717,1610.0,N,N,0.039,0,0,2,2.0,N,N,Y,37.63261,-84.7511,5.0,2.0,1.0,1.0,5.0,6.0,2.0,N,1623,1624,N,2020.0,O,0,0,1,0,0,0,0,1,0,0.0,0.0,0.0