MasterFile,KABCO_Mod,Mode,Disadvantaged Com ID,MannerofCollision_Real,CollisionDate,CollisionTime,ParkingLotIndicator,IntersectionWith_Indicator_,Milepoint,NumberInjured,NumberKilled,ofUnits,ofMotorVeh,Hit&RunIndicator,OneWayIndicator,InCityLimitsIndicator,Latitude,Longitude,MannerofCollisionCode,TotalLanes,RoadwayCharacterCode,RoadwaySurfaceCode,RoadwayConditionCode,WeatherCode,LightConditionCode,FirstAidSceneIndicator,TimeNotified,TimeArrived,MedianCros,YR,KABCO,Motorcyclist,CommercialVehicle,YoungDriver,MatureDriver,Pedestrian,Bicyclist,Distracted,agressive,Impaired,Unrestrain,RoadwayDep,MedXover
72548285,O,Motor Vehicle,DAC,REAR END,20201001,1251.0,N,Y,3.465,0,0,2,2.0,N,N,Y,37.61767,-84.7746,5.0,2.0,6.0,1.0,1.0,2.0,2.0,N,1054,1056,N,2020.0,O,0,0,0,0,0,0,1,1,0,0.0,0.0,0.0
72548462,O,Motor Vehicle,DAC,,20200929,1025.0,N,N,5.115,0,0,2,2.0,N,Y,Y,37.64215,-84.77445,1.0,2.0,6.0,1.0,1.0,2.0,2.0,N,1031,1040,N,2020.0,O,0,0,0,0,0,0,1,1,0,0.0,1.0,0.0
72548705,O,Motor Vehicle,DAC,,20201002,1447.0,N,N,4.789,0,0,2,2.0,N,Y,Y,37.63655,-84.77392,8.0,2.0,3.0,1.0,1.0,2.0,2.0,N,1451,1459,N,2020.0,O,0,0,0,0,0,0,1,0,0,0.0,1.0,0.0
72549134,O,Motor Vehicle,Non DAC,,20201004,1834.0,N,Y,15.817,0,0,1,1.0,N,N,Y,37.66592,-84.7381,9.0,2.0,3.0,1.0,5.0,3.0,2.0,N,1834,1839,N,2020.0,O,0,0,0,0,0,0,1,1,0,0.0,0.0,0.0
72549228,O,Motor Vehicle,DAC,,20201005,207.0,N,N,13.671,0,0,1,1.0,N,N,Y,37.64606,-84.76652,9.0,2.0,2.0,1.0,1.0,2.0,7.0,N,209,211,N,2020.0,O,0,0,0,0,0,0,0,0,0,0.0,1.0,0.0
72549360,C,Motor Vehicle,DAC,ANGLE,20201004,1722.0,N,N,0.62,3,0,2,2.0,N,N,Y,37.61661,-84.78572,1.0,5.0,6.0,1.0,1.0,3.0,2.0,Y,1722,1727,N,2020.0,C,0,0,0,0,0,0,1,1,0,0.0,0.0,0.0
72549548,O,Motor Vehicle,Non DAC,,20201005,1717.0,N,Y,4.615,0,0,2,2.0,N,N,Y,37.66583,-84.79195,8.0,4.0,6.0,2.0,1.0,2.0,2.0,N,1717,1721,N,2020.0,O,0,0,0,1,0,0,1,1,0,0.0,0.0,0.0
72549766,C,Motor Vehicle,DAC,,20201005,1629.0,N,N,0.781,1,0,1,1.0,N,N,Y,37.64905,-84.7731,9.0,2.0,6.0,1.0,1.0,2.0,2.0,Y,1629,1634,N,2020.0,C,0,0,0,0,0,0,0,0,0,0.0,1.0,0.0
72550074,C,Motor Vehicle,DAC,,20201006,1552.0,N,N,4.046,1,0,2,2.0,N,N,Y,37.62603,-84.77474,1.0,5.0,6.0,1.0,1.0,2.0,2.0,Y,1549,1552,N,2020.0,C,0,0,0,1,0,0,1,1,0,0.0,0.0,0.0
72550169,O,Motor Vehicle,DAC,,20201007,1609.0,N,Y,5.197,0,0,2,2.0,N,Y,Y,37.64289,-84.77433,1.0,2.0,6.0,1.0,1.0,2.0,2.0,N,1609,1611,N,2020.0,O,0,0,0,0,0,0,1,0,0,0.0,0.0,0.0
72550436,O,Motor Vehicle,DAC,,20201005,657.0,N,Y,1.073,0,0,2,2.0,N,N,Y,37.63135,-84.77488,1.0,2.0,6.0,1.0,1.0,2.0,5.0,N,659,706,N,2020.0,O,0,0,0,0,0,0,1,1,0,0.0,0.0,0.0
72550552,O,Motor Vehicle,DAC,SIDESWIPE-OPPOSITE DIRECTION,20201008,2004.0,N,Y,0.001,0,0,2,2.0,Y,N,Y,37.61738,-84.77754,7.0,0.0,6.0,1.0,1.0,2.0,5.0,N,2004,2010,N,2020.0,O,0,0,0,0,0,0,1,0,0,0.0,0.0,0.0
72550810,O,Motor Vehicle,Non DAC,,20201009,1530.0,N,Y,3.197,0,0,2,2.0,N,N,Y,37.64857,-84.8032,5.0,4.0,6.0,1.0,1.0,3.0,2.0,N,1535,1545,N,2020.0,O,0,0,0,1,0,0,1,1,0,0.0,0.0,0.0
72550913,B,Motor Vehicle,DAC,,20201007,1518.0,N,Y,4.208,1,0,2,2.0,N,N,Y,37.62836,-84.77485,1.0,2.0,6.0,1.0,1.0,2.0,2.0,Y,1518,1518,N,2020.0,B,0,0,0,1,0,0,0,1,0,0.0,0.0,0.0
72550914,B,Motor Vehicle,Non DAC,,20201009,1358.0,N,Y,15.914,2,0,2,2.0,N,N,Y,37.66622,-84.73671,5.0,2.0,6.0,1.0,1.0,2.0,2.0,Y,1358,1402,N,2020.0,B,0,0,0,0,0,0,1,1,0,0.0,0.0,0.0
72551056,O,Motor Vehicle,DAC,,20201010,1030.0,N,N,13.818,0,0,2,2.0,N,N,Y,37.64549,-84.767,2.0,2.0,6.0,1.0,5.0,6.0,2.0,N,1030,1035,N,2020.0,O,0,0,0,0,0,0,1,0,0,0.0,1.0,0.0
72551149,O,Motor Vehicle,DAC,REAR END,20201010,1232.0,N,N,3.401,0,0,2,2.0,N,N,Y,37.61681,-84.77463,5.0,2.0,6.0,1.0,5.0,6.0,2.0,N,1232,1242,N,2020.0,O,0,0,0,0,0,0,0,0,0,0.0,0.0,0.0
72551282,O,Motor Vehicle,DAC,,20201011,1.0,N,Y,14.646,0,0,1,1.0,N,N,Y,37.63653,-84.75751,9.0,2.0,5.0,1.0,5.0,2.0,5.0,N,1,5,N,2020.0,O,0,0,0,0,0,0,0,0,0,0.0,0.0,0.0
72551303,O,Motor Vehicle,DAC,,20201011,45.0,N,Y,5.405,0,0,2,2.0,N,N,Y,37.64582,-84.77247,3.0,2.0,6.0,1.0,5.0,6.0,5.0,N,45,46,N,2020.0,O,0,0,0,0,0,0,0,0,0,0.0,0.0,0.0
72551442,B,Motor Vehicle,DAC,,20201006,1604.0,N,Y,0.208,1,0,2,2.0,N,N,Y,37.62257,-84.76407,1.0,2.0,4.0,1.0,1.0,2.0,2.0,Y,1604,1604,N,2020.0,B,0,0,1,0,0,0,1,1,0,0.0,0.0,0.0
72552056,O,Motor Vehicle,Non DAC,,20201011,648.0,N,Y,1.455,0,0,1,1.0,N,N,Y,37.67736,-84.76405,9.0,2.0,3.0,1.0,5.0,6.0,5.0,N,648,653,N,2020.0,O,0,0,0,0,0,0,0,1,0,0.0,0.0,0.0
72552100,O,Motor Vehicle,DAC,REAR END,20201008,1236.0,N,Y,0.628,0,0,2,2.0,N,N,Y,37.61966,-84.76341,5.0,1.0,6.0,1.0,1.0,2.0,2.0,N,1244,1248,N,2020.0,O,0,0,0,0,0,0,1,1,0,0.0,0.0,0.0
72552249,B,Motor Vehicle,DAC,,20201013,1134.0,N,N,5.389,1,0,1,1.0,N,Y,Y,37.64586,-84.77402,9.0,2.0,6.0,1.0,1.0,2.0,2.0,Y,1132,1138,N,2020.0,B,0,0,0,1,0,0,0,0,0,0.0,1.0,0.0
72553695,O,Motor Vehicle,DAC,,20201017,729.0,N,Y,5.328,0,0,2,2.0,N,N,Y,37.64483,-84.77409,1.0,2.0,6.0,1.0,1.0,2.0,1.0,N,729,729,N,2020.0,O,0,0,1,1,0,0,1,1,0,0.0,0.0,0.0
72553811,O,Motor Vehicle,DAC,,20201016,1420.0,N,Y,0.078,0,0,2,2.0,N,N,Y,37.61345,-84.7732,2.0,2.0,6.0,1.0,1.0,2.0,2.0,N,1420,1422,N,2020.0,O,0,0,1,1,0,0,1,1,0,0.0,0.0,0.0
72553834,O,Motor Vehicle,DAC,,20201014,0.0,N,Y,5.246,0,0,2,2.0,Y,N,Y,37.64383,-84.77425,1.0,2.0,4.0,1.0,1.0,2.0,2.0,N,1450,1501,N,2020.0,O,0,0,1,0,0,0,0,1,0,0.0,0.0,0.0
72553874,O,Motor Vehicle,Non DAC,,20201016,1703.0,N,N,12.546,0,0,2,2.0,N,N,Y,37.63161,-84.79423,1.0,2.0,6.0,1.0,1.0,2.0,2.0,N,1703,1705,N,2020.0,O,0,0,0,0,0,0,1,1,0,0.0,0.0,0.0
72554105,O,Motor Vehicle,DAC,ANGLE,20201017,1720.0,N,N,0.135,0,0,2,2.0,N,N,Y,37.61733,-84.78008,1.0,2.0,6.0,1.0,1.0,2.0,2.0,N,1720,1721,N,2020.0,O,0,0,0,0,0,0,1,1,0,0.0,0.0,0.0
72554470,O,Motor Vehicle,DAC,,20201019,1211.0,N,Y,5.888,0,0,2,2.0,N,N,Y,37.64635,-84.78069,5.0,2.0,4.0,1.0,5.0,6.0,2.0,N,1211,1215,N,2020.0,O,0,0,1,0,0,0,1,0,0,0.0,0.0,0.0
72554500,O,Motor Vehicle,DAC,,20201019,1303.0,N,Y,5.127,0,0,2,2.0,N,N,Y,37.64192,-84.77442,1.0,2.0,6.0,1.0,5.0,6.0,2.0,N,1303,1305,N,2020.0,O,0,0,0,1,0,0,0,1,0,0.0,0.0,0.0
72554730,O,Motor Vehicle,Non DAC,,20201019,1623.0,N,Y,1.8,0,0,3,3.0,N,N,Y,37.62894,-84.79761,8.0,5.0,6.0,1.0,5.0,6.0,2.0,N,1623,1627,N,2020.0,O,0,0,0,0,0,0,0,0,0,0.0,0.0,0.0
72555087,O,Motor Vehicle,Non DAC,,20201020,1634.0,N,Y,2.668,0,0,2,2.0,N,N,Y,37.64087,-84.80269,1.0,4.0,6.0,1.0,1.0,2.0,2.0,N,1634,1636,N,2020.0,O,0,0,0,0,0,0,1,0,0,0.0,0.0,0.0
72555324,O,Motor Vehicle,DAC,,20201021,713.0,N,Y,2.33,0,0,1,1.0,N,N,N,37.60136,-84.77371,9.0,4.0,6.0,1.0,1.0,2.0,5.0,N,713,723,N,2020.0,O,0,1,0,1,0,0,0,0,1,0.0,0.0,0.0
72555431,O,Motor Vehicle,Non DAC,,20201021,1652.0,N,Y,8.213,0,0,2,2.0,N,N,Y,37.67723,-84.79087,5.0,2.0,6.0,1.0,1.0,2.0,2.0,N,1646,1650,N,2020.0,O,0,0,0,1,0,0,1,0,0,0.0,0.0,0.0
72556016,O,Motor Vehicle,DAC,REAR END,20201023,1024.0,N,N,0.0,0,0,2,2.0,N,N,Y,37.61643,-84.77442,5.0,2.0,6.0,1.0,1.0,2.0,2.0,N,1036,1037,N,2020.0,O,0,0,0,0,0,0,1,1,0,0.0,0.0,0.0
72556038,O,Motor Vehicle,DAC,,20201023,1153.0,N,Y,4.68,0,0,2,2.0,N,N,Y,37.6352,-84.77504,5.0,2.0,6.0,1.0,1.0,2.0,2.0,N,1157,1200,N,2020.0,O,0,0,0,1,0,0,1,1,0,0.0,0.0,0.0
72556150,O,Motor Vehicle,DAC,,20201022,2000.0,N,Y,4.209,0,0,2,2.0,N,N,Y,37.62844,-84.77471,5.0,2.0,6.0,1.0,1.0,2.0,2.0,N,1900,1900,N,2020.0,O,0,0,0,0,0,0,0,0,0,0.0,0.0,0.0
72556699,O,Motor Vehicle,DAC,SIDESWIPE-SAME DIRECTION,20201025,706.0,N,Y,3.392,0,0,2,2.0,N,N,Y,37.61657,-84.77463,8.0,2.0,6.0,1.0,5.0,3.0,5.0,N,709,710,N,2020.0,O,0,0,0,1,0,0,1,0,0,0.0,0.0,0.0
72556850,C,Motor Vehicle,DAC,,20201025,1854.0,N,Y,5.974,2,0,2,2.0,N,N,Y,37.64635,-84.78239,5.0,3.0,6.0,1.0,1.0,2.0,3.0,Y,1854,1855,N,2020.0,C,0,0,0,0,0,0,1,0,0,0.0,0.0,0.0
72557262,O,Motor Vehicle,DAC,,20201026,1929.0,N,Y,0.001,0,0,2,2.0,N,N,Y,37.62843,-84.77478,5.0,2.0,6.0,1.0,1.0,2.0,5.0,N,1930,1938,N,2020.0,O,0,0,0,0,0,0,0,1,0,0.0,0.0,0.0
72557282,O,Motor Vehicle,DAC,,20201026,2039.0,N,Y,13.507,0,0,2,2.0,N,N,Y,37.64635,-84.78233,8.0,3.0,6.0,1.0,1.0,2.0,5.0,N,2039,2045,N,2020.0,O,0,0,1,1,0,0,1,1,0,0.0,0.0,0.0
72557309,O,Pedestrian,DAC,,20201026,2045.0,N,Y,13.508,0,0,2,1.0,Y,N,Y,37.64635,-84.78232,9.0,4.0,6.0,1.0,1.0,2.0,5.0,N,2350,2355,N,2020.0,O,0,0,0,0,1,0,1,1,0,0.0,0.0,0.0
72557961,A,Motor Vehicle,Non DAC,,20201006,1555.0,N,N,4.703,1,0,2,2.0,N,N,Y,37.66707,-84.7918,1.0,4.0,6.0,1.0,1.0,2.0,2.0,Y,1557,1603,N,2020.0,A,0,0,0,1,0,0,0,1,0,0.0,0.0,0.0
72558876,O,Motor Vehicle,DAC,ANGLE,20201030,1031.0,N,Y,0.017,0,0,2,2.0,N,N,Y,37.61722,-84.78178,1.0,1.0,6.0,1.0,5.0,3.0,2.0,N,1020,1027,N,2020.0,O,0,0,0,0,0,0,0,1,0,0.0,0.0,0.0
72558963,O,Motorcyclist,DAC,,20201029,1602.0,N,Y,4.942,0,0,2,2.0,N,Y,Y,37.6387,-84.77315,1.0,2.0,6.0,1.0,5.0,6.0,2.0,N,1602,1609,N,2020.0,O,1,0,0,0,0,0,0,0,0,0.0,0.0,0.0
72559288,O,Motor Vehicle,Non DAC,,20201031,1046.0,N,N,1.26,0,0,2,2.0,N,N,Y,37.62169,-84.79427,5.0,2.0,6.0,1.0,1.0,2.0,2.0,N,1049,1102,N,2020.0,O,0,0,0,1,0,0,1,0,0,0.0,0.0,0.0
72559990,B,Motor Vehicle,DAC,,20201028,1903.0,N,Y,4.138,1,0,2,2.0,N,N,Y,37.62734,-84.77476,1.0,2.0,6.0,1.0,5.0,6.0,7.0,Y,1903,1907,N,2020.0,B,0,0,0,0,0,0,1,0,0,0.0,0.0,0.0
72559998,O,Motor Vehicle,DAC,,20201102,1402.0,N,Y,4.853,0,0,2,2.0,N,Y,Y,37.63802,-84.77476,1.0,2.0,6.0,1.0,1.0,2.0,2.0,N,1402,1439,N,2020.0,O,0,0,0,1,0,0,1,0,0,0.0,0.0,0.0
72560125,O,Motor Vehicle,DAC,SIDESWIPE-OPPOSITE DIRECTION,20201102,1600.0,N,N,3.588,0,0,2,2.0,N,N,Y,37.61947,-84.7746,7.0,5.0,6.0,1.0,1.0,2.0,2.0,N,1600,1608,N,2020.0,O,0,0,0,0,0,0,1,1,0,0.0,1.0,0.0
72560322,O,Motor Vehicle,Non DAC,,20201102,705.0,N,Y,1.794,0,0,2,2.0,N,N,Y,37.62887,-84.79758,5.0,2.0,6.0,1.0,1.0,2.0,2.0,N,705,718,N,2020.0,O,0,0,0,0,0,0,1,0,0,0.0,0.0,0.0
72560472,O,Motor Vehicle,Non DAC,,20201102,1812.0,N,Y,12.352,0,0,2,2.0,N,N,Y,37.64856,-84.80248,5.0,2.0,6.0,1.0,1.0,2.0,5.0,N,1812,1821,N,2020.0,O,0,0,0,1,0,0,1,0,0,0.0,0.0,0.0
72560660,B,Motor Vehicle,Non DAC,,20201103,1250.0,N,Y,1.233,1,0,3,3.0,N,N,Y,37.6213,-84.79414,5.0,2.0,1.0,1.0,1.0,2.0,2.0,Y,1250,1254,N,2020.0,B,0,1,0,1,0,0,1,0,0,0.0,0.0,0.0
72560913,O,Motor Vehicle,Non DAC,,20201104,1504.0,N,N,1.345,0,0,2,2.0,N,N,Y,37.66458,-84.76786,5.0,2.0,6.0,1.0,1.0,2.0,2.0,N,1504,1510,N,2020.0,O,0,0,0,0,0,0,1,0,0,0.0,0.0,0.0
72561172,O,Motor Vehicle,Non DAC,,20201105,821.0,N,Y,0.026,0,0,2,2.0,N,N,Y,37.65087,-84.76512,1.0,1.0,6.0,1.0,1.0,2.0,2.0,N,821,826,N,2020.0,O,0,0,0,0,0,0,0,0,0,0.0,0.0,0.0
72561426,O,Motor Vehicle,DAC,,20201105,1157.0,N,N,0.132,0,0,2,2.0,N,N,Y,37.64696,-84.77072,8.0,2.0,4.0,1.0,1.0,2.0,2.0,N,1157,1201,N,2020.0,O,0,0,0,1,0,0,1,0,0,0.0,0.0,0.0
72561531,O,Motor Vehicle,Non DAC,,20201106,1056.0,N,Y,4.614,0,0,1,1.0,N,N,Y,37.66583,-84.79216,9.0,2.0,4.0,1.0,1.0,2.0,2.0,N,1056,1103,N,2020.0,O,0,0,0,0,0,0,0,0,0,0.0,0.0,0.0
72561606,O,Motor Vehicle,DAC,,20201106,1756.0,N,N,5.327,0,0,2,2.0,N,N,Y,37.64487,-84.77416,5.0,2.0,6.0,1.0,1.0,2.0,3.0,N,1759,1801,N,2020.0,O,0,0,1,0,0,0,1,1,0,0.0,0.0,0.0
72561678,O,Motor Vehicle,Non DAC,,20201106,143.0,N,N,1.73,0,0,1,1.0,N,N,Y,37.62803,-84.79714,9.0,4.0,6.0,1.0,1.0,2.0,6.0,N,143,148,N,2020.0,O,0,0,0,0,0,0,0,0,0,0.0,0.0,0.0
72562616,O,Motor Vehicle,DAC,,20201107,1705.0,N,Y,3.691,0,0,2,2.0,N,N,Y,37.62094,-84.77452,1.0,2.0,6.0,1.0,1.0,2.0,2.0,N,1705,1710,N,2020.0,O,0,0,0,0,0,0,0,1,0,0.0,0.0,0.0
72562618,O,Motor Vehicle,DAC,,20201109,1215.0,N,N,13.665,0,0,3,3.0,N,N,Y,37.64599,-84.76653,8.0,2.0,4.0,1.0,1.0,2.0,2.0,N,1219,1222,N,2020.0,O,0,0,0,1,0,0,0,0,0,0.0,0.0,0.0
72562733,O,Motor Vehicle,DAC,,20201109,1415.0,N,Y,3.808,0,0,2,2.0,N,N,Y,37.62263,-84.77462,1.0,2.0,6.0,1.0,1.0,2.0,2.0,N,1415,1420,N,2020.0,O,0,0,0,0,0,0,1,1,0,0.0,0.0,0.0
72563047,O,Motor Vehicle,DAC,,20201110,1114.0,N,Y,13.52,0,0,2,2.0,N,N,Y,37.64587,-84.77223,5.0,4.0,6.0,1.0,1.0,2.0,2.0,N,1114,1120,N,2020.0,O,0,0,0,0,0,0,1,1,0,0.0,0.0,0.0
72563048,O,Motor Vehicle,Non DAC,,20201110,1422.0,N,Y,13.612,0,0,2,2.0,N,N,Y,37.64562,-84.78735,5.0,2.0,2.0,1.0,1.0,2.0,2.0,N,1422,1422,N,2020.0,O,0,0,0,0,0,0,1,1,0,0.0,0.0,0.0
72563129,O,Motor Vehicle,DAC,SIDESWIPE-SAME DIRECTION,20201108,1958.0,N,Y,3.364,0,0,2,2.0,N,N,Y,37.61655,-84.77464,8.0,2.0,3.0,1.0,1.0,2.0,5.0,N,2000,2001,N,2020.0,O,0,0,1,0,0,0,1,0,0,0.0,0.0,0.0
72563130,C,Motor Vehicle,DAC,ANGLE,20201110,1711.0,N,Y,3.517,1,0,2,2.0,N,N,Y,37.61848,-84.77459,1.0,2.0,6.0,1.0,1.0,2.0,2.0,Y,1710,1711,N,2020.0,C,0,0,0,0,0,0,1,1,0,0.0,0.0,0.0
72563817,O,Motor Vehicle,DAC,,20201112,816.0,N,Y,5.33,0,0,2,2.0,N,Y,Y,37.64482,-84.77415,1.0,2.0,6.0,1.0,1.0,2.0,2.0,N,816,819,N,2020.0,O,0,0,0,0,0,0,1,1,0,0.0,0.0,0.0
72564003,O,Motor Vehicle,DAC,,20201112,1930.0,N,Y,0.103,0,0,2,2.0,Y,N,Y,37.63072,-84.77205,7.0,0.0,5.0,1.0,1.0,2.0,4.0,N,1930,1934,N,2020.0,O,0,0,0,0,0,0,1,0,0,0.0,0.0,0.0
72564221,O,Motor Vehicle,DAC,,20201112,1233.0,N,N,5.497,0,0,2,2.0,N,N,Y,37.64589,-84.77368,5.0,2.0,6.0,1.0,1.0,2.0,2.0,N,1236,1240,N,2020.0,O,0,0,0,1,0,0,1,0,0,0.0,0.0,0.0
72564304,O,Motor Vehicle,DAC,,20201113,1006.0,N,Y,4.912,0,0,2,2.0,N,Y,Y,37.63882,-84.7747,1.0,2.0,6.0,1.0,1.0,2.0,2.0,N,1008,1011,N,2020.0,O,0,0,0,0,0,0,1,0,0,0.0,0.0,0.0
72564348,O,Motor Vehicle,Non DAC,,20201113,1200.0,N,Y,0.001,0,0,2,2.0,N,N,Y,37.67724,-84.79086,5.0,2.0,6.0,1.0,1.0,2.0,2.0,N,1207,1217,N,2020.0,O,0,0,0,1,0,0,1,0,0,0.0,0.0,0.0
72564372,O,Motor Vehicle,DAC,ANGLE,20201113,1240.0,N,Y,3.517,0,0,3,3.0,N,N,Y,37.61846,-84.7746,1.0,3.0,6.0,1.0,1.0,2.0,2.0,N,1241,1245,N,2020.0,O,0,0,0,0,0,0,1,1,0,0.0,0.0,0.0
72564687,O,Motor Vehicle,DAC,,20201113,1904.0,N,Y,0.0,0,0,2,2.0,N,N,Y,37.64546,-84.76661,4.0,3.0,6.0,1.0,1.0,2.0,5.0,N,1905,1906,N,2020.0,O,0,0,0,0,0,0,1,0,0,0.0,0.0,0.0
72564820,O,Motor Vehicle,Non DAC,,20201114,1603.0,N,N,0.958,0,0,2,2.0,N,N,Y,37.64367,-84.79148,8.0,2.0,6.0,1.0,1.0,2.0,2.0,N,1605,1610,N,2020.0,O,0,0,1,0,0,0,1,1,0,0.0,1.0,0.0
72565175,O,Motor Vehicle,DAC,SINGLE VEHICLE,20201115,1750.0,N,N,0.998,0,0,1,1.0,N,N,Y,37.62061,-84.75671,9.0,2.0,6.0,1.0,1.0,2.0,3.0,N,1750,1752,N,2020.0,O,0,0,1,0,0,0,0,0,0,0.0,0.0,0.0
72565368,O,Motor Vehicle,DAC,,20201113,1154.0,N,N,4.059,0,0,2,2.0,N,N,Y,37.62621,-84.77472,1.0,2.0,6.0,1.0,1.0,2.0,2.0,N,1157,1202,N,2020.0,O,0,0,1,1,0,0,1,1,0,0.0,0.0,0.0
72565369,O,Motor Vehicle,Non DAC,,20201115,1046.0,N,N,0.291,0,0,1,1.0,N,N,Y,37.65209,-84.75193,9.0,2.0,1.0,1.0,5.0,3.0,2.0,N,1047,1052,N,2020.0,O,0,0,0,0,0,0,0,1,0,0.0,1.0,0.0
72565833,B,Motor Vehicle,DAC,,20201117,936.0,N,N,0.745,3,0,2,2.0,N,N,Y,37.63444,-84.77171,2.0,2.0,4.0,1.0,1.0,2.0,2.0,Y,936,939,N,2020.0,B,0,0,1,0,0,0,1,0,0,0.0,0.0,0.0
72566145,O,Motor Vehicle,Non DAC,,20201116,852.0,N,Y,0.002,0,0,2,2.0,N,N,Y,37.64854,-84.80516,5.0,3.0,6.0,1.0,1.0,2.0,2.0,N,851,853,N,2020.0,O,0,0,0,0,0,0,1,1,0,0.0,0.0,0.0
72566997,O,Motor Vehicle,DAC,,20201120,1740.0,N,Y,0.035,0,0,2,2.0,N,N,Y,37.6164,-84.77378,1.0,2.0,6.0,1.0,1.0,2.0,5.0,N,1740,1745,N,2020.0,O,0,0,0,1,0,0,1,0,0,0.0,0.0,0.0
72567205,O,Motor Vehicle,DAC,REAR END,20201121,1234.0,N,Y,0.011,0,0,2,2.0,N,N,Y,37.61742,-84.77467,5.0,4.0,6.0,1.0,1.0,3.0,2.0,N,1236,1246,N,2020.0,O,0,0,1,0,0,0,0,0,0,0.0,0.0,0.0
72567261,O,Motor Vehicle,DAC,,20201121,1305.0,N,N,0.071,0,0,1,1.0,N,N,Y,37.61493,-84.77569,9.0,2.0,1.0,1.0,1.0,3.0,2.0,Y,1308,1309,N,2020.0,O,0,0,0,1,0,0,0,0,0,0.0,1.0,0.0
72567287,B,Motorcyclist,DAC,ANGLE,20201120,1558.0,N,Y,3.651,1,0,2,2.0,N,N,Y,37.62037,-84.77458,1.0,5.0,6.0,1.0,1.0,2.0,2.0,Y,1559,1602,N,2020.0,B,1,0,0,0,0,0,1,1,0,0.0,0.0,0.0
72567342,B,Motor Vehicle,Non DAC,,20201121,1904.0,N,N,11.407,3,0,2,2.0,N,N,Y,37.62409,-84.81179,1.0,2.0,6.0,1.0,1.0,2.0,7.0,Y,1905,1908,N,2020.0,B,0,0,0,0,0,0,1,1,0,0.0,1.0,0.0
72567868,O,Motor Vehicle,DAC,ANGLE,20201121,1209.0,N,Y,0.168,0,0,2,2.0,N,N,Y,37.61736,-84.77755,1.0,2.0,6.0,1.0,1.0,2.0,2.0,N,1212,1217,N,2020.0,O,0,0,0,0,0,0,1,1,0,0.0,0.0,0.0
72567983,O,Motor Vehicle,Non DAC,,20201123,1235.0,N,Y,0.002,0,0,2,2.0,N,N,Y,37.6496,-84.74802,3.0,2.0,1.0,1.0,1.0,2.0,2.0,N,1239,1249,N,2020.0,O,0,0,0,0,0,0,1,0,0,0.0,0.0,0.0
72568319,B,Motor Vehicle,DAC,,20201124,1106.0,N,N,14.423,2,0,1,1.0,N,N,Y,37.63856,-84.76049,9.0,2.0,4.0,1.0,1.0,2.0,2.0,Y,1108,1110,N,2020.0,B,0,0,0,0,0,0,0,0,0,0.0,1.0,0.0
72569219,O,Motor Vehicle,Non DAC,,20201127,1526.0,N,Y,12.317,0,0,2,2.0,N,N,Y,37.64856,-84.80318,5.0,2.0,6.0,1.0,1.0,2.0,2.0,N,1526,1533,N,2020.0,O,0,0,1,0,0,0,1,0,0,0.0,0.0,0.0
72569514,O,Motor Vehicle,Non DAC,,20201128,1730.0,N,N,1.696,0,0,1,1.0,N,N,Y,37.62756,-84.79696,9.0,4.0,6.0,1.0,1.0,2.0,6.0,N,1730,1733,N,2020.0,O,0,0,0,0,0,0,0,0,0,0.0,0.0,0.0
72569917,O,Motor Vehicle,DAC,,20201123,1310.0,N,Y,5.329,0,0,2,2.0,N,N,Y,37.64481,-84.7742,1.0,2.0,6.0,1.0,1.0,2.0,2.0,Y,1310,1311,N,2020.0,O,0,0,1,0,0,0,1,1,0,0.0,0.0,0.0
72570006,O,Motor Vehicle,DAC,ANGLE,20201128,1437.0,N,Y,3.255,0,0,2,2.0,N,N,Y,37.61468,-84.77447,1.0,2.0,6.0,1.0,1.0,2.0,2.0,N,1441,1443,N,2020.0,O,0,0,0,1,0,0,1,1,0,0.0,0.0,0.0
72570137,O,Motor Vehicle,DAC,,20201130,1740.0,N,Y,4.912,0,0,1,1.0,N,Y,Y,37.63882,-84.7747,9.0,2.0,6.0,1.0,5.0,9.0,5.0,N,1740,1745,N,2020.0,O,0,0,0,0,0,0,0,0,0,0.0,0.0,0.0
72570393,O,Motor Vehicle,Non DAC,,20201201,705.0,N,N,18.345,0,0,3,3.0,N,N,Y,37.61696,-84.79859,1.0,2.0,4.0,1.0,2.0,2.0,2.0,N,705,727,N,2020.0,O,0,0,0,0,0,0,0,0,0,0.0,1.0,0.0
72570470,O,Motor Vehicle,Non DAC,,20201201,1216.0,N,Y,3.212,0,0,2,2.0,N,N,Y,37.64873,-84.80314,5.0,4.0,6.0,1.0,1.0,2.0,2.0,N,1220,1226,N,2020.0,O,0,1,0,0,0,0,1,1,0,0.0,0.0,0.0
72570858,O,Motor Vehicle,DAC,,20201202,1000.0,N,Y,5.993,0,0,2,2.0,N,N,Y,37.64657,-84.78232,5.0,2.0,6.0,1.0,1.0,2.0,2.0,N,1000,1003,N,2020.0,O,0,0,0,0,0,0,0,0,0,0.0,0.0,0.0
72570929,O,Motor Vehicle,DAC,,20201125,1416.0,N,Y,0.83,0,0,2,2.0,N,N,Y,37.64898,-84.77217,5.0,2.0,6.0,1.0,5.0,2.0,2.0,N,1416,1418,N,2020.0,O,0,0,0,0,0,0,0,1,0,0.0,0.0,0.0