MasterFile,KABCO_Mod,Mode,Disadvantaged Com ID,MannerofCollision_Real,CollisionDate,CollisionTime,ParkingLotIndicator,IntersectionWith_Indicator_,Milepoint,NumberInjured,NumberKilled,ofUnits,ofMotorVeh,Hit&RunIndicator,OneWayIndicator,InCityLimitsIndicator,Latitude,Longitude,MannerofCollisionCode,TotalLanes,RoadwayCharacterCode,RoadwaySurfaceCode,RoadwayConditionCode,WeatherCode,LightConditionCode,FirstAidSceneIndicator,TimeNotified,TimeArrived,MedianCros,YR,KABCO,Motorcyclist,CommercialVehicle,YoungDriver,MatureDriver,Pedestrian,Bicyclist,Distracted,agressive,Impaired,Unrestrain,RoadwayDep,MedXover
72570930,O,Motor Vehicle,Non DAC,,20201201,1506.0,N,Y,12.241,0,0,2,2.0,N,N,Y,37.62884,-84.79797,6.0,2.0,6.0,1.0,4.0,2.0,2.0,N,1506,1511,N,2020.0,O,0,0,0,0,0,0,1,1,0,0.0,0.0,0.0
72571159,O,Motor Vehicle,DAC,BACKING,20201116,1530.0,N,N,0.254,0,0,2,2.0,N,N,Y,37.61722,-84.78205,2.0,2.0,4.0,1.0,1.0,2.0,2.0,N,1530,1530,N,2020.0,O,0,0,0,1,0,0,1,0,0,0.0,0.0,0.0
72571278,O,Motor Vehicle,DAC,REAR END,20201202,1245.0,N,N,0.13,0,0,2,2.0,N,N,Y,37.61743,-84.77683,5.0,2.0,6.0,1.0,1.0,2.0,2.0,N,1245,1247,N,2020.0,O,0,0,0,0,0,0,1,1,0,0.0,0.0,0.0
72572558,O,Motor Vehicle,DAC,,20201204,1230.0,N,Y,5.251,0,0,2,2.0,N,Y,Y,37.64372,-84.77425,1.0,2.0,6.0,1.0,1.0,3.0,2.0,N,1235,1236,N,2020.0,O,0,0,0,0,0,0,1,1,0,0.0,0.0,0.0
72572732,O,Motor Vehicle,DAC,ANGLE,20201207,1745.0,N,Y,0.239,0,0,2,2.0,N,N,Y,37.61721,-84.78178,1.0,2.0,6.0,1.0,1.0,2.0,5.0,N,1748,1759,N,2020.0,O,0,0,0,1,0,0,1,0,0,0.0,0.0,0.0
72572916,O,Motor Vehicle,DAC,ANGLE,20201208,1132.0,N,Y,0.304,0,0,2,2.0,N,N,Y,37.61873,-84.76941,1.0,2.0,6.0,1.0,1.0,3.0,2.0,N,1134,1135,N,2020.0,O,0,1,0,0,0,0,0,0,0,0.0,0.0,0.0
72573161,O,Motor Vehicle,DAC,,20201208,1145.0,N,Y,0.395,0,0,2,2.0,N,N,Y,37.62655,-84.75235,1.0,2.0,4.0,1.0,1.0,3.0,2.0,N,1154,1201,N,2020.0,O,0,0,0,0,0,0,1,1,0,0.0,0.0,0.0
72573484,O,Motor Vehicle,Non DAC,,20201210,821.0,N,Y,2.297,0,0,1,1.0,N,N,Y,37.67736,-84.76408,9.0,2.0,6.0,1.0,1.0,2.0,2.0,N,817,822,N,2020.0,O,0,0,0,0,0,0,0,1,0,0.0,0.0,0.0
72573580,O,Motor Vehicle,DAC,REAR END,20200410,954.0,N,Y,3.442,0,0,2,2.0,N,N,Y,37.61745,-84.77443,5.0,2.0,6.0,1.0,1.0,2.0,2.0,N,956,959,N,2020.0,O,0,0,1,0,0,0,1,0,0,0.0,0.0,0.0
72573695,O,Motor Vehicle,Non DAC,,20201210,1435.0,N,Y,1.801,0,0,2,2.0,N,N,Y,37.62898,-84.79762,5.0,4.0,6.0,1.0,1.0,2.0,2.0,N,1435,1439,N,2020.0,O,0,0,0,0,0,0,0,1,0,0.0,0.0,0.0
72574020,O,Motor Vehicle,Non DAC,,20201211,1953.0,N,Y,8.211,0,0,2,2.0,N,N,Y,37.67722,-84.79086,1.0,2.0,6.0,1.0,1.0,2.0,5.0,N,1954,1958,N,2020.0,O,0,0,0,0,0,0,1,1,0,0.0,0.0,0.0
72574024,O,Motor Vehicle,Non DAC,,20201209,1611.0,N,N,1.987,0,0,2,2.0,N,N,Y,37.67362,-84.75654,1.0,2.0,6.0,1.0,1.0,2.0,2.0,N,1514,1515,Y,2020.0,O,0,0,0,1,0,0,1,1,0,0.0,0.0,0.0
72574206,O,Motor Vehicle,DAC,REAR END,20201212,1216.0,N,N,0.06,0,0,2,2.0,N,N,Y,37.61753,-84.77555,5.0,4.0,6.0,1.0,5.0,3.0,2.0,N,1217,1226,N,2020.0,O,0,0,1,0,0,0,0,1,0,0.0,0.0,0.0
72574588,C,Motor Vehicle,Non DAC,,20201213,1753.0,N,Y,8.211,1,0,2,2.0,N,N,Y,37.67723,-84.79084,1.0,2.0,6.0,1.0,1.0,2.0,5.0,Y,1746,1753,N,2020.0,C,0,0,0,0,0,0,1,1,0,0.0,0.0,0.0
72574640,O,Motor Vehicle,Non DAC,,20201212,2239.0,N,N,1.296,0,0,1,1.0,N,N,Y,37.62209,-84.7948,9.0,2.0,6.0,1.0,1.0,2.0,5.0,N,2216,2223,N,2020.0,O,0,0,0,0,0,0,1,0,1,0.0,1.0,0.0
72574703,C,Motor Vehicle,DAC,,20201213,2246.0,N,Y,5.331,1,0,3,3.0,N,Y,Y,37.64479,-84.77414,1.0,2.0,6.0,1.0,5.0,6.0,5.0,Y,2247,2249,N,2020.0,C,0,0,0,1,0,0,1,1,0,0.0,0.0,0.0
72574846,O,Motor Vehicle,DAC,REAR END,20201214,1159.0,N,Y,3.253,0,0,2,2.0,N,N,Y,37.61465,-84.77447,5.0,3.0,6.0,1.0,1.0,2.0,2.0,N,1202,1202,N,2020.0,O,0,0,0,1,0,0,1,0,0,0.0,0.0,0.0
72574890,O,Motor Vehicle,DAC,REAR END,20201211,1500.0,N,Y,3.445,0,0,2,2.0,Y,N,Y,37.61739,-84.77446,5.0,7.0,6.0,1.0,1.0,2.0,2.0,N,1504,1504,N,2020.0,O,0,0,0,1,0,0,1,0,0,0.0,0.0,0.0
72574933,O,Motor Vehicle,DAC,,20201214,1718.0,N,N,4.071,0,0,2,2.0,N,N,Y,37.62638,-84.77473,1.0,2.0,6.0,1.0,1.0,2.0,2.0,N,1718,1720,N,2020.0,O,0,0,0,0,0,0,1,1,0,0.0,0.0,0.0
72575234,O,Motor Vehicle,Non DAC,,20201214,2003.0,N,Y,1.802,0,0,1,1.0,N,N,Y,37.62888,-84.79783,9.0,2.0,6.0,1.0,1.0,2.0,5.0,N,2003,2026,N,2020.0,O,0,0,0,0,0,0,1,0,0,0.0,0.0,0.0
72575573,O,Motor Vehicle,DAC,,20201216,1445.0,N,N,0.041,0,0,2,2.0,Y,N,Y,37.64512,-84.77089,1.0,2.0,6.0,1.0,5.0,6.0,2.0,N,1448,1452,N,2020.0,O,0,0,0,1,0,0,0,0,0,0.0,0.0,0.0
72575916,A,Motor Vehicle,Non DAC,,20201210,1345.0,N,N,0.987,2,0,1,1.0,N,N,Y,37.65983,-84.76922,9.0,2.0,6.0,1.0,1.0,2.0,2.0,Y,1349,1344,N,2020.0,A,0,0,1,0,0,0,0,0,0,0.0,1.0,0.0
72575918,O,Motor Vehicle,DAC,,20201216,1215.0,N,Y,0.0,0,0,2,2.0,Y,N,Y,37.64356,-84.78263,1.0,2.0,6.0,1.0,5.0,6.0,2.0,N,1254,1258,N,2020.0,H,0,0,0,0,0,0,1,0,0,0.0,0.0,0.0
72575965,O,Motor Vehicle,DAC,,20201217,1558.0,N,N,14.044,0,0,2,2.0,N,N,Y,37.64288,-84.76472,8.0,2.0,5.0,1.0,1.0,2.0,2.0,N,1558,1604,N,2020.0,O,0,0,0,0,0,0,1,0,0,0.0,0.0,0.0
72575966,O,Motor Vehicle,DAC,,20201217,1631.0,N,Y,5.327,0,0,2,2.0,N,Y,Y,37.64466,-84.77256,5.0,2.0,6.0,1.0,1.0,2.0,2.0,N,1631,1635,N,2020.0,O,0,0,0,0,0,0,0,0,0,0.0,0.0,0.0
72576182,O,Motor Vehicle,Non DAC,,20201218,734.0,N,Y,0.033,0,0,2,2.0,N,N,Y,37.65229,-84.80866,2.0,2.0,6.0,1.0,1.0,2.0,1.0,N,735,744,N,2020.0,O,0,1,1,0,0,0,1,0,0,0.0,0.0,0.0
72576330,O,Motor Vehicle,Non DAC,,20201218,1550.0,N,Y,11.0,0,0,2,2.0,N,N,Y,37.62088,-84.81783,1.0,3.0,6.0,1.0,1.0,2.0,2.0,N,1558,1606,N,2020.0,O,0,0,0,0,0,0,0,1,0,0.0,0.0,0.0
72576647,O,Motor Vehicle,DAC,ANGLE,20201216,1143.0,N,Y,3.569,0,0,2,2.0,Y,N,Y,37.6192,-84.77461,1.0,2.0,6.0,1.0,1.0,6.0,2.0,N,1145,1145,N,2020.0,O,0,0,0,0,0,0,1,1,0,0.0,0.0,0.0
72576697,O,Motor Vehicle,DAC,,20201217,1755.0,N,Y,13.723,0,0,2,2.0,Y,N,Y,37.64681,-84.76641,1.0,2.0,4.0,1.0,1.0,2.0,5.0,N,1756,1800,N,2020.0,O,0,0,0,0,0,0,0,0,0,0.0,0.0,0.0
72577040,O,Motor Vehicle,DAC,REAR END,20201219,1816.0,N,N,3.335,0,0,2,2.0,N,N,Y,37.61583,-84.77442,5.0,2.0,6.0,1.0,1.0,2.0,4.0,N,1816,1825,N,2020.0,O,0,0,0,0,0,0,1,0,0,0.0,0.0,0.0
72577071,C,Motor Vehicle,Non DAC,,20201218,1548.0,N,Y,13.331,1,0,2,2.0,N,N,Y,37.64241,-84.78974,1.0,2.0,3.0,1.0,1.0,2.0,2.0,Y,1548,1550,N,2020.0,C,0,0,0,0,0,0,1,1,0,0.0,0.0,0.0
72577335,O,Motor Vehicle,DAC,,20201221,1141.0,N,N,4.198,0,0,2,2.0,Y,N,Y,37.62821,-84.77477,5.0,2.0,6.0,1.0,1.0,3.0,2.0,N,1143,1147,N,2020.0,O,0,0,0,1,0,0,0,0,0,0.0,0.0,0.0
72577336,O,Motor Vehicle,DAC,REAR END,20201221,1221.0,N,Y,0.006,0,0,2,2.0,N,N,Y,37.61644,-84.77431,5.0,2.0,4.0,1.0,1.0,3.0,2.0,N,1223,1226,N,2020.0,O,0,0,0,1,0,0,1,1,0,0.0,0.0,0.0
72577356,O,Motor Vehicle,DAC,,20201219,1954.0,N,N,3.677,0,0,2,2.0,N,N,Y,37.62075,-84.77458,1.0,2.0,6.0,1.0,1.0,2.0,2.0,N,1954,2003,N,2020.0,O,0,0,1,0,0,0,1,1,0,0.0,0.0,0.0
72577787,C,Motor Vehicle,DAC,,20201221,1442.0,N,Y,4.415,1,0,2,2.0,N,N,Y,37.63135,-84.77488,1.0,4.0,6.0,1.0,1.0,2.0,2.0,Y,1442,1444,N,2020.0,C,0,0,0,0,0,0,1,1,0,0.0,0.0,0.0
72577920,O,Motor Vehicle,DAC,OPPOPSING LEFT TURN,20201222,1158.0,N,N,3.636,0,0,2,2.0,N,N,Y,37.62016,-84.77458,4.0,2.0,6.0,1.0,1.0,2.0,2.0,N,1159,1207,N,2020.0,O,0,0,0,0,0,0,1,0,0,0.0,0.0,0.0
72578800,O,Motor Vehicle,DAC,,20201225,2100.0,N,Y,0.021,0,0,2,2.0,N,N,Y,37.62036,-84.77656,8.0,2.0,1.0,1.0,5.0,2.0,7.0,N,2109,2118,N,2020.0,O,0,0,0,0,0,0,1,0,0,1.0,0.0,0.0
72579152,O,Motor Vehicle,Non DAC,,20201227,1313.0,N,Y,0.003,0,0,1,1.0,N,N,Y,37.66876,-84.76729,9.0,2.0,6.0,1.0,1.0,2.0,2.0,N,1315,1319,N,2020.0,O,0,0,0,1,0,0,1,0,0,0.0,0.0,0.0
72579771,O,Motor Vehicle,DAC,,20201229,1510.0,N,Y,0.724,0,0,2,2.0,N,N,Y,37.64909,-84.77414,1.0,2.0,6.0,1.0,1.0,2.0,2.0,N,1519,1523,N,2020.0,O,0,0,0,0,0,0,1,1,0,0.0,0.0,0.0
72579867,O,Motor Vehicle,Non DAC,,20201229,1751.0,N,Y,1.802,0,0,2,2.0,N,N,Y,37.62889,-84.79783,1.0,2.0,6.0,1.0,1.0,2.0,2.0,N,1751,1753,N,2020.0,O,0,0,0,1,0,0,1,1,0,0.0,0.0,0.0
72580456,O,Motor Vehicle,Non DAC,,20201230,1051.0,N,N,0.116,0,0,2,2.0,N,N,Y,37.64185,-84.792,2.0,1.0,6.0,1.0,1.0,2.0,2.0,N,1054,1057,N,2020.0,O,0,1,0,1,0,0,1,1,0,0.0,0.0,0.0
72580774,O,Motor Vehicle,DAC,REAR END,20210101,1552.0,N,Y,0.168,0,0,2,2.0,N,N,Y,37.61734,-84.77752,5.0,4.0,6.0,1.0,1.0,3.0,2.0,N,1557,1609,N,2021.0,O,0,0,0,0,0,0,1,0,0,0.0,0.0,0.0
72581021,O,Motor Vehicle,DAC,REAR END,20210102,1120.0,N,Y,0.005,0,0,2,2.0,N,N,Y,37.61469,-84.77456,5.0,2.0,4.0,1.0,1.0,3.0,2.0,N,1122,1127,N,2021.0,O,0,0,0,0,0,0,1,0,0,0.0,0.0,0.0
72581077,O,Motor Vehicle,DAC,,20210101,1711.0,N,N,6.106,0,0,1,1.0,N,N,Y,37.64821,-84.78247,9.0,2.0,6.0,1.0,5.0,3.0,2.0,N,1712,1713,N,2021.0,O,0,0,0,0,0,0,1,0,0,0.0,1.0,0.0
72581518,O,Motor Vehicle,DAC,,20210104,1530.0,N,N,4.244,0,0,2,2.0,N,N,Y,37.62888,-84.77473,5.0,5.0,4.0,1.0,1.0,2.0,2.0,N,1533,1543,N,2021.0,O,0,0,0,0,0,0,0,0,0,0.0,0.0,0.0
72581559,O,Motor Vehicle,DAC,,20210101,232.0,N,N,13.319,0,0,1,1.0,N,N,Y,37.64588,-84.7857,9.0,2.0,6.0,1.0,5.0,6.0,5.0,N,232,232,N,2021.0,O,0,0,1,0,0,0,1,0,0,0.0,1.0,0.0
72581841,O,Motor Vehicle,Non DAC,,20210105,1516.0,N,N,0.053,0,0,2,2.0,N,N,Y,37.65422,-84.74949,2.0,2.0,4.0,1.0,1.0,3.0,2.0,N,1521,1530,N,2021.0,O,0,0,0,0,0,0,1,0,0,0.0,0.0,0.0
72581857,B,Motor Vehicle,DAC,ANGLE,20210104,1512.0,N,Y,0.637,3,0,2,2.0,N,N,Y,37.61968,-84.76324,1.0,2.0,6.0,1.0,1.0,2.0,2.0,Y,1512,1514,N,2021.0,B,0,0,0,1,0,0,1,1,0,0.0,0.0,0.0
72582032,O,Motor Vehicle,Non DAC,,20210105,1612.0,N,Y,1.905,0,0,2,2.0,N,N,Y,37.63028,-84.79854,5.0,2.0,6.0,1.0,1.0,2.0,2.0,N,1612,1612,N,2021.0,O,0,0,1,0,0,0,1,0,0,0.0,0.0,0.0
72582090,O,Motor Vehicle,Non DAC,,20210105,1508.0,N,Y,1.791,0,0,2,2.0,N,N,Y,37.62883,-84.79756,8.0,4.0,6.0,1.0,1.0,2.0,2.0,N,1508,1520,N,2021.0,O,0,0,0,1,0,0,1,0,0,0.0,0.0,0.0
72582415,O,Motor Vehicle,DAC,SIDESWIPE-SAME DIRECTION,20210104,1601.0,N,Y,0.625,0,0,2,2.0,Y,N,Y,37.6166,-84.7858,8.0,2.0,1.0,1.0,1.0,3.0,2.0,N,1601,1611,N,2021.0,O,0,0,0,0,0,0,1,1,0,0.0,0.0,0.0
72582487,O,Motor Vehicle,DAC,,20210105,1602.0,N,Y,0.0,0,0,2,2.0,N,N,Y,37.64125,-84.76315,1.0,2.0,6.0,1.0,1.0,2.0,2.0,N,1602,1609,N,2021.0,O,0,0,0,1,0,0,1,1,0,0.0,0.0,0.0
72582532,O,Motor Vehicle,DAC,OPPOPSING LEFT TURN,20210107,1910.0,N,Y,3.376,0,0,2,2.0,N,N,Y,37.61643,-84.77442,4.0,2.0,6.0,1.0,1.0,2.0,6.0,Y,1910,1913,N,2021.0,O,0,0,1,0,0,0,0,1,0,0.0,0.0,0.0
72582680,O,Motor Vehicle,DAC,,20210108,1200.0,N,N,0.101,0,0,1,1.0,N,N,Y,37.63655,-84.77671,9.0,1.0,3.0,1.0,1.0,2.0,2.0,N,1200,1205,N,2021.0,O,0,1,0,0,0,0,0,0,0,0.0,1.0,0.0
72582711,O,Motor Vehicle,Non DAC,,20210107,1442.0,N,Y,12.243,0,0,2,2.0,N,N,Y,37.62887,-84.79793,5.0,2.0,6.0,1.0,1.0,3.0,2.0,N,1442,1445,N,2021.0,O,0,0,0,0,0,0,0,0,0,0.0,0.0,0.0
72582775,O,Motor Vehicle,DAC,,20210104,910.0,N,N,13.316,0,0,1,1.0,N,N,Y,37.64585,-84.78576,9.0,2.0,6.0,1.0,2.0,2.0,2.0,N,913,913,N,2021.0,O,0,0,0,0,0,0,0,1,0,0.0,1.0,0.0
72582937,O,Motor Vehicle,DAC,REAR END,20210109,1425.0,N,Y,0.003,0,0,3,3.0,N,N,Y,37.61765,-84.7744,5.0,4.0,6.0,1.0,1.0,3.0,2.0,N,1427,1432,N,2021.0,O,0,0,0,0,0,0,1,0,0,0.0,0.0,0.0
72583113,O,Motor Vehicle,DAC,,20210110,1323.0,N,Y,5.195,0,0,2,2.0,N,Y,Y,37.64286,-84.77433,1.0,2.0,6.0,1.0,1.0,2.0,2.0,N,1326,1330,N,2021.0,O,0,0,0,1,0,0,1,0,0,0.0,0.0,0.0
72583216,B,Motor Vehicle,DAC,,20210104,824.0,N,Y,14.719,3,0,2,2.0,N,N,Y,37.63597,-84.75642,4.0,2.0,6.0,1.0,5.0,2.0,2.0,Y,824,828,N,2021.0,B,0,1,0,0,0,0,1,1,0,1.0,0.0,0.0
72583309,O,Motor Vehicle,Non DAC,,20210111,920.0,N,Y,1.232,0,0,2,2.0,N,N,Y,37.62125,-84.79437,5.0,4.0,6.0,1.0,1.0,3.0,2.0,N,920,925,N,2021.0,O,0,0,0,0,0,0,1,1,0,0.0,0.0,0.0
72583736,O,Motor Vehicle,Non DAC,,20210112,1838.0,N,Y,12.283,0,0,2,2.0,N,N,Y,37.64857,-84.8038,5.0,2.0,6.0,1.0,1.0,2.0,5.0,N,1838,1843,N,2021.0,O,0,0,0,0,0,0,1,0,0,0.0,0.0,0.0
72583861,O,Motor Vehicle,DAC,,20210112,1339.0,N,N,3.751,0,0,2,2.0,N,N,Y,37.6218,-84.7746,5.0,4.0,6.0,1.0,1.0,2.0,2.0,N,1339,1348,N,2021.0,O,0,0,0,0,0,0,1,1,0,0.0,0.0,0.0
72584601,O,Motor Vehicle,DAC,,20210115,1212.0,N,Y,0.003,0,0,2,2.0,N,N,Y,37.62332,-84.77465,1.0,5.0,6.0,1.0,1.0,2.0,2.0,N,1212,1218,N,2021.0,O,0,0,0,0,0,0,1,1,0,0.0,0.0,0.0
72584640,O,Motor Vehicle,Non DAC,,20210115,1107.0,N,Y,1.232,0,0,2,2.0,N,N,Y,37.6213,-84.79414,5.0,4.0,1.0,1.0,1.0,2.0,2.0,N,1107,1115,N,2021.0,O,0,0,0,1,0,0,0,0,0,0.0,0.0,0.0
72584729,O,Motor Vehicle,Non DAC,,20210115,1810.0,N,Y,1.802,0,0,2,2.0,N,N,Y,37.62898,-84.79762,5.0,4.0,6.0,1.0,5.0,2.0,5.0,N,1810,1817,N,2021.0,O,0,0,0,0,0,0,1,1,0,0.0,0.0,0.0
72585645,O,Motor Vehicle,DAC,,20210118,1432.0,N,N,0.043,0,0,2,2.0,N,N,Y,37.6156,-84.77597,3.0,2.0,3.0,1.0,1.0,2.0,2.0,N,1411,1417,N,2021.0,O,0,0,0,0,0,0,0,0,1,0.0,1.0,0.0
72585827,O,Motor Vehicle,DAC,REAR END,20210117,1019.0,N,Y,0.011,0,0,2,2.0,N,N,Y,37.61743,-84.77467,5.0,3.0,6.0,1.0,5.0,8.0,2.0,N,1021,1025,N,2021.0,O,0,0,0,0,0,0,1,0,0,0.0,0.0,0.0
72587111,O,Motor Vehicle,DAC,ANGLE,20210123,1058.0,N,Y,0.167,0,0,2,2.0,N,N,Y,37.61716,-84.77748,1.0,2.0,6.0,1.0,1.0,2.0,2.0,N,1058,1101,N,2021.0,O,0,0,0,0,0,0,1,1,0,0.0,0.0,0.0
72587333,O,Motor Vehicle,DAC,,20210124,1213.0,N,N,0.088,0,0,2,2.0,N,N,Y,37.65329,-84.78502,7.0,1.0,5.0,1.0,5.0,3.0,2.0,N,1200,1201,N,2021.0,U,0,0,0,0,0,0,0,0,0,0.0,0.0,0.0
72587514,O,Motor Vehicle,Non DAC,,20210124,1842.0,N,Y,3.184,0,0,2,2.0,N,N,Y,37.64856,-84.80318,1.0,4.0,6.0,1.0,5.0,6.0,5.0,N,1843,1846,N,2021.0,O,0,0,0,0,0,0,1,1,0,0.0,0.0,0.0
72587707,O,Motor Vehicle,DAC,,20210125,1044.0,N,N,4.236,0,0,2,2.0,N,N,Y,37.62875,-84.77473,5.0,2.0,6.0,1.0,5.0,6.0,2.0,N,1046,1049,N,2021.0,O,0,0,0,0,0,0,1,0,0,0.0,0.0,0.0
72587859,C,Motor Vehicle,DAC,REAR END,20210124,1921.0,N,Y,0.176,1,0,2,2.0,N,N,Y,37.618,-84.77138,5.0,4.0,6.0,1.0,5.0,6.0,5.0,Y,1921,1926,N,2021.0,C,0,0,0,0,0,0,1,0,0,0.0,0.0,0.0
72588272,O,Motor Vehicle,DAC,SIDESWIPE-SAME DIRECTION,20210126,1955.0,N,N,3.388,0,0,2,2.0,N,N,Y,37.61654,-84.77462,8.0,2.0,6.0,1.0,1.0,2.0,5.0,N,1955,1958,N,2021.0,O,0,0,0,0,0,0,1,1,0,0.0,1.0,0.0
72588278,C,Motor Vehicle,Non DAC,,20210126,1221.0,N,N,0.24,1,0,2,2.0,N,N,Y,37.64787,-84.80439,1.0,2.0,3.0,1.0,1.0,2.0,2.0,Y,1221,1224,N,2021.0,C,0,0,0,1,0,0,1,1,0,0.0,0.0,0.0
72588378,O,Motor Vehicle,Non DAC,,20210127,726.0,N,Y,8.21,0,0,2,2.0,N,N,Y,37.6772,-84.79091,1.0,3.0,4.0,1.0,1.0,2.0,1.0,N,726,733,N,2021.0,O,0,0,0,0,0,0,1,1,0,0.0,0.0,0.0
72588464,O,Motor Vehicle,DAC,ANGLE,20210127,1335.0,N,Y,0.164,0,0,2,2.0,N,N,Y,37.61721,-84.77745,1.0,5.0,4.0,1.0,1.0,3.0,2.0,N,1345,1348,Y,2021.0,O,0,0,0,0,0,0,0,1,0,1.0,0.0,1.0
72588537,O,Motor Vehicle,DAC,,20210127,1815.0,N,Y,5.4,0,0,2,2.0,N,N,Y,37.64579,-84.77239,8.0,1.0,6.0,1.0,4.0,9.0,5.0,N,1823,1825,N,2021.0,O,0,0,0,0,0,0,1,1,0,0.0,0.0,0.0
72588833,O,Motor Vehicle,Non DAC,,20210127,1735.0,N,Y,3.084,0,0,2,2.0,N,N,Y,37.66442,-84.74291,5.0,4.0,6.0,1.0,5.0,9.0,2.0,N,1735,1742,N,2021.0,O,0,0,0,0,0,0,1,0,0,0.0,0.0,0.0
72588946,O,Motor Vehicle,DAC,,20210128,1511.0,N,Y,4.943,0,0,2,2.0,N,N,Y,37.63871,-84.77314,1.0,2.0,6.0,1.0,1.0,3.0,2.0,N,1513,1515,N,2021.0,O,0,0,0,0,0,0,1,1,0,0.0,0.0,0.0
72589403,O,Motor Vehicle,Non DAC,,20210129,1811.0,N,Y,0.448,0,0,2,2.0,N,N,Y,37.6524,-84.77183,1.0,2.0,6.0,1.0,1.0,2.0,1.0,N,1811,1812,N,2021.0,O,0,0,0,0,0,0,1,1,0,0.0,0.0,0.0
72589407,O,Motor Vehicle,Non DAC,,20210129,1922.0,N,Y,8.213,0,0,2,2.0,N,N,Y,37.67721,-84.79109,1.0,6.0,1.0,1.0,1.0,2.0,5.0,N,1923,1926,N,2021.0,O,0,0,0,0,0,0,1,1,0,0.0,0.0,0.0
72589615,O,Motor Vehicle,DAC,,20210130,1539.0,N,N,4.059,0,0,2,2.0,N,N,Y,37.62621,-84.77472,1.0,5.0,6.0,1.0,1.0,3.0,2.0,N,1541,1544,N,2021.0,O,0,0,0,0,0,0,1,1,0,0.0,0.0,0.0
72589766,O,Motor Vehicle,Non DAC,,20210131,48.0,N,N,0.586,0,0,1,1.0,N,N,N,37.63168,-84.74137,9.0,2.0,6.0,1.0,5.0,6.0,6.0,N,49,55,N,2021.0,O,0,0,1,0,0,0,0,1,1,0.0,1.0,0.0
72590046,O,Motor Vehicle,Non DAC,,20210130,2350.0,N,N,8.857,0,0,1,1.0,N,N,N,37.68554,-84.79615,9.0,4.0,6.0,1.0,5.0,6.0,6.0,N,2350,2350,N,2021.0,O,0,0,0,0,0,0,0,0,0,0.0,0.0,0.0
72590130,O,Motor Vehicle,DAC,REAR END,20210201,859.0,N,Y,3.251,0,0,2,2.0,N,N,Y,37.61462,-84.77443,5.0,2.0,6.0,1.0,4.0,9.0,2.0,N,859,901,N,2021.0,O,0,0,0,0,0,0,1,1,0,0.0,0.0,0.0
72590205,O,Motor Vehicle,DAC,,20210201,1049.0,N,N,0.164,0,0,1,1.0,N,N,Y,37.61968,-84.77768,9.0,2.0,1.0,1.0,4.0,9.0,2.0,N,1052,1054,N,2021.0,O,0,0,0,0,0,0,1,1,0,0.0,1.0,0.0
72590355,O,Motor Vehicle,DAC,,20210201,1735.0,N,Y,13.599,0,0,2,2.0,N,N,Y,37.64571,-84.77084,1.0,4.0,6.0,1.0,1.0,2.0,2.0,N,1735,1736,N,2021.0,O,0,0,0,0,0,0,1,0,0,0.0,0.0,0.0
72590356,O,Motor Vehicle,DAC,,20210201,1929.0,N,Y,6.208,0,0,2,2.0,N,N,Y,37.64969,-84.78267,4.0,2.0,6.0,1.0,5.0,9.0,4.0,N,1931,1934,N,2021.0,O,0,0,1,0,0,0,1,1,0,0.0,0.0,0.0
72590792,O,Motor Vehicle,DAC,,20210202,1554.0,N,Y,5.392,0,0,2,2.0,N,N,Y,37.64567,-84.77238,1.0,2.0,6.0,1.0,1.0,3.0,2.0,N,1556,1600,N,2021.0,O,0,0,1,0,0,0,1,1,0,0.0,0.0,0.0
72590815,O,Motor Vehicle,DAC,ANGLE,20210202,1203.0,N,Y,0.178,0,0,2,2.0,N,N,Y,37.61781,-84.77133,1.0,6.0,6.0,1.0,1.0,2.0,2.0,N,1205,1210,N,2021.0,O,0,0,1,0,0,0,1,1,0,0.0,0.0,0.0
72591029,O,Motor Vehicle,DAC,ANGLE,20210203,1931.0,N,Y,3.376,0,0,2,2.0,N,N,Y,37.61643,-84.77442,1.0,2.0,6.0,1.0,1.0,2.0,5.0,N,1933,1946,N,2021.0,O,0,0,1,0,0,0,0,1,0,0.0,0.0,0.0
72591151,O,Motor Vehicle,DAC,,20210202,1558.0,N,N,5.567,0,0,2,2.0,N,N,Y,37.64598,-84.77482,5.0,2.0,6.0,1.0,1.0,2.0,2.0,N,1558,1558,N,2021.0,O,0,0,0,0,0,0,1,0,0,0.0,0.0,0.0
72591188,O,Motor Vehicle,DAC,,20210204,1115.0,N,Y,5.201,0,0,2,2.0,N,Y,Y,37.64271,-84.77277,1.0,2.0,6.0,1.0,1.0,3.0,2.0,N,1118,1120,N,2021.0,O,0,0,0,0,0,0,1,0,0,0.0,0.0,0.0
72592094,B,Motor Vehicle,Non DAC,,20210207,1039.0,N,Y,11.879,1,0,1,1.0,N,N,Y,37.64836,-84.81118,9.0,2.0,6.0,1.0,5.0,2.0,2.0,Y,1039,1145,N,2021.0,B,0,0,1,0,0,0,0,1,0,0.0,0.0,0.0
72592338,O,Motor Vehicle,DAC,,20210207,1244.0,N,Y,13.592,0,0,2,2.0,N,N,Y,37.64572,-84.77096,5.0,4.0,6.0,1.0,1.0,2.0,2.0,N,1244,1249,N,2021.0,O,0,0,1,0,0,0,1,0,0,0.0,0.0,0.0