MasterFile,KABCO_Mod,Mode,Disadvantaged Com ID,MannerofCollision_Real,CollisionDate,CollisionTime,ParkingLotIndicator,IntersectionWith_Indicator_,Milepoint,NumberInjured,NumberKilled,ofUnits,ofMotorVeh,Hit&RunIndicator,OneWayIndicator,InCityLimitsIndicator,Latitude,Longitude,MannerofCollisionCode,TotalLanes,RoadwayCharacterCode,RoadwaySurfaceCode,RoadwayConditionCode,WeatherCode,LightConditionCode,FirstAidSceneIndicator,TimeNotified,TimeArrived,MedianCros,YR,KABCO,Motorcyclist,CommercialVehicle,YoungDriver,MatureDriver,Pedestrian,Bicyclist,Distracted,agressive,Impaired,Unrestrain,RoadwayDep,MedXover
72592457,C,Motor Vehicle,Non DAC,,20210208,1136.0,N,Y,8.21,1,0,2,2.0,N,N,Y,37.6772,-84.79086,5.0,4.0,1.0,1.0,1.0,3.0,2.0,Y,1136,1142,N,2021.0,C,0,1,0,1,0,0,1,0,0,0.0,0.0,0.0
72592792,O,Motor Vehicle,DAC,,20210209,1150.0,N,N,0.226,0,0,2,2.0,N,N,Y,37.64485,-84.77506,1.0,2.0,6.0,1.0,1.0,3.0,2.0,N,1150,1154,N,2021.0,O,0,0,1,0,0,0,0,1,0,0.0,0.0,0.0
72592871,O,Motor Vehicle,DAC,,20210209,1419.0,N,N,4.743,0,0,2,2.0,N,N,Y,37.63626,-84.77494,8.0,2.0,6.0,1.0,1.0,3.0,2.0,N,1420,1427,N,2021.0,O,0,0,0,0,0,0,1,1,0,0.0,1.0,0.0
72594098,C,Motor Vehicle,DAC,,20210212,2246.0,N,N,0.218,1,0,1,1.0,N,N,Y,37.63296,-84.77713,9.0,1.0,1.0,1.0,5.0,3.0,7.0,N,2246,2259,N,2021.0,C,0,0,0,0,0,0,0,0,1,0.0,1.0,0.0
72594906,O,Motor Vehicle,DAC,,20210211,1326.0,N,N,0.143,0,0,2,2.0,N,N,Y,37.62654,-84.76707,5.0,1.0,1.0,1.0,2.0,3.0,2.0,N,1329,1337,N,2021.0,O,0,0,0,0,0,0,0,1,0,0.0,1.0,0.0
72595294,O,Motor Vehicle,Non DAC,,20210215,1445.0,N,N,1.12,0,0,2,2.0,N,N,Y,37.66149,-84.76816,5.0,2.0,1.0,1.0,2.0,8.0,2.0,N,1445,1454,N,2021.0,O,0,0,0,0,0,0,0,0,0,0.0,1.0,0.0
72595853,O,Motor Vehicle,DAC,,20210217,2321.0,N,N,0.135,0,0,2,2.0,N,N,Y,37.62658,-84.76725,1.0,2.0,1.0,1.0,4.0,9.0,5.0,N,2321,2326,N,2021.0,O,0,0,0,0,0,0,0,0,0,0.0,0.0,0.0
72596022,O,Motor Vehicle,Non DAC,,20210218,1731.0,N,N,7.307,0,0,2,2.0,N,N,N,37.66558,-84.78444,7.0,2.0,6.0,1.0,5.0,3.0,2.0,N,1751,1801,N,2021.0,O,0,0,0,1,0,0,0,0,0,0.0,1.0,0.0
72596212,O,Motor Vehicle,DAC,,20210219,1207.0,N,Y,4.671,0,0,2,2.0,N,N,Y,37.63506,-84.77502,1.0,4.0,5.0,1.0,1.0,3.0,2.0,N,1207,1207,N,2021.0,O,0,0,0,0,0,0,0,1,0,0.0,0.0,0.0
72596740,O,Motor Vehicle,DAC,,20210222,804.0,N,Y,5.98,0,0,2,2.0,N,N,Y,37.64638,-84.78234,5.0,2.0,6.0,1.0,5.0,3.0,2.0,N,804,805,N,2021.0,O,0,0,0,0,0,0,1,1,0,0.0,0.0,0.0
72596869,O,Motor Vehicle,DAC,,20210222,1045.0,N,N,0.047,0,0,2,2.0,N,N,Y,37.64464,-84.77181,5.0,2.0,6.0,1.0,2.0,3.0,2.0,N,1053,1057,N,2021.0,O,0,0,0,1,0,0,0,0,0,1.0,0.0,0.0
72597789,O,Motor Vehicle,DAC,ANGLE,20210225,1202.0,N,Y,0.18,0,0,2,2.0,N,N,Y,37.6178,-84.7713,1.0,2.0,6.0,1.0,1.0,2.0,2.0,N,1204,1210,N,2021.0,O,0,1,0,0,0,0,1,0,0,0.0,0.0,0.0
72597952,O,Motor Vehicle,DAC,ANGLE,20210225,1829.0,N,Y,1.197,0,0,2,2.0,N,N,Y,37.62092,-84.75305,1.0,2.0,6.0,1.0,1.0,2.0,2.0,N,1735,1737,N,2021.0,O,0,0,0,0,0,0,1,1,0,0.0,0.0,0.0
72598227,O,Motor Vehicle,Non DAC,,20210226,1437.0,N,N,1.615,0,0,4,4.0,N,N,Y,37.62646,-84.79649,6.0,4.0,6.0,1.0,5.0,6.0,2.0,N,1437,1438,N,2021.0,O,0,0,0,0,0,0,1,0,0,0.0,0.0,0.0
72598412,O,Motor Vehicle,DAC,ANGLE,20210226,1214.0,N,Y,3.447,0,0,2,2.0,N,N,Y,37.61742,-84.77463,1.0,7.0,6.0,1.0,5.0,6.0,2.0,N,1214,1217,N,2021.0,O,0,0,0,0,0,0,1,1,0,0.0,0.0,0.0
72598794,O,Motor Vehicle,DAC,,20210228,2009.0,N,Y,5.326,0,0,2,2.0,N,Y,Y,37.64474,-84.77259,1.0,2.0,6.0,1.0,5.0,6.0,5.0,N,2009,2014,N,2021.0,O,0,0,0,0,0,0,0,1,0,0.0,0.0,0.0
72598797,O,Motor Vehicle,DAC,,20210228,1914.0,N,Y,5.328,0,0,3,3.0,N,Y,Y,37.64469,-84.77254,7.0,2.0,6.0,1.0,5.0,5.0,5.0,N,1917,1918,N,2021.0,O,0,0,0,1,0,0,1,1,0,0.0,0.0,0.0
72598890,C,Motor Vehicle,DAC,,20210226,1210.0,N,N,2.344,1,0,2,2.0,N,N,N,37.60145,-84.77364,5.0,4.0,6.0,1.0,5.0,6.0,2.0,Y,1215,1234,N,2021.0,C,0,0,0,0,0,0,0,0,0,0.0,0.0,0.0
72598896,O,Motor Vehicle,DAC,,20210301,850.0,N,Y,13.802,0,0,2,2.0,N,N,Y,37.64551,-84.76727,5.0,2.0,6.0,1.0,1.0,2.0,2.0,N,852,856,N,2021.0,O,0,0,0,1,0,0,1,0,0,0.0,0.0,0.0
72599030,O,Motor Vehicle,DAC,,20210301,1515.0,N,Y,4.415,0,0,2,2.0,N,N,Y,37.63135,-84.77488,5.0,2.0,6.0,1.0,1.0,3.0,2.0,N,1518,1524,N,2021.0,O,0,0,0,1,0,0,1,0,0,0.0,0.0,0.0
72599043,B,Motor Vehicle,DAC,,20210301,1305.0,N,Y,3.818,2,0,2,2.0,Y,N,Y,37.62279,-84.77462,1.0,5.0,6.0,1.0,1.0,3.0,2.0,Y,1311,1315,N,2021.0,B,0,0,0,1,0,0,0,1,1,0.0,0.0,0.0
72599251,O,Motor Vehicle,Non DAC,,20210302,745.0,N,Y,3.079,0,0,2,2.0,N,N,Y,37.66438,-84.74308,5.0,2.0,6.0,1.0,1.0,2.0,2.0,N,746,756,N,2021.0,O,0,0,0,0,0,0,1,1,0,0.0,0.0,0.0
72599377,O,Motor Vehicle,DAC,,20210302,727.0,N,N,0.224,0,0,1,1.0,N,N,Y,37.62901,-84.75207,9.0,2.0,4.0,1.0,2.0,2.0,2.0,N,727,734,N,2021.0,O,0,0,0,0,0,0,0,0,0,0.0,1.0,0.0
72599382,C,Pedestrian,DAC,,20210301,1015.0,N,Y,3.781,1,0,2,1.0,N,N,Y,37.62224,-84.77463,9.0,4.0,6.0,1.0,1.0,3.0,2.0,Y,1015,1019,N,2021.0,C,0,0,0,1,1,0,0,0,0,0.0,0.0,0.0
72599680,B,Motor Vehicle,DAC,,20210303,1330.0,N,N,4.37,2,0,2,2.0,N,N,Y,37.63089,-84.77484,1.0,5.0,6.0,1.0,1.0,2.0,2.0,Y,1333,1336,N,2021.0,B,0,0,0,1,0,0,0,1,0,0.0,0.0,0.0
72599898,B,Motor Vehicle,DAC,,20210303,328.0,N,Y,5.197,1,0,1,1.0,N,Y,Y,37.64289,-84.77433,9.0,2.0,6.0,1.0,1.0,2.0,5.0,Y,328,331,N,2021.0,B,0,0,0,0,0,0,0,0,1,1.0,0.0,0.0
72600322,O,Motor Vehicle,DAC,,20210304,1649.0,N,N,5.104,0,0,2,2.0,N,Y,Y,37.64167,-84.77449,8.0,2.0,4.0,1.0,1.0,2.0,2.0,N,1649,1649,N,2021.0,O,0,0,0,0,0,0,1,0,0,0.0,1.0,0.0
72600372,O,Motor Vehicle,DAC,,20210305,1530.0,N,N,5.557,0,0,2,2.0,N,N,Y,37.64596,-84.77464,5.0,3.0,6.0,1.0,1.0,2.0,2.0,N,1534,1537,N,2021.0,O,0,0,1,0,0,0,1,0,0,0.0,0.0,0.0
72600672,O,Motor Vehicle,DAC,,20210306,1438.0,N,N,5.351,0,0,2,2.0,N,Y,Y,37.64515,-84.77414,5.0,2.0,6.0,1.0,1.0,2.0,2.0,N,1438,1439,N,2021.0,O,0,0,0,0,0,0,1,0,0,0.0,0.0,0.0
72600685,O,Motor Vehicle,DAC,,20210226,1820.0,N,Y,13.839,0,0,2,2.0,N,N,Y,37.64547,-84.76659,3.0,2.0,6.0,1.0,5.0,6.0,5.0,N,1823,1823,N,2021.0,O,0,0,1,0,0,0,1,1,0,0.0,0.0,0.0
72601043,O,Motor Vehicle,DAC,REAR END,20210307,1512.0,N,Y,0.02,0,0,2,2.0,N,N,Y,37.621,-84.75305,5.0,2.0,5.0,1.0,1.0,2.0,2.0,N,1514,1516,N,2021.0,O,0,0,1,0,0,0,1,0,0,0.0,0.0,0.0
72601064,C,Motor Vehicle,DAC,ANGLE,20210307,1732.0,N,Y,0.617,2,0,2,2.0,N,N,Y,37.61662,-84.78566,1.0,4.0,6.0,1.0,1.0,2.0,2.0,Y,1732,1736,N,2021.0,C,0,0,1,1,0,0,1,1,0,0.0,0.0,0.0
72601155,C,Motor Vehicle,Non DAC,,20210301,1540.0,N,Y,3.745,2,0,2,2.0,N,N,Y,37.6555,-84.79926,1.0,4.0,6.0,1.0,1.0,3.0,2.0,Y,1541,1544,N,2021.0,C,0,0,0,0,0,0,0,1,0,0.0,0.0,0.0
72601298,O,Motor Vehicle,DAC,,20210308,1447.0,N,N,3.789,0,0,2,2.0,N,N,Y,37.62235,-84.77463,5.0,4.0,6.0,1.0,1.0,2.0,2.0,N,1447,1456,N,2021.0,O,0,0,0,1,0,0,1,0,0,0.0,0.0,0.0
72601859,O,Motor Vehicle,Non DAC,,20210310,1051.0,N,N,13.012,0,0,2,2.0,Y,N,Y,37.64744,-84.79044,7.0,2.0,1.0,1.0,1.0,2.0,2.0,N,1051,1056,N,2021.0,O,0,0,0,0,0,0,0,0,0,0.0,1.0,0.0
72601900,O,Motor Vehicle,DAC,,20210310,1245.0,N,N,5.185,0,0,2,2.0,N,Y,Y,37.64275,-84.77436,1.0,2.0,6.0,1.0,1.0,2.0,2.0,N,1246,1251,N,2021.0,O,0,0,1,0,0,0,0,1,0,0.0,0.0,0.0
72601912,O,Motor Vehicle,Non DAC,,20210305,1832.0,N,Y,12.316,0,0,2,2.0,N,N,Y,37.64857,-84.80317,1.0,2.0,6.0,1.0,1.0,2.0,2.0,N,1832,1833,N,2021.0,O,0,0,1,0,0,0,1,1,0,0.0,0.0,0.0
72601968,O,Motor Vehicle,DAC,,20210310,1118.0,N,Y,0.003,0,0,2,2.0,N,N,Y,37.64566,-84.77084,8.0,2.0,4.0,1.0,1.0,2.0,2.0,N,1118,1125,N,2021.0,O,0,0,0,0,0,0,0,0,0,0.0,0.0,0.0
72602048,O,Motor Vehicle,DAC,,20210305,1957.0,N,N,4.749,0,0,2,2.0,N,Y,Y,37.63639,-84.77494,1.0,2.0,6.0,1.0,1.0,2.0,5.0,N,1958,2001,N,2021.0,O,0,0,1,0,0,0,1,0,0,0.0,0.0,0.0
72602347,O,Motor Vehicle,DAC,ANGLE,20210311,1809.0,N,Y,0.169,0,0,2,2.0,Y,N,Y,37.61717,-84.77751,1.0,7.0,6.0,1.0,1.0,2.0,2.0,N,1810,1825,N,2021.0,O,0,0,1,0,0,0,1,1,0,0.0,0.0,0.0
72602576,O,Motor Vehicle,DAC,ANGLE,20210310,1823.0,N,Y,1.192,0,0,2,2.0,N,N,Y,37.62099,-84.75305,1.0,2.0,6.0,1.0,1.0,2.0,2.0,N,1824,1833,N,2021.0,O,0,0,0,0,0,0,1,1,0,0.0,0.0,0.0
72602809,O,Motor Vehicle,DAC,SIDESWIPE-SAME DIRECTION,20210312,1557.0,N,N,0.795,0,0,2,2.0,N,N,Y,37.61687,-84.78888,8.0,2.0,3.0,1.0,1.0,3.0,2.0,N,1557,1558,N,2021.0,O,0,0,0,0,0,0,1,1,0,1.0,1.0,0.0
72603800,O,Motor Vehicle,Non DAC,,20210316,1411.0,N,Y,0.015,0,0,2,2.0,N,N,Y,37.65554,-84.79929,1.0,4.0,6.0,1.0,1.0,2.0,2.0,N,1414,1433,N,2021.0,O,0,0,0,0,0,0,1,1,0,0.0,0.0,0.0
72603837,O,Motor Vehicle,DAC,,20210316,1610.0,N,N,13.528,0,0,2,2.0,N,N,Y,37.64577,-84.77209,5.0,2.0,6.0,1.0,1.0,2.0,2.0,N,1610,1618,N,2021.0,O,0,0,0,0,0,0,1,0,0,0.0,0.0,0.0
72603942,O,Motor Vehicle,DAC,,20210316,1438.0,N,N,0.051,0,0,2,2.0,N,N,Y,37.64496,-84.77091,5.0,2.0,6.0,1.0,1.0,2.0,2.0,N,1438,1447,N,2021.0,O,0,0,0,1,0,0,1,0,0,0.0,0.0,0.0
72604267,O,Motor Vehicle,Non DAC,,20210316,2226.0,N,Y,0.087,0,0,2,2.0,N,N,Y,37.65083,-84.76401,1.0,2.0,6.0,1.0,1.0,2.0,5.0,N,2226,2230,N,2021.0,O,0,0,0,0,0,0,0,0,0,0.0,0.0,0.0
72604481,O,Motor Vehicle,DAC,REAR END,20210318,1025.0,N,Y,3.468,0,0,2,2.0,N,N,Y,37.61742,-84.77452,5.0,4.0,6.0,1.0,5.0,6.0,2.0,N,1026,1027,N,2021.0,O,0,0,0,0,0,0,1,0,0,0.0,0.0,0.0
72604482,O,Motor Vehicle,DAC,ANGLE,20210318,1048.0,N,Y,0.401,0,0,2,2.0,N,N,Y,37.61697,-84.78175,1.0,4.0,6.0,1.0,5.0,3.0,2.0,N,1048,1057,N,2021.0,O,0,0,0,0,0,0,0,1,0,0.0,0.0,0.0
72604534,O,Motor Vehicle,Non DAC,,20210318,956.0,N,Y,0.002,0,0,1,1.0,N,N,Y,37.65193,-84.76254,9.0,2.0,1.0,1.0,5.0,3.0,2.0,N,956,1002,N,2021.0,O,0,0,0,0,0,0,0,0,0,0.0,0.0,0.0
72604665,O,Motor Vehicle,DAC,REAR END,20210318,1625.0,N,Y,3.47,0,0,2,2.0,N,N,Y,37.6178,-84.77466,5.0,6.0,4.0,1.0,5.0,3.0,2.0,N,1625,1635,N,2021.0,O,0,0,0,0,0,0,1,0,0,0.0,0.0,0.0
72604822,O,Motor Vehicle,DAC,,20210319,1005.0,N,Y,5.064,0,0,2,2.0,N,Y,Y,37.6406,-84.77293,8.0,2.0,4.0,1.0,1.0,3.0,2.0,N,1011,1014,N,2021.0,O,0,0,0,0,0,0,0,0,0,0.0,0.0,0.0
72605438,O,Motor Vehicle,DAC,,20210321,807.0,N,N,0.334,0,0,2,2.0,Y,N,Y,37.64016,-84.78065,3.0,2.0,6.0,3.0,1.0,2.0,2.0,N,807,813,N,2021.0,H,0,0,0,0,0,0,0,0,0,0.0,0.0,0.0
72605834,O,Motor Vehicle,Non DAC,,20210309,0.0,N,N,2.318,0,0,2,2.0,Y,N,Y,37.63601,-84.8008,1.0,5.0,6.0,1.0,1.0,2.0,2.0,N,1757,1820,N,2021.0,O,0,0,0,0,0,0,0,1,0,0.0,0.0,0.0
72605913,O,Motor Vehicle,Non DAC,,20210323,556.0,N,Y,1.789,0,0,1,1.0,N,N,Y,37.62888,-84.79784,9.0,2.0,6.0,1.0,1.0,2.0,5.0,N,556,604,N,2021.0,O,0,0,0,0,0,0,0,0,0,0.0,0.0,0.0
72605940,O,Motor Vehicle,Non DAC,,20210322,1524.0,N,Y,4.591,0,0,2,2.0,N,N,Y,37.66561,-84.7918,5.0,2.0,6.0,1.0,1.0,2.0,2.0,N,1528,1533,N,2021.0,O,0,0,0,1,0,0,1,0,0,0.0,0.0,0.0
72606041,O,Motor Vehicle,DAC,REAR END,20210323,1427.0,N,Y,3.441,0,0,2,2.0,N,N,Y,37.61744,-84.77446,5.0,4.0,6.0,1.0,1.0,2.0,2.0,N,1427,1429,N,2021.0,O,0,0,0,1,0,0,1,0,0,0.0,0.0,0.0
72606173,O,Motor Vehicle,DAC,,20210323,1410.0,N,Y,0.0,0,0,2,2.0,Y,N,Y,37.64582,-84.77242,8.0,3.0,6.0,1.0,1.0,2.0,2.0,N,1620,1620,N,2021.0,O,0,0,0,0,0,0,1,0,0,0.0,0.0,0.0
72606792,O,Motor Vehicle,DAC,BACKING,20210325,1837.0,N,Y,0.015,0,0,2,2.0,Y,N,Y,37.61766,-84.77435,2.0,4.0,6.0,1.0,1.0,3.0,2.0,N,1837,1840,N,2021.0,O,0,0,0,0,0,0,0,0,0,0.0,0.0,0.0
72606851,O,Motor Vehicle,DAC,,20210325,1451.0,N,N,0.209,0,0,2,2.0,N,N,Y,37.64973,-84.78349,8.0,2.0,6.0,1.0,1.0,2.0,2.0,N,1451,1459,N,2021.0,O,0,0,0,0,0,0,1,0,0,0.0,0.0,0.0
72606901,O,Motor Vehicle,Non DAC,,20210326,516.0,N,Y,1.711,0,0,2,2.0,Y,N,Y,37.62769,-84.79729,1.0,2.0,6.0,1.0,5.0,3.0,5.0,N,518,522,N,2021.0,O,0,0,0,0,0,0,0,0,0,0.0,0.0,0.0
72607157,O,Motor Vehicle,DAC,,20210326,1811.0,N,N,4.672,0,0,2,2.0,N,N,Y,37.63508,-84.77502,7.0,5.0,4.0,1.0,1.0,2.0,2.0,N,1811,1816,N,2021.0,O,0,0,1,0,0,0,1,0,0,0.0,1.0,0.0
72607197,O,Motor Vehicle,Non DAC,,20210326,2123.0,N,N,15.423,0,0,1,1.0,N,N,Y,37.62902,-84.74723,9.0,2.0,6.0,1.0,1.0,2.0,6.0,N,2123,2129,N,2021.0,O,0,0,0,0,0,0,0,0,0,0.0,0.0,0.0
72607252,O,Motor Vehicle,Non DAC,,20210327,102.0,N,N,0.184,0,0,1,1.0,N,N,Y,37.65816,-84.76529,9.0,2.0,1.0,1.0,1.0,2.0,6.0,N,104,113,N,2021.0,O,0,0,0,0,0,0,0,0,1,0.0,1.0,0.0
72607520,O,Motor Vehicle,DAC,REAR END,20210326,2022.0,N,N,0.229,0,0,2,2.0,N,N,Y,37.61838,-84.77071,5.0,2.0,6.0,1.0,1.0,2.0,3.0,N,2027,2035,N,2021.0,O,0,0,1,0,0,0,0,0,0,0.0,0.0,0.0
72607538,O,Motor Vehicle,Non DAC,,20210327,2355.0,N,Y,12.249,0,0,2,2.0,N,N,Y,37.62888,-84.79783,5.0,4.0,6.0,1.0,5.0,6.0,5.0,N,2358,3,N,2021.0,O,0,0,0,0,0,0,1,1,0,0.0,0.0,0.0
72607746,O,Motor Vehicle,Non DAC,,20210326,1652.0,N,N,0.223,0,0,2,2.0,N,N,Y,37.64775,-84.80409,1.0,2.0,6.0,1.0,1.0,2.0,2.0,N,1622,1624,N,2021.0,O,0,0,0,0,0,0,1,0,0,0.0,0.0,0.0
72608039,O,Motor Vehicle,DAC,,20210329,1207.0,N,N,0.134,0,0,2,2.0,N,N,Y,37.64475,-84.77338,1.0,2.0,6.0,1.0,1.0,2.0,2.0,N,1207,1215,N,2021.0,O,0,0,0,1,0,0,1,1,0,0.0,0.0,0.0
72608141,O,Motor Vehicle,DAC,,20210329,1749.0,N,Y,4.751,0,0,2,2.0,Y,Y,Y,37.63644,-84.77492,8.0,2.0,4.0,1.0,1.0,2.0,2.0,N,1752,1757,N,2021.0,O,0,0,1,0,0,0,0,0,0,0.0,0.0,0.0
72608757,B,Motor Vehicle,DAC,,20210330,1108.0,N,Y,0.457,1,0,2,2.0,N,N,Y,37.62852,-84.76645,1.0,1.0,6.0,1.0,1.0,2.0,2.0,Y,1109,1113,N,2021.0,B,0,0,0,1,0,0,0,0,0,1.0,0.0,0.0
72608758,O,Motor Vehicle,DAC,,20210331,741.0,N,N,5.553,0,0,2,2.0,N,N,Y,37.64597,-84.77455,1.0,3.0,6.0,1.0,5.0,6.0,2.0,N,744,744,N,2021.0,O,0,0,0,0,0,0,0,0,0,0.0,0.0,0.0
72608817,O,Motor Vehicle,DAC,,20210331,1530.0,N,N,5.463,0,0,4,4.0,N,N,Y,37.64587,-84.77323,5.0,2.0,6.0,1.0,1.0,3.0,2.0,N,1530,1531,N,2021.0,O,0,0,1,1,0,0,1,1,0,0.0,0.0,0.0
72608886,O,Motor Vehicle,DAC,REAR END,20210331,1717.0,N,Y,3.518,0,0,2,2.0,N,N,Y,37.61762,-84.77464,5.0,2.0,6.0,1.0,1.0,2.0,2.0,N,1717,1725,N,2021.0,O,0,0,1,0,0,0,1,0,0,0.0,0.0,0.0
72608889,O,Motor Vehicle,DAC,,20210331,642.0,N,Y,5.321,0,0,2,2.0,N,N,Y,37.64499,-84.77417,1.0,2.0,4.0,1.0,5.0,6.0,1.0,N,645,647,N,2021.0,O,0,0,0,0,0,0,1,1,0,0.0,0.0,0.0
72609108,O,Motor Vehicle,DAC,,20210331,1534.0,N,N,0.233,0,0,2,2.0,N,N,Y,37.61674,-84.77024,1.0,2.0,6.0,1.0,1.0,2.0,2.0,N,1534,1544,N,2021.0,O,0,0,0,1,0,0,1,1,0,0.0,0.0,0.0
72609248,O,Motor Vehicle,DAC,,20210401,1703.0,N,Y,0.205,0,0,2,2.0,N,N,Y,37.61674,-84.77075,1.0,2.0,4.0,1.0,1.0,2.0,2.0,N,1705,1710,N,2021.0,O,0,0,0,0,0,0,1,1,0,0.0,0.0,0.0
72609346,O,Motor Vehicle,DAC,SIDESWIPE-SAME DIRECTION,20210402,440.0,N,N,0.581,0,0,2,2.0,N,N,Y,37.61671,-84.78502,8.0,4.0,6.0,1.0,1.0,2.0,6.0,N,442,444,N,2021.0,O,0,0,0,0,0,0,1,1,0,0.0,1.0,0.0
72609620,O,Motor Vehicle,DAC,,20210402,1555.0,N,N,6.444,0,0,2,2.0,N,N,Y,37.6531,-84.78306,5.0,2.0,6.0,1.0,1.0,2.0,2.0,N,1555,1604,N,2021.0,O,0,0,1,0,0,0,1,0,0,0.0,0.0,0.0
72609813,O,Motor Vehicle,Non DAC,,20210403,1350.0,N,N,13.626,0,0,2,2.0,Y,N,Y,37.64564,-84.7871,5.0,2.0,6.0,1.0,1.0,2.0,2.0,N,1405,1438,N,2021.0,O,0,0,0,0,0,0,0,1,0,0.0,0.0,0.0
72610005,O,Motor Vehicle,DAC,REAR END,20210401,1349.0,N,N,0.033,0,0,2,2.0,N,N,Y,37.6176,-84.77507,5.0,2.0,6.0,1.0,1.0,2.0,2.0,N,1349,1351,N,2021.0,O,0,0,1,0,0,0,1,1,0,0.0,0.0,0.0
72610097,B,Motor Vehicle,DAC,REAR END,20210403,1458.0,N,N,0.599,1,0,2,2.0,N,N,Y,37.61974,-84.76397,5.0,2.0,6.0,1.0,1.0,2.0,2.0,Y,1500,1506,N,2021.0,B,0,0,1,0,0,0,0,1,0,0.0,0.0,0.0
72610505,O,Motor Vehicle,DAC,SIDESWIPE-SAME DIRECTION,20210405,1659.0,N,N,0.631,0,0,2,2.0,Y,N,Y,37.61966,-84.76335,8.0,4.0,6.0,1.0,1.0,2.0,2.0,N,1700,1713,N,2021.0,O,0,0,0,0,0,0,0,0,0,0.0,1.0,0.0
72610506,O,Motor Vehicle,DAC,ANGLE,20210405,1748.0,N,N,3.471,0,0,2,2.0,N,N,Y,37.61781,-84.77464,1.0,4.0,6.0,1.0,1.0,2.0,2.0,N,1750,1753,N,2021.0,O,0,0,0,0,0,0,1,1,0,0.0,0.0,0.0
72610609,O,Motor Vehicle,Non DAC,,20210405,1533.0,N,Y,12.307,0,0,2,2.0,N,N,Y,37.64854,-84.80336,5.0,2.0,6.0,1.0,1.0,2.0,2.0,N,1534,1540,N,2021.0,O,0,0,0,1,0,0,1,1,0,0.0,0.0,0.0
72611207,O,Motor Vehicle,DAC,ANGLE,20210407,1524.0,N,Y,3.251,0,0,2,2.0,N,N,Y,37.61473,-84.77451,1.0,2.0,6.0,1.0,1.0,2.0,2.0,N,1524,1535,N,2021.0,O,0,0,0,1,0,0,0,1,0,0.0,0.0,0.0
72611242,O,Motor Vehicle,DAC,ANGLE,20210407,1637.0,N,Y,3.517,0,0,2,2.0,N,N,Y,37.61848,-84.77459,1.0,4.0,6.0,1.0,1.0,2.0,2.0,N,1637,1638,N,2021.0,O,0,0,0,0,0,0,0,1,0,0.0,0.0,0.0
72611309,B,Motor Vehicle,DAC,,20210407,549.0,N,Y,5.695,1,0,2,2.0,N,N,Y,37.64612,-84.77715,1.0,2.0,6.0,1.0,1.0,2.0,1.0,N,548,549,N,2021.0,B,0,0,0,0,0,0,1,0,0,0.0,0.0,0.0
72611571,O,Motor Vehicle,DAC,,20210407,1604.0,N,N,13.768,0,0,2,2.0,N,N,Y,37.64555,-84.76787,8.0,2.0,6.0,1.0,1.0,2.0,2.0,N,1604,1604,N,2021.0,O,0,0,0,1,0,0,1,1,0,0.0,1.0,0.0
72611586,C,Motor Vehicle,Non DAC,,20210408,1432.0,N,N,0.422,1,0,2,2.0,N,N,Y,37.6577,-84.77176,7.0,2.0,6.0,1.0,5.0,6.0,2.0,Y,1435,1440,N,2021.0,C,0,0,0,1,0,0,0,0,0,0.0,1.0,0.0
72611822,O,Motor Vehicle,DAC,,20210407,1615.0,N,Y,4.91,0,0,2,2.0,N,Y,Y,37.6388,-84.77467,8.0,2.0,4.0,1.0,1.0,2.0,2.0,N,1619,1641,N,2021.0,O,0,0,1,1,0,0,0,0,0,0.0,0.0,0.0
72611823,O,Motor Vehicle,DAC,,20210407,1648.0,N,Y,4.911,0,0,2,2.0,N,Y,Y,37.63882,-84.77468,8.0,2.0,4.0,1.0,1.0,2.0,2.0,N,1648,1648,N,2021.0,O,0,0,0,0,0,0,0,1,0,0.0,0.0,0.0
72611861,O,Motor Vehicle,DAC,,20210409,1232.0,N,Y,0.048,0,0,2,2.0,N,N,Y,37.62844,-84.77392,5.0,2.0,4.0,1.0,1.0,2.0,2.0,N,1232,1240,N,2021.0,O,0,0,0,0,0,0,1,0,0,0.0,0.0,0.0
72611944,O,Motor Vehicle,DAC,,20210409,1528.0,N,Y,6.208,0,0,2,2.0,N,N,Y,37.64971,-84.78267,1.0,2.0,6.0,1.0,1.0,2.0,2.0,N,1528,1531,N,2021.0,O,0,0,0,0,0,0,1,1,0,0.0,0.0,0.0
72612071,C,Motor Vehicle,DAC,,20210409,2034.0,N,N,0.147,1,0,2,2.0,N,N,Y,37.64706,-84.76909,3.0,2.0,4.0,1.0,1.0,2.0,5.0,Y,2036,2041,N,2021.0,C,0,0,0,0,0,0,0,0,1,0.0,0.0,0.0
72612241,O,Motor Vehicle,DAC,ANGLE,20210410,1317.0,N,Y,3.464,0,0,2,2.0,N,N,Y,37.61772,-84.77464,1.0,2.0,4.0,1.0,5.0,6.0,2.0,N,1320,1323,N,2021.0,O,0,0,1,0,0,0,1,1,0,0.0,0.0,0.0
72612264,C,Motor Vehicle,DAC,REAR END,20210410,1255.0,N,Y,3.444,1,0,2,2.0,N,N,Y,37.61741,-84.77446,5.0,4.0,6.0,1.0,5.0,6.0,2.0,Y,1255,1304,N,2021.0,C,0,0,0,0,0,0,1,0,0,0.0,0.0,0.0