MasterFile,KABCO_Mod,Mode,Disadvantaged Com ID,MannerofCollision_Real,CollisionDate,CollisionTime,ParkingLotIndicator,IntersectionWith_Indicator_,Milepoint,NumberInjured,NumberKilled,ofUnits,ofMotorVeh,Hit&RunIndicator,OneWayIndicator,InCityLimitsIndicator,Latitude,Longitude,MannerofCollisionCode,TotalLanes,RoadwayCharacterCode,RoadwaySurfaceCode,RoadwayConditionCode,WeatherCode,LightConditionCode,FirstAidSceneIndicator,TimeNotified,TimeArrived,MedianCros,YR,KABCO,Motorcyclist,CommercialVehicle,YoungDriver,MatureDriver,Pedestrian,Bicyclist,Distracted,agressive,Impaired,Unrestrain,RoadwayDep,MedXover
72612273,O,Motor Vehicle,DAC,SINGLE VEHICLE,20210409,2029.0,N,N,1.123,0,0,1,1.0,N,N,Y,37.62062,-84.75442,9.0,4.0,6.0,1.0,1.0,2.0,6.0,N,2029,2043,N,2021.0,O,0,0,0,0,0,0,0,0,0,0.0,0.0,0.0
72612420,O,Motor Vehicle,DAC,,20210410,1840.0,N,Y,0.077,0,0,2,2.0,N,N,Y,37.64459,-84.77094,5.0,2.0,6.0,1.0,5.0,3.0,2.0,N,1840,1845,N,2021.0,O,0,0,0,0,0,0,1,0,0,0.0,0.0,0.0
72613118,B,Bicyclist,DAC,,20210412,1811.0,N,Y,13.598,1,0,2,1.0,N,N,Y,37.64571,-84.77083,9.0,6.0,6.0,1.0,1.0,2.0,2.0,Y,1812,1813,N,2021.0,B,0,0,0,0,0,1,1,1,0,0.0,0.0,0.0
72613474,O,Motor Vehicle,DAC,ANGLE,20210413,1740.0,N,Y,1.196,0,0,2,2.0,N,N,Y,37.62092,-84.75306,1.0,2.0,6.0,1.0,1.0,2.0,2.0,N,1740,1753,N,2021.0,O,0,0,0,0,0,0,1,1,0,0.0,0.0,0.0
72613632,O,Motor Vehicle,DAC,,20210413,1600.0,N,N,13.772,0,0,2,2.0,N,N,Y,37.64597,-84.76771,2.0,2.0,6.0,1.0,1.0,2.0,2.0,Y,1523,1527,N,2021.0,O,0,0,0,1,0,0,1,0,0,0.0,1.0,0.0
72613839,O,Motor Vehicle,Non DAC,,20210414,1548.0,N,Y,14.938,0,0,2,2.0,N,N,N,37.65788,-84.7492,1.0,2.0,6.0,1.0,5.0,6.0,2.0,N,1548,1551,N,2021.0,O,0,0,1,0,0,0,1,1,0,0.0,0.0,0.0
72614123,O,Motor Vehicle,DAC,,20210415,1301.0,N,Y,4.942,0,0,2,2.0,N,Y,Y,37.6387,-84.77314,8.0,2.0,4.0,1.0,1.0,2.0,2.0,N,1301,1309,N,2021.0,O,0,0,0,0,0,0,0,0,0,0.0,0.0,0.0
72614351,O,Motor Vehicle,DAC,REAR END,20210414,1700.0,N,N,3.429,0,0,2,2.0,N,N,Y,37.61725,-84.77439,5.0,7.0,6.0,1.0,5.0,6.0,2.0,N,1705,1707,N,2021.0,O,0,0,0,0,0,0,0,0,0,0.0,0.0,0.0
72614443,O,Motor Vehicle,DAC,,20210416,1345.0,N,N,0.772,0,0,2,2.0,N,N,Y,37.649,-84.77328,5.0,2.0,6.0,1.0,1.0,2.0,2.0,N,1346,1346,N,2021.0,O,0,0,1,0,0,0,1,0,0,0.0,0.0,0.0
72614541,C,Motor Vehicle,Non DAC,,20210416,1621.0,N,N,1.322,2,0,4,4.0,N,N,Y,37.62246,-84.79488,5.0,4.0,6.0,1.0,1.0,2.0,2.0,Y,1621,1626,N,2021.0,C,0,0,1,0,0,0,0,1,0,0.0,0.0,0.0
72614554,O,Motor Vehicle,DAC,ANGLE,20210415,1607.0,N,N,3.518,0,0,2,2.0,N,N,Y,37.61847,-84.77458,1.0,4.0,6.0,1.0,1.0,2.0,2.0,N,1607,1608,N,2021.0,O,0,0,1,0,0,0,1,1,0,0.0,0.0,0.0
72614555,O,Motor Vehicle,DAC,ANGLE,20210416,1759.0,N,N,3.599,0,0,2,2.0,N,N,Y,37.61962,-84.77459,1.0,4.0,6.0,1.0,1.0,2.0,2.0,N,1759,1805,N,2021.0,O,0,0,0,0,0,0,1,1,0,0.0,0.0,0.0
72614561,O,Motor Vehicle,Non DAC,,20210414,2321.0,N,N,3.194,0,0,2,2.0,N,N,Y,37.64859,-84.80318,8.0,5.0,6.0,1.0,1.0,2.0,5.0,N,2322,2328,N,2021.0,O,0,1,0,0,0,0,1,1,0,0.0,1.0,0.0
72614770,O,Motor Vehicle,Non DAC,,20210417,1416.0,N,Y,3.569,0,0,2,2.0,N,N,Y,37.65375,-84.80162,1.0,4.0,6.0,1.0,1.0,2.0,2.0,N,1420,1424,N,2021.0,O,0,0,0,0,0,0,1,1,0,1.0,0.0,0.0
72615024,O,Motor Vehicle,DAC,REAR END,20210418,1250.0,N,N,0.074,0,0,3,3.0,N,N,Y,37.61751,-84.77581,5.0,2.0,6.0,1.0,1.0,2.0,2.0,N,1252,1256,N,2021.0,O,0,0,1,0,0,0,1,0,0,0.0,0.0,0.0
72615121,O,Motor Vehicle,Non DAC,,20210413,1743.0,N,Y,15.532,0,0,2,2.0,N,N,Y,37.66439,-84.74298,5.0,11.0,6.0,1.0,1.0,2.0,2.0,N,1746,1802,N,2021.0,O,0,0,0,0,0,0,1,0,0,0.0,0.0,0.0
72615142,O,Motor Vehicle,DAC,,20210418,1546.0,N,Y,5.332,0,0,2,2.0,N,N,Y,37.6448,-84.77415,1.0,2.0,6.0,1.0,1.0,2.0,2.0,N,1546,1549,N,2021.0,O,0,0,0,0,0,0,1,1,0,0.0,0.0,0.0
72615579,O,Motor Vehicle,Non DAC,,20210419,1049.0,N,Y,0.146,0,0,1,1.0,N,N,Y,37.65689,-84.78089,9.0,2.0,3.0,1.0,1.0,2.0,2.0,N,1049,1053,N,2021.0,O,0,1,0,0,0,0,0,0,0,0.0,0.0,0.0
72615993,O,Motor Vehicle,Non DAC,,20210421,705.0,N,Y,3.068,0,0,2,2.0,N,N,Y,37.66422,-84.74314,5.0,2.0,4.0,1.0,5.0,9.0,2.0,N,709,720,N,2021.0,O,0,0,0,0,0,0,1,0,0,0.0,0.0,0.0
72616050,O,Motor Vehicle,DAC,,20210421,1227.0,N,N,14.977,0,0,2,2.0,N,N,Y,37.63349,-84.75313,1.0,2.0,6.0,1.0,1.0,3.0,2.0,N,1229,1235,N,2021.0,O,0,0,0,0,0,0,1,1,0,0.0,0.0,0.0
72616643,O,Motor Vehicle,Non DAC,,20210423,835.0,N,N,0.232,0,0,1,1.0,N,N,Y,37.65103,-84.79249,9.0,2.0,6.0,1.0,5.0,6.0,2.0,N,835,842,N,2021.0,O,0,0,0,0,0,0,0,0,0,0.0,1.0,0.0
72616696,O,Motor Vehicle,Non DAC,,20210422,1712.0,N,N,3.187,0,0,2,2.0,N,N,Y,37.6487,-84.80318,5.0,3.0,6.0,1.0,1.0,2.0,2.0,N,1715,1721,N,2021.0,O,0,0,0,0,0,0,1,0,0,0.0,0.0,0.0
72617384,O,Motor Vehicle,Non DAC,,20210419,1651.0,N,Y,1.8,0,0,2,2.0,N,N,Y,37.62895,-84.79759,5.0,8.0,6.0,1.0,1.0,2.0,2.0,N,1652,1722,N,2021.0,O,0,0,0,0,0,0,1,0,0,0.0,0.0,0.0
72617488,O,Motor Vehicle,DAC,,20210424,1401.0,N,Y,0.397,0,0,2,2.0,N,N,Y,37.62654,-84.75232,1.0,2.0,5.0,1.0,5.0,6.0,2.0,N,1401,1402,N,2021.0,O,0,0,1,1,0,0,1,1,0,0.0,0.0,0.0
72617489,O,Motor Vehicle,Non DAC,,20210425,2057.0,N,N,0.429,0,0,2,2.0,Y,N,Y,37.64507,-84.7588,8.0,2.0,6.0,1.0,1.0,2.0,6.0,N,2057,2103,N,2021.0,H,0,0,0,0,0,0,0,0,0,0.0,0.0,0.0
72617646,O,Motor Vehicle,DAC,,20210426,925.0,N,Y,5.153,0,0,2,2.0,N,N,Y,37.64232,-84.77437,8.0,2.0,4.0,1.0,1.0,2.0,2.0,N,932,932,N,2021.0,O,0,0,0,0,0,0,1,1,0,0.0,0.0,0.0
72618268,O,Motor Vehicle,DAC,REAR END,20210427,1629.0,N,N,0.358,0,0,2,2.0,N,N,Y,37.61692,-84.78096,5.0,2.0,6.0,1.0,1.0,2.0,2.0,N,1631,1640,N,2021.0,O,0,0,0,0,0,0,1,0,0,0.0,0.0,0.0
72618269,O,Motor Vehicle,DAC,,20210427,2132.0,N,N,0.151,0,0,2,2.0,N,N,Y,37.61672,-84.77174,1.0,2.0,5.0,1.0,1.0,2.0,5.0,N,2132,2143,N,2021.0,O,0,0,1,0,0,0,1,1,0,0.0,0.0,0.0
72618523,O,Motor Vehicle,DAC,,20210428,1205.0,N,N,0.048,0,0,2,2.0,N,N,Y,37.63155,-84.75183,1.0,2.0,4.0,1.0,1.0,3.0,2.0,N,1205,1215,N,2021.0,O,0,0,0,0,0,0,0,1,0,0.0,0.0,0.0
72618684,O,Motor Vehicle,DAC,ANGLE,20210428,1954.0,N,N,0.617,0,0,2,2.0,N,N,Y,37.61661,-84.78567,1.0,5.0,6.0,1.0,5.0,6.0,6.0,N,2005,2012,N,2021.0,O,0,0,0,0,0,0,1,0,0,0.0,0.0,0.0
72619121,O,Motor Vehicle,DAC,,20210429,1459.0,N,Y,5.258,0,0,2,2.0,N,N,Y,37.64359,-84.77266,5.0,2.0,6.0,1.0,5.0,6.0,2.0,N,1459,1459,N,2021.0,O,0,0,1,0,0,0,1,0,0,0.0,0.0,0.0
72619122,O,Motor Vehicle,DAC,REAR END,20210429,1836.0,N,N,0.83,0,0,2,2.0,N,N,Y,37.617,-84.78952,5.0,2.0,6.0,1.0,5.0,6.0,2.0,N,1838,1843,N,2021.0,O,0,0,1,0,0,0,0,0,0,0.0,0.0,0.0
72619598,O,Motor Vehicle,DAC,,20210429,1710.0,N,N,13.423,0,0,2,2.0,N,N,Y,37.64611,-84.78383,5.0,2.0,6.0,1.0,5.0,6.0,2.0,N,1710,1711,N,2021.0,O,0,0,0,0,0,0,1,0,0,0.0,0.0,0.0
72620022,O,Motor Vehicle,DAC,,20210501,0.0,N,N,0.127,0,0,2,2.0,Y,N,Y,37.65335,-84.78537,8.0,0.0,0.0,1.0,1.0,2.0,9.0,N,1549,1608,N,2021.0,H,0,0,0,0,0,0,1,0,0,0.0,0.0,0.0
72620367,O,Motor Vehicle,Non DAC,,20210503,1022.0,N,Y,13.924,0,0,2,2.0,N,N,Y,37.64882,-84.76357,5.0,2.0,4.0,1.0,5.0,3.0,2.0,N,1004,1008,N,2021.0,O,0,0,0,1,0,0,1,1,0,0.0,0.0,0.0
72620461,O,Motor Vehicle,DAC,,20210503,1335.0,N,N,4.206,0,0,2,2.0,N,N,Y,37.62833,-84.77471,5.0,5.0,6.0,1.0,5.0,6.0,2.0,N,1339,1347,N,2021.0,O,0,0,0,1,0,0,1,0,0,0.0,0.0,0.0
72620618,O,Motor Vehicle,DAC,,20210422,1705.0,N,N,5.364,0,0,2,2.0,Y,Y,Y,37.64523,-84.77249,8.0,2.0,6.0,1.0,1.0,2.0,2.0,N,1712,1716,N,2021.0,O,0,0,0,0,0,0,1,0,0,0.0,1.0,0.0
72620639,B,Motor Vehicle,DAC,,20210503,1521.0,N,N,13.407,1,0,3,3.0,N,N,Y,37.64608,-84.78413,5.0,2.0,6.0,1.0,1.0,2.0,2.0,Y,1523,1532,N,2021.0,B,0,0,1,0,0,0,1,0,0,0.0,0.0,0.0
72620745,O,Motor Vehicle,DAC,REAR END,20210504,740.0,N,Y,0.007,0,0,2,2.0,N,N,Y,37.61765,-84.77434,5.0,4.0,6.0,1.0,5.0,6.0,2.0,N,740,740,N,2021.0,O,0,0,0,0,0,0,1,1,0,0.0,0.0,0.0
72621046,O,Motor Vehicle,DAC,,20210504,1621.0,N,N,5.827,0,0,2,2.0,Y,N,Y,37.64628,-84.77956,8.0,2.0,0.0,1.0,1.0,2.0,2.0,N,1624,1624,N,2021.0,O,0,0,0,0,0,0,0,0,0,0.0,1.0,0.0
72621047,O,Motor Vehicle,DAC,,20210504,1657.0,N,Y,0.713,0,0,2,2.0,Y,N,Y,37.64901,-84.77376,3.0,2.0,6.0,1.0,1.0,2.0,2.0,N,1659,1702,N,2021.0,O,0,0,0,0,0,0,1,0,0,0.0,0.0,0.0
72621243,O,Motor Vehicle,DAC,ANGLE,20210505,1201.0,N,Y,0.238,0,0,2,2.0,N,N,Y,37.61722,-84.78178,1.0,2.0,6.0,1.0,1.0,3.0,2.0,N,1201,1212,N,2021.0,O,0,0,0,1,0,0,1,1,0,0.0,0.0,0.0
72621463,O,Motor Vehicle,DAC,,20210505,1917.0,N,Y,5.332,0,0,2,2.0,N,Y,Y,37.6448,-84.77415,1.0,2.0,6.0,1.0,1.0,2.0,2.0,N,1917,1933,N,2021.0,O,0,0,0,1,0,0,1,1,0,0.0,0.0,0.0
72621578,O,Motor Vehicle,DAC,ANGLE,20210503,1059.0,N,Y,0.177,0,0,2,2.0,N,N,Y,37.61781,-84.77136,1.0,3.0,6.0,1.0,1.0,2.0,2.0,N,1101,1101,N,2021.0,O,0,0,0,0,0,0,0,1,0,0.0,0.0,0.0
72621580,O,Motor Vehicle,DAC,REAR END,20210505,1343.0,N,Y,3.376,0,0,2,2.0,N,N,Y,37.61644,-84.77462,5.0,2.0,6.0,1.0,1.0,3.0,2.0,N,1343,1350,N,2021.0,O,0,0,1,0,0,0,0,0,0,0.0,0.0,0.0
72621600,O,Motor Vehicle,DAC,,20210506,1004.0,N,Y,13.631,0,0,2,2.0,N,N,Y,37.64565,-84.77028,5.0,1.0,4.0,1.0,1.0,2.0,2.0,N,1005,1005,N,2021.0,O,0,0,0,1,0,0,1,1,0,0.0,0.0,0.0
72622176,O,Motor Vehicle,Non DAC,,20210506,1740.0,N,Y,1.792,0,0,2,2.0,N,N,Y,37.62884,-84.79756,8.0,4.0,6.0,1.0,1.0,2.0,2.0,N,1728,1735,N,2021.0,O,0,0,1,0,0,0,1,1,0,0.0,0.0,0.0
72622348,O,Motor Vehicle,DAC,,20210507,26.0,N,Y,13.91,0,0,1,1.0,N,N,Y,37.64431,-84.7665,9.0,2.0,3.0,1.0,5.0,3.0,5.0,N,23,26,N,2021.0,O,0,0,1,0,0,0,0,0,1,0.0,0.0,0.0
72622501,O,Motorcyclist,DAC,,20210508,1447.0,N,Y,0.205,0,0,2,2.0,N,N,Y,37.61674,-84.77075,1.0,2.0,5.0,1.0,1.0,2.0,2.0,N,1448,1453,N,2021.0,O,1,0,0,1,0,0,1,1,0,0.0,0.0,0.0
72622511,O,Motor Vehicle,Non DAC,,20210508,1302.0,N,Y,12.307,0,0,2,2.0,N,N,Y,37.64856,-84.80336,5.0,4.0,6.0,1.0,1.0,2.0,2.0,N,1302,1309,N,2021.0,O,0,0,0,1,0,0,1,0,0,0.0,0.0,0.0
72622663,O,Motor Vehicle,Non DAC,,20210507,2250.0,N,N,10.775,0,0,1,1.0,N,N,Y,37.61971,-84.82181,9.0,2.0,3.0,1.0,5.0,6.0,6.0,Y,2154,2159,N,2021.0,O,0,0,1,0,0,0,0,1,0,0.0,1.0,0.0
72622919,O,Motor Vehicle,DAC,,20210509,1528.0,N,N,5.299,0,0,2,2.0,N,Y,Y,37.64423,-84.7726,5.0,2.0,4.0,1.0,5.0,6.0,2.0,N,1543,1547,N,2021.0,O,0,0,0,1,0,0,1,1,0,0.0,0.0,0.0
72622923,O,Motor Vehicle,Non DAC,,20210508,559.0,N,N,8.483,0,0,1,1.0,N,N,Y,37.68072,-84.79315,9.0,2.0,6.0,1.0,1.0,3.0,6.0,N,559,608,N,2021.0,O,0,1,0,0,0,0,0,0,0,0.0,0.0,0.0
72622947,O,Motor Vehicle,DAC,,20210505,1558.0,N,N,0.087,0,0,2,2.0,N,N,Y,37.65079,-84.78703,2.0,1.0,6.0,1.0,1.0,2.0,2.0,N,1605,1611,N,2021.0,O,0,0,0,1,0,0,1,0,0,0.0,0.0,0.0
72623040,O,Motor Vehicle,DAC,SIDESWIPE-SAME DIRECTION,20210507,1700.0,N,Y,3.395,0,0,2,2.0,N,N,Y,37.6167,-84.77461,8.0,6.0,6.0,1.0,1.0,2.0,2.0,N,1704,1711,N,2021.0,O,0,0,0,0,0,0,0,0,0,1.0,0.0,0.0
72623319,O,Motor Vehicle,DAC,,20210510,2022.0,N,N,0.005,0,0,2,2.0,N,N,Y,37.64895,-84.77206,5.0,2.0,6.0,1.0,1.0,2.0,2.0,N,2022,2028,N,2021.0,O,0,0,0,0,0,0,1,0,0,0.0,0.0,0.0
72623334,O,Motor Vehicle,DAC,,20210510,1452.0,N,Y,5.251,0,0,2,2.0,N,Y,Y,37.64371,-84.77428,1.0,2.0,6.0,1.0,1.0,2.0,2.0,N,1452,1454,N,2021.0,O,0,0,0,1,0,0,1,0,0,0.0,0.0,0.0
72623335,O,Motor Vehicle,DAC,,20210510,2017.0,N,Y,0.208,0,0,2,2.0,Y,N,Y,37.64943,-84.77673,8.0,1.0,6.0,1.0,1.0,2.0,2.0,N,2017,2022,N,2021.0,O,0,0,0,0,0,0,1,0,0,0.0,0.0,0.0
72623828,O,Motor Vehicle,DAC,,20210430,1130.0,N,N,0.138,0,0,2,2.0,N,N,Y,37.62157,-84.76392,7.0,2.0,1.0,1.0,1.0,2.0,2.0,N,1142,1144,N,2021.0,O,0,0,0,1,0,0,0,0,0,0.0,1.0,0.0
72623937,C,Motor Vehicle,DAC,,20210512,1357.0,N,Y,0.092,1,0,2,2.0,N,N,Y,37.64743,-84.77215,1.0,2.0,6.0,1.0,1.0,2.0,2.0,Y,1358,1400,N,2021.0,C,0,0,1,0,0,0,1,1,0,0.0,0.0,0.0
72623969,O,Motor Vehicle,DAC,ANGLE,20210508,2051.0,N,Y,0.001,0,0,2,2.0,N,N,Y,37.61643,-84.7744,1.0,4.0,6.0,1.0,5.0,3.0,4.0,N,2051,2059,N,2021.0,O,0,0,1,0,0,0,0,0,0,0.0,0.0,0.0
72624248,O,Motor Vehicle,DAC,ANGLE,20210513,1417.0,N,N,0.016,0,0,2,2.0,N,N,Y,37.6172,-84.78178,1.0,2.0,6.0,1.0,1.0,2.0,2.0,N,1420,1426,N,2021.0,O,0,0,0,1,0,0,0,1,0,0.0,0.0,0.0
72624716,O,Motor Vehicle,DAC,ANGLE,20210514,1554.0,N,Y,0.175,0,0,2,2.0,N,N,Y,37.61797,-84.7714,1.0,6.0,6.0,1.0,1.0,2.0,2.0,N,1554,1604,N,2021.0,O,0,0,1,0,0,0,1,1,0,0.0,0.0,0.0
72624998,O,Motor Vehicle,DAC,,20210515,1010.0,N,Y,0.294,0,0,1,1.0,N,N,Y,37.64493,-84.78287,9.0,2.0,6.0,1.0,1.0,2.0,2.0,N,1012,1018,N,2021.0,O,0,0,1,0,0,0,1,0,0,0.0,0.0,0.0
72625899,O,Motor Vehicle,DAC,,20210518,1439.0,N,N,0.224,0,0,2,2.0,N,N,Y,37.64755,-84.78618,2.0,2.0,6.0,1.0,1.0,2.0,2.0,N,1441,1445,N,2021.0,O,0,0,0,0,0,0,1,0,0,0.0,0.0,0.0
72626080,C,Motor Vehicle,Non DAC,,20210518,1607.0,N,N,1.93,1,0,2,2.0,N,N,Y,37.63063,-84.79864,5.0,4.0,6.0,1.0,1.0,2.0,2.0,Y,1607,1611,N,2021.0,C,0,0,0,0,0,0,1,0,0,0.0,0.0,0.0
72626580,O,Motor Vehicle,DAC,,20210520,1245.0,N,Y,4.9,0,0,2,2.0,N,N,Y,37.63905,-84.7747,1.0,2.0,4.0,1.0,1.0,2.0,2.0,N,1245,1250,N,2021.0,O,0,0,0,0,0,0,1,1,0,0.0,0.0,0.0
72626705,O,Motor Vehicle,DAC,,20210520,1740.0,N,Y,5.522,0,0,2,2.0,N,N,Y,37.64592,-84.77405,5.0,2.0,6.0,1.0,1.0,2.0,2.0,N,1740,1745,N,2021.0,O,0,0,1,0,0,0,1,1,0,0.0,0.0,0.0
72626927,O,Motor Vehicle,DAC,,20210520,1409.0,N,N,5.151,0,0,2,2.0,N,Y,Y,37.64192,-84.77283,1.0,2.0,6.0,1.0,1.0,2.0,2.0,N,1409,1414,N,2021.0,O,0,0,0,0,0,0,1,0,0,0.0,0.0,0.0
72627314,O,Motor Vehicle,DAC,SIDESWIPE-SAME DIRECTION,20210521,1514.0,N,Y,3.458,0,0,2,2.0,N,N,Y,37.61764,-84.77464,8.0,3.0,6.0,1.0,1.0,2.0,2.0,N,1514,1524,N,2021.0,O,0,0,0,0,0,0,1,0,0,0.0,0.0,0.0
72627464,O,Motorcyclist,DAC,,20210522,1924.0,N,N,14.413,0,0,1,1.0,N,N,Y,37.6387,-84.76056,9.0,2.0,3.0,1.0,1.0,3.0,2.0,N,1924,1928,N,2021.0,O,1,0,0,0,0,0,0,0,0,0.0,1.0,0.0
72627507,O,Motor Vehicle,DAC,,20210523,6.0,N,Y,5.392,0,0,2,2.0,N,N,Y,37.64592,-84.77403,1.0,2.0,6.0,1.0,1.0,2.0,5.0,N,7,10,N,2021.0,O,0,0,1,0,0,0,0,0,0,0.0,0.0,0.0
72627955,O,Motor Vehicle,Non DAC,,20210523,1412.0,N,Y,12.209,0,0,2,2.0,N,N,Y,37.64851,-84.80512,4.0,2.0,6.0,1.0,1.0,2.0,2.0,N,1414,1417,N,2021.0,O,0,0,0,0,0,0,1,0,0,0.0,0.0,0.0
72628321,O,Motor Vehicle,Non DAC,,20210525,1029.0,N,Y,18.339,0,0,2,2.0,N,N,Y,37.61695,-84.79871,8.0,2.0,3.0,1.0,1.0,2.0,2.0,N,1029,1037,N,2021.0,O,0,0,0,1,0,0,1,0,0,0.0,0.0,0.0
72628323,O,Motor Vehicle,DAC,REAR END,20210525,1118.0,N,Y,0.153,0,0,3,3.0,N,Y,Y,37.61738,-84.77724,5.0,2.0,6.0,1.0,1.0,2.0,2.0,N,1118,1122,N,2021.0,O,0,0,0,1,0,0,1,0,0,0.0,0.0,0.0
72628372,O,Motor Vehicle,DAC,,20210525,1302.0,N,Y,5.204,0,0,2,2.0,N,N,Y,37.64277,-84.77274,1.0,2.0,6.0,1.0,1.0,2.0,2.0,N,1302,1312,N,2021.0,O,0,0,0,1,0,0,1,1,0,0.0,0.0,0.0
72628709,O,Motor Vehicle,DAC,,20210326,1430.0,N,N,5.489,0,0,2,2.0,N,N,Y,37.64589,-84.77357,2.0,2.0,6.0,1.0,1.0,2.0,2.0,N,1430,1430,N,2021.0,O,0,0,0,0,0,0,0,0,0,0.0,0.0,0.0
72628872,B,Motor Vehicle,DAC,ANGLE,20210526,1248.0,N,Y,3.255,1,0,2,2.0,N,N,Y,37.61468,-84.77447,1.0,5.0,6.0,1.0,1.0,3.0,2.0,N,1248,1249,N,2021.0,B,0,0,0,1,0,0,1,0,0,0.0,0.0,0.0
72628901,O,Motor Vehicle,DAC,REAR END,20210526,837.0,N,Y,3.434,0,0,2,2.0,N,N,Y,37.61733,-84.77442,5.0,2.0,6.0,1.0,1.0,2.0,2.0,N,838,844,N,2021.0,O,0,0,0,1,0,0,1,1,0,0.0,0.0,0.0
72629184,O,Motor Vehicle,Non DAC,,20210526,1628.0,N,Y,0.013,0,0,2,2.0,N,N,Y,37.6773,-84.79065,1.0,3.0,6.0,1.0,5.0,3.0,2.0,N,1628,1637,N,2021.0,O,0,0,1,0,0,0,0,0,0,0.0,0.0,0.0
72629467,O,Motor Vehicle,DAC,REAR-TO-REAR,20210527,1616.0,N,N,0.382,0,0,3,3.0,N,N,Y,37.61681,-84.78138,6.0,4.0,6.0,1.0,1.0,2.0,2.0,N,1616,1625,N,2021.0,O,0,0,0,0,0,0,1,0,0,0.0,0.0,0.0
72629478,O,Motor Vehicle,DAC,,20210527,1709.0,N,N,4.898,0,0,2,2.0,N,Y,Y,37.63915,-84.7747,8.0,2.0,6.0,1.0,1.0,2.0,2.0,N,1711,1713,N,2021.0,O,0,0,1,0,0,0,0,1,0,0.0,1.0,0.0
72629704,O,Motor Vehicle,Non DAC,,20210528,1149.0,N,Y,0.448,0,0,2,2.0,N,N,Y,37.6524,-84.77183,5.0,2.0,5.0,1.0,5.0,6.0,2.0,N,1151,1156,N,2021.0,O,0,0,0,1,0,0,1,0,0,0.0,0.0,0.0
72629839,O,Motor Vehicle,DAC,,20210528,1643.0,N,Y,5.123,0,0,2,2.0,N,Y,Y,37.64196,-84.77447,1.0,2.0,6.0,1.0,1.0,3.0,2.0,N,1645,1650,N,2021.0,O,0,0,0,0,0,0,0,1,0,0.0,0.0,0.0
72629925,O,Motor Vehicle,Non DAC,,20210528,2023.0,N,Y,12.209,0,0,2,2.0,N,N,Y,37.64852,-84.80512,1.0,2.0,6.0,1.0,5.0,3.0,3.0,N,2023,2030,N,2021.0,O,0,0,0,0,0,0,0,1,0,0.0,0.0,0.0
72630277,O,Motor Vehicle,DAC,,20210529,2225.0,N,Y,0.307,0,0,1,1.0,Y,N,Y,37.62224,-84.78022,9.0,0.0,4.0,1.0,1.0,3.0,5.0,N,2229,2236,N,2021.0,O,0,0,0,0,0,0,1,0,0,0.0,0.0,0.0
72630345,O,Motor Vehicle,DAC,,20210529,1250.0,N,Y,5.331,0,0,2,2.0,N,Y,Y,37.6448,-84.77416,1.0,2.0,6.0,1.0,1.0,3.0,2.0,N,1252,1254,N,2021.0,O,0,0,1,1,0,0,1,1,0,0.0,0.0,0.0
72630419,O,Motor Vehicle,DAC,,20210530,1332.0,N,Y,5.333,0,0,2,2.0,N,Y,Y,37.64481,-84.77415,8.0,2.0,4.0,1.0,1.0,2.0,2.0,N,1332,1337,N,2021.0,O,0,0,0,1,0,0,0,0,0,0.0,0.0,0.0
72630748,O,Motor Vehicle,Non DAC,,20210531,2020.0,N,Y,0.154,0,0,2,2.0,Y,N,Y,37.65097,-84.764,1.0,0.0,6.0,1.0,1.0,2.0,2.0,N,2024,2034,N,2021.0,H,0,0,0,0,0,0,1,0,0,0.0,0.0,0.0
72630991,O,Motor Vehicle,Non DAC,,20210601,1311.0,N,N,0.451,0,0,2,2.0,Y,N,Y,37.65247,-84.77392,8.0,2.0,4.0,1.0,1.0,3.0,2.0,N,1311,1317,N,2021.0,H,0,0,0,0,0,0,0,0,0,0.0,0.0,0.0
72631013,O,Motor Vehicle,DAC,,20210601,1450.0,N,N,0.045,0,0,2,2.0,N,N,Y,37.64463,-84.77176,1.0,2.0,6.0,1.0,1.0,3.0,2.0,N,1450,1456,N,2021.0,O,0,0,0,0,0,0,0,0,0,0.0,0.0,0.0
72631557,B,Motor Vehicle,DAC,OPPOPSING LEFT TURN,20210602,1514.0,N,Y,1.19,1,0,2,2.0,N,N,Y,37.62097,-84.75293,4.0,5.0,6.0,1.0,5.0,6.0,2.0,Y,1516,1518,N,2021.0,B,0,0,0,0,0,0,0,1,0,0.0,0.0,0.0
72632226,O,Motor Vehicle,DAC,,20210604,951.0,N,N,0.423,0,0,1,1.0,N,N,Y,37.63959,-84.77138,9.0,1.0,6.0,1.0,1.0,2.0,2.0,N,951,957,N,2021.0,O,0,0,0,0,0,0,0,0,0,0.0,1.0,0.0
72632488,O,Motor Vehicle,Non DAC,,20210604,1446.0,N,N,3.182,0,0,2,2.0,N,N,Y,37.64835,-84.80295,5.0,4.0,6.0,1.0,1.0,2.0,2.0,N,1446,1453,N,2021.0,O,0,0,0,0,0,0,1,0,0,0.0,0.0,0.0
72632538,O,Motor Vehicle,DAC,ANGLE,20210604,1416.0,N,N,0.233,0,0,2,2.0,N,N,Y,37.6173,-84.78179,1.0,2.0,6.0,1.0,1.0,2.0,2.0,N,1418,1426,N,2021.0,O,0,0,0,0,0,0,0,1,0,0.0,0.0,0.0
72632539,O,Motor Vehicle,DAC,,20210604,1443.0,N,N,3.84,0,0,2,2.0,N,N,Y,37.62419,-84.77458,8.0,5.0,6.0,1.0,1.0,2.0,2.0,N,1443,1449,N,2021.0,O,0,0,0,0,0,0,1,0,0,0.0,1.0,0.0