MasterFile,KABCO_Mod,Mode,Disadvantaged Com ID,MannerofCollision_Real,CollisionDate,CollisionTime,ParkingLotIndicator,IntersectionWith_Indicator_,Milepoint,NumberInjured,NumberKilled,ofUnits,ofMotorVeh,Hit&RunIndicator,OneWayIndicator,InCityLimitsIndicator,Latitude,Longitude,MannerofCollisionCode,TotalLanes,RoadwayCharacterCode,RoadwaySurfaceCode,RoadwayConditionCode,WeatherCode,LightConditionCode,FirstAidSceneIndicator,TimeNotified,TimeArrived,MedianCros,YR,KABCO,Motorcyclist,CommercialVehicle,YoungDriver,MatureDriver,Pedestrian,Bicyclist,Distracted,agressive,Impaired,Unrestrain,RoadwayDep,MedXover
72632650,O,Motor Vehicle,DAC,REAR END,20210605,1122.0,N,N,0.004,0,0,2,2.0,N,N,Y,37.61781,-84.77403,5.0,4.0,6.0,1.0,1.0,2.0,2.0,N,1125,1125,N,2021.0,O,0,0,1,0,0,0,1,1,0,0.0,0.0,0.0
72632975,O,Motor Vehicle,DAC,REAR END,20210606,1301.0,N,Y,0.009,0,0,2,2.0,N,N,Y,37.61807,-84.77144,5.0,4.0,1.0,1.0,1.0,2.0,2.0,N,1301,1307,N,2021.0,O,0,0,0,1,0,0,1,0,0,0.0,0.0,0.0
72633016,O,Motor Vehicle,DAC,,20210605,1231.0,N,N,0.023,0,0,2,2.0,N,N,Y,37.63084,-84.76168,2.0,2.0,4.0,1.0,1.0,2.0,2.0,N,1231,1238,N,2021.0,O,0,0,0,1,0,0,0,0,0,0.0,0.0,0.0
72633023,O,Motor Vehicle,DAC,,20210604,1204.0,N,Y,6.206,0,0,2,2.0,N,N,Y,37.64973,-84.78272,1.0,2.0,6.0,1.0,1.0,2.0,2.0,N,1204,1204,N,2021.0,O,0,0,0,0,0,0,1,1,0,0.0,0.0,0.0
72633024,O,Motor Vehicle,DAC,,20210604,1214.0,N,N,0.149,0,0,2,2.0,N,N,Y,37.64356,-84.77107,4.0,2.0,6.0,1.0,1.0,2.0,2.0,N,1214,1236,N,2021.0,O,0,0,0,1,0,0,1,0,0,0.0,0.0,0.0
72633381,O,Motor Vehicle,DAC,,20210607,836.0,N,N,3.76,0,0,2,2.0,N,N,Y,37.62193,-84.77462,7.0,5.0,6.0,1.0,1.0,3.0,2.0,N,836,845,N,2021.0,O,0,0,1,0,0,0,1,0,0,0.0,1.0,0.0
72633386,O,Motor Vehicle,Non DAC,,20210607,1250.0,N,Y,13.624,0,0,2,2.0,N,N,Y,37.64564,-84.78714,8.0,2.0,1.0,1.0,1.0,3.0,2.0,N,1250,1255,N,2021.0,O,0,0,0,0,0,0,0,0,0,0.0,0.0,0.0
72633560,O,Motor Vehicle,DAC,,20210607,1707.0,N,N,5.469,0,0,2,2.0,N,N,Y,37.64588,-84.77331,5.0,2.0,6.0,1.0,1.0,2.0,2.0,N,1707,1712,N,2021.0,O,0,0,0,0,0,0,1,0,0,0.0,0.0,0.0
72633613,B,Motor Vehicle,Non DAC,,20210607,2124.0,N,N,1.742,2,0,1,1.0,N,N,Y,37.62817,-84.79727,9.0,2.0,6.0,1.0,1.0,2.0,6.0,Y,2124,2128,N,2021.0,B,0,0,0,0,0,0,0,0,0,0.0,1.0,0.0
72633994,O,Motor Vehicle,Non DAC,,20210608,1651.0,N,Y,1.24,0,0,2,2.0,N,N,Y,37.62121,-84.79405,5.0,2.0,6.0,1.0,5.0,3.0,2.0,N,1653,1700,N,2021.0,O,0,0,1,0,0,0,0,0,0,0.0,0.0,0.0
72634294,O,Motor Vehicle,DAC,,20210609,1114.0,N,N,13.525,0,0,2,2.0,N,N,Y,37.6458,-84.77213,8.0,4.0,6.0,1.0,5.0,6.0,2.0,N,1114,1121,N,2021.0,O,0,0,0,0,0,0,0,1,0,0.0,1.0,0.0
72634800,O,Motor Vehicle,Non DAC,,20210610,1721.0,N,Y,3.195,0,0,2,2.0,N,N,Y,37.64857,-84.80317,1.0,2.0,6.0,1.0,5.0,2.0,2.0,N,1721,1723,N,2021.0,O,0,0,0,1,0,0,1,1,0,0.0,0.0,0.0
72634977,O,Motor Vehicle,DAC,REAR END,20210610,1300.0,N,Y,0.167,0,0,2,2.0,N,N,Y,37.61736,-84.7775,5.0,3.0,6.0,1.0,1.0,3.0,2.0,N,1302,1308,N,2021.0,O,0,0,1,0,0,0,1,1,0,0.0,0.0,0.0
72634978,O,Motor Vehicle,Non DAC,,20210610,1352.0,N,N,13.485,0,0,1,1.0,N,N,Y,37.64451,-84.78905,9.0,2.0,1.0,1.0,6.0,6.0,2.0,N,1352,1356,N,2021.0,O,0,0,1,0,0,0,1,1,0,0.0,1.0,0.0
72635213,O,Motor Vehicle,DAC,,20210611,629.0,N,Y,5.686,0,0,2,2.0,N,N,Y,37.64617,-84.77705,1.0,2.0,6.0,1.0,5.0,3.0,1.0,N,629,632,N,2021.0,O,0,0,0,0,0,0,0,1,0,0.0,0.0,0.0
72635214,O,Motor Vehicle,DAC,,20210611,1815.0,N,Y,0.151,0,0,2,2.0,N,N,Y,37.64347,-84.77101,5.0,2.0,6.0,1.0,1.0,3.0,2.0,N,1817,1820,N,2021.0,O,0,0,0,0,0,0,1,0,1,0.0,0.0,0.0
72635240,O,Motor Vehicle,Non DAC,,20210611,1652.0,N,Y,12.323,0,0,2,2.0,N,N,Y,37.64856,-84.80279,5.0,4.0,6.0,1.0,5.0,6.0,2.0,N,1652,1657,N,2021.0,O,0,0,0,0,0,0,1,0,0,0.0,0.0,0.0
72635437,O,Motor Vehicle,Non DAC,,20210612,1129.0,N,Y,0.121,0,0,2,2.0,Y,N,Y,37.65537,-84.76332,7.0,2.0,1.0,1.0,1.0,2.0,2.0,N,1129,1134,N,2021.0,H,0,0,0,0,0,0,0,0,0,0.0,0.0,0.0
72636042,O,Motor Vehicle,Non DAC,,20210612,1048.0,N,N,3.709,0,0,2,2.0,N,N,Y,37.65611,-84.79846,8.0,2.0,6.0,1.0,1.0,2.0,2.0,N,1049,1103,N,2021.0,O,0,0,0,0,0,0,1,0,0,0.0,1.0,0.0
72636061,O,Motor Vehicle,DAC,,20210613,1017.0,N,Y,4.742,0,0,2,2.0,N,N,Y,37.63624,-84.77497,8.0,2.0,4.0,1.0,1.0,2.0,2.0,N,1019,1023,N,2021.0,O,0,0,0,1,0,0,1,0,0,0.0,0.0,0.0
72636062,O,Motor Vehicle,DAC,REAR END,20210613,1353.0,N,Y,3.438,0,0,2,2.0,N,N,Y,37.61739,-84.77447,5.0,2.0,6.0,1.0,1.0,2.0,2.0,N,1355,1357,N,2021.0,O,0,0,0,1,0,0,1,1,0,0.0,0.0,0.0
72636220,O,Motor Vehicle,Non DAC,,20210614,1435.0,N,N,0.605,0,0,2,2.0,N,N,Y,37.65477,-84.77166,5.0,2.0,4.0,1.0,1.0,2.0,2.0,N,1436,1437,N,2021.0,O,0,0,0,0,0,0,0,0,0,0.0,0.0,0.0
72636695,O,Motor Vehicle,DAC,SIDESWIPE-SAME DIRECTION,20210615,1916.0,N,Y,3.373,0,0,2,2.0,N,N,Y,37.61647,-84.77443,8.0,2.0,6.0,1.0,1.0,2.0,2.0,N,1916,1923,N,2021.0,O,0,0,0,0,0,0,1,0,0,0.0,0.0,0.0
72637092,O,Motor Vehicle,DAC,,20210616,1505.0,N,Y,0.15,0,0,2,2.0,N,N,Y,37.64352,-84.7711,1.0,2.0,6.0,1.0,1.0,2.0,2.0,N,1507,1510,N,2021.0,O,0,0,0,0,0,0,1,1,0,0.0,0.0,0.0
72637152,O,Motor Vehicle,Non DAC,,20210614,2238.0,N,Y,15.532,0,0,1,1.0,N,N,Y,37.66451,-84.743,9.0,2.0,6.0,1.0,1.0,2.0,5.0,Y,2238,2241,N,2021.0,O,0,0,0,0,0,0,0,0,0,0.0,0.0,0.0
72637238,O,Motor Vehicle,DAC,,20210616,1309.0,N,N,0.246,0,0,2,2.0,Y,N,Y,37.62871,-84.7521,8.0,2.0,4.0,1.0,1.0,2.0,2.0,N,1309,1318,N,2021.0,O,0,1,1,0,0,0,0,0,0,0.0,1.0,0.0
72637330,O,Motor Vehicle,Non DAC,,20210615,1224.0,N,N,1.237,0,0,2,2.0,N,N,Y,37.62123,-84.79413,5.0,3.0,4.0,1.0,1.0,2.0,2.0,N,1224,1236,N,2021.0,O,0,0,0,1,0,0,1,0,0,0.0,0.0,0.0
72637542,A,Pedestrian,Non DAC,,20210617,2340.0,N,Y,3.746,1,0,2,1.0,Y,N,Y,37.65538,-84.79912,9.0,4.0,6.0,1.0,1.0,2.0,6.0,Y,2341,2347,N,2021.0,A,0,0,0,0,1,0,0,0,0,0.0,0.0,0.0
72637662,O,Motor Vehicle,DAC,,20210618,1145.0,N,N,13.777,0,0,2,2.0,N,N,Y,37.64556,-84.76772,8.0,2.0,6.0,1.0,1.0,2.0,2.0,N,1145,1200,N,2021.0,O,0,0,0,0,0,0,0,0,0,0.0,1.0,0.0
72637756,O,Motor Vehicle,Non DAC,,20210618,1340.0,N,Y,12.335,0,0,2,2.0,N,N,Y,37.64856,-84.80279,5.0,2.0,6.0,1.0,1.0,2.0,2.0,N,1340,1344,N,2021.0,O,0,0,0,0,0,0,1,0,0,0.0,0.0,0.0
72638008,O,Motor Vehicle,Non DAC,,20210618,1500.0,N,N,0.355,0,0,1,1.0,N,N,Y,37.6529,-84.79238,9.0,2.0,4.0,1.0,1.0,2.0,2.0,N,1414,1416,N,2021.0,O,0,0,0,0,0,0,1,0,0,0.0,1.0,0.0
72638076,O,Motor Vehicle,Non DAC,,20210618,1719.0,N,Y,8.211,0,0,2,2.0,N,N,Y,37.67717,-84.79108,5.0,2.0,6.0,1.0,1.0,2.0,2.0,N,1722,1725,N,2021.0,O,0,0,0,1,0,0,1,0,0,0.0,0.0,0.0
72638351,B,Motor Vehicle,DAC,,20210620,1026.0,N,Y,5.195,2,0,2,2.0,N,Y,Y,37.6429,-84.7743,1.0,2.0,6.0,1.0,1.0,2.0,2.0,Y,1028,1030,N,2021.0,B,0,0,0,1,0,0,1,0,0,0.0,0.0,0.0
72638402,O,Motor Vehicle,Non DAC,,20210619,1910.0,N,N,0.092,0,0,1,1.0,N,N,Y,37.65077,-84.77902,9.0,2.0,6.0,1.0,1.0,2.0,2.0,N,1910,1922,N,2021.0,O,0,0,1,0,0,0,0,0,0,0.0,1.0,0.0
72638484,O,Motor Vehicle,DAC,ANGLE,20210620,1832.0,N,N,0.176,0,0,2,2.0,N,N,Y,37.61799,-84.77142,1.0,4.0,6.0,1.0,1.0,2.0,2.0,N,1832,1838,N,2021.0,O,0,0,0,1,0,0,1,1,0,0.0,0.0,0.0
72638650,O,Motor Vehicle,DAC,,20210618,1255.0,N,N,0.046,0,0,2,2.0,N,N,Y,37.61808,-84.77758,1.0,2.0,6.0,1.0,1.0,2.0,2.0,N,1301,1312,N,2021.0,O,0,0,0,0,0,0,0,1,0,0.0,0.0,0.0
72638875,O,Motor Vehicle,Non DAC,,20210621,1640.0,N,Y,1.243,0,0,2,2.0,N,N,Y,37.62147,-84.79416,5.0,4.0,4.0,1.0,5.0,6.0,2.0,N,1642,1647,N,2021.0,O,0,0,0,1,0,0,0,0,0,0.0,0.0,0.0
72639217,O,Motor Vehicle,Non DAC,,20210621,1715.0,N,Y,1.467,0,0,2,2.0,N,N,Y,37.67732,-84.76402,5.0,2.0,3.0,1.0,5.0,6.0,2.0,N,1715,1720,N,2021.0,O,0,0,0,0,0,0,1,1,0,0.0,0.0,0.0
72639423,O,Motor Vehicle,DAC,,20210622,1335.0,N,N,0.114,0,0,2,2.0,N,N,Y,37.61658,-84.77239,1.0,1.0,4.0,1.0,1.0,2.0,2.0,N,1337,1339,N,2021.0,O,0,0,0,1,0,0,1,0,0,0.0,0.0,0.0
72639424,O,Motor Vehicle,DAC,,20210621,1141.0,N,Y,4.878,0,0,2,2.0,N,N,Y,37.63772,-84.77318,1.0,2.0,6.0,1.0,1.0,2.0,2.0,N,1148,1150,N,2021.0,O,0,0,0,1,0,0,1,1,0,0.0,0.0,0.0
72639523,O,Motor Vehicle,Non DAC,,20210622,1618.0,N,Y,1.266,0,0,2,2.0,N,N,Y,37.62168,-84.79454,5.0,2.0,6.0,1.0,1.0,2.0,2.0,N,1620,1629,N,2021.0,O,0,0,1,0,0,0,1,0,0,0.0,0.0,0.0
72639621,O,Motor Vehicle,Non DAC,,20210623,1705.0,N,N,1.799,0,0,3,3.0,N,N,Y,37.62893,-84.79761,5.0,2.0,6.0,1.0,1.0,2.0,2.0,N,1715,1719,N,2021.0,O,0,0,0,1,0,0,0,1,0,0.0,0.0,0.0
72639814,O,Motor Vehicle,DAC,,20210622,859.0,N,Y,5.78,0,0,2,2.0,N,N,Y,37.64623,-84.7787,1.0,2.0,4.0,1.0,1.0,2.0,2.0,N,859,859,N,2021.0,O,0,0,0,0,0,0,1,1,0,0.0,0.0,0.0
72639949,O,Motor Vehicle,Non DAC,,20210624,1724.0,N,N,14.769,0,0,2,2.0,N,N,Y,37.65611,-84.75146,1.0,2.0,6.0,1.0,1.0,2.0,2.0,N,1724,1730,N,2021.0,O,0,0,0,1,0,0,1,1,0,0.0,0.0,0.0
72640198,O,Motor Vehicle,DAC,,20210625,1021.0,N,N,5.303,0,0,2,2.0,N,Y,Y,37.64428,-84.7726,2.0,2.0,6.0,1.0,1.0,3.0,2.0,N,1021,1025,N,2021.0,O,0,0,0,1,0,0,0,0,0,0.0,0.0,0.0
72640316,B,Pedestrian,DAC,,20210624,1950.0,N,Y,0.005,1,0,2,1.0,N,N,Y,37.64617,-84.77708,9.0,2.0,6.0,1.0,1.0,2.0,2.0,Y,1952,1952,N,2021.0,B,0,0,0,1,1,0,1,0,0,0.0,0.0,0.0
72640483,O,Motor Vehicle,DAC,,20210625,2316.0,N,Y,13.599,0,0,2,2.0,N,N,Y,37.64571,-84.77084,4.0,4.0,6.0,1.0,1.0,2.0,5.0,N,2316,2319,N,2021.0,O,0,0,0,0,0,0,0,1,0,0.0,0.0,0.0
72640506,O,Motor Vehicle,DAC,,20210624,2152.0,N,N,0.211,0,0,2,2.0,Y,N,Y,37.64581,-84.77082,8.0,2.0,6.0,1.0,1.0,3.0,5.0,N,2152,2154,N,2021.0,H,0,0,0,0,0,0,0,0,0,0.0,0.0,0.0
72640736,O,Motor Vehicle,Non DAC,,20210626,1200.0,N,Y,15.541,0,0,2,2.0,Y,N,Y,37.66435,-84.74297,5.0,2.0,3.0,1.0,1.0,2.0,2.0,N,2034,2034,N,2021.0,H,0,0,0,0,0,0,1,0,0,0.0,0.0,0.0
72640930,O,Motor Vehicle,Non DAC,,20210627,300.0,N,N,0.011,0,0,1,1.0,N,N,Y,37.64793,-84.74819,9.0,2.0,6.0,1.0,1.0,2.0,6.0,N,840,841,N,2021.0,O,0,0,0,0,0,0,1,0,0,0.0,1.0,0.0
72641221,O,Motor Vehicle,DAC,,20210628,1031.0,N,Y,0.175,0,0,2,2.0,N,N,Y,37.64481,-84.77416,1.0,2.0,6.0,1.0,1.0,2.0,2.0,N,1033,1036,N,2021.0,O,0,0,0,0,0,0,1,0,0,0.0,0.0,0.0
72641315,O,Motor Vehicle,DAC,,20210628,1430.0,N,N,13.783,0,0,2,2.0,N,N,Y,37.64556,-84.7676,8.0,3.0,6.0,1.0,1.0,2.0,2.0,N,1452,1459,N,2021.0,O,0,0,0,0,0,0,0,1,0,0.0,1.0,0.0
72641456,O,Motor Vehicle,DAC,,20210628,1906.0,N,N,2.931,0,0,3,3.0,N,N,Y,37.60996,-84.77424,5.0,5.0,6.0,1.0,1.0,2.0,2.0,N,1907,1913,N,2021.0,O,0,0,1,0,0,0,1,1,0,0.0,0.0,0.0
72642594,O,Motor Vehicle,DAC,,20210629,1343.0,N,Y,6.918,0,0,3,3.0,N,N,Y,37.65998,-84.78377,5.0,2.0,4.0,1.0,1.0,2.0,2.0,N,1343,1345,N,2021.0,O,0,0,1,1,0,0,1,1,0,0.0,0.0,0.0
72642666,O,Motor Vehicle,DAC,REAR END,20210701,1717.0,N,Y,0.0,0,0,2,2.0,N,N,Y,37.61643,-84.77442,5.0,1.0,4.0,1.0,5.0,6.0,2.0,N,1719,1727,N,2021.0,O,0,0,0,0,0,0,1,0,0,0.0,0.0,0.0
72643105,B,Motor Vehicle,DAC,,20210702,1345.0,N,Y,4.94,1,0,2,2.0,N,Y,Y,37.63874,-84.77317,1.0,2.0,6.0,1.0,1.0,2.0,2.0,Y,1350,1351,N,2021.0,B,0,0,0,0,0,0,1,1,0,0.0,0.0,0.0
72643252,O,Motor Vehicle,DAC,,20210702,1508.0,N,Y,0.13,0,0,3,3.0,N,N,Y,37.64878,-84.7692,1.0,2.0,6.0,1.0,1.0,2.0,2.0,N,1509,1509,N,2021.0,O,0,0,0,1,0,0,1,0,0,0.0,0.0,0.0
72643323,O,Motor Vehicle,DAC,,20210702,1206.0,N,Y,4.944,0,0,2,2.0,N,Y,Y,37.63872,-84.77314,1.0,2.0,1.0,1.0,1.0,2.0,2.0,N,1206,1206,N,2021.0,O,0,0,0,0,0,0,0,1,0,0.0,0.0,0.0
72643396,O,Motor Vehicle,Non DAC,,20210701,1158.0,N,Y,1.221,0,0,2,2.0,N,N,Y,37.62117,-84.79409,3.0,2.0,1.0,1.0,5.0,6.0,2.0,N,1158,1213,N,2021.0,O,0,0,0,0,0,0,0,0,0,0.0,0.0,0.0
72643434,O,Motor Vehicle,Non DAC,,20210703,1648.0,N,N,13.105,0,0,2,2.0,N,N,Y,37.64661,-84.78913,4.0,2.0,3.0,1.0,1.0,2.0,2.0,N,1649,1656,N,2021.0,O,0,0,0,0,0,0,1,1,0,0.0,0.0,0.0
72644192,O,Motor Vehicle,DAC,ANGLE,20210706,955.0,N,Y,1.191,0,0,2,2.0,N,N,Y,37.62077,-84.75316,1.0,3.0,6.0,1.0,1.0,2.0,2.0,N,957,1000,N,2021.0,O,0,0,0,1,0,0,1,1,0,0.0,0.0,0.0
72644570,O,Bicyclist,DAC,,20210706,1549.0,N,N,5.35,0,0,2,1.0,N,Y,Y,37.64513,-84.77412,9.0,2.0,6.0,1.0,1.0,2.0,2.0,N,1549,1550,N,2021.0,O,0,0,0,0,0,1,0,0,0,0.0,0.0,0.0
72644610,O,Motor Vehicle,DAC,,20210707,956.0,N,Y,0.061,0,0,2,2.0,N,N,Y,37.64283,-84.77322,2.0,2.0,6.0,1.0,1.0,2.0,2.0,N,956,1002,N,2021.0,O,0,0,1,1,0,0,1,0,0,0.0,0.0,0.0
72644725,O,Motor Vehicle,DAC,,20210707,1614.0,N,Y,0.005,0,0,1,1.0,N,N,Y,37.62984,-84.77846,9.0,1.0,3.0,1.0,1.0,2.0,2.0,N,1614,1624,N,2021.0,O,0,0,0,0,0,0,0,0,0,0.0,0.0,0.0
72645050,O,Motor Vehicle,Non DAC,,20210708,1300.0,N,Y,0.279,0,0,2,2.0,N,N,Y,37.64788,-84.80506,3.0,1.0,6.0,1.0,1.0,2.0,2.0,N,1303,1310,N,2021.0,O,0,0,0,0,0,0,1,0,0,0.0,0.0,0.0
72645614,O,Motor Vehicle,DAC,REAR END,20210709,1629.0,N,Y,0.458,0,0,2,2.0,N,N,Y,37.61696,-84.78575,5.0,1.0,6.0,1.0,1.0,2.0,2.0,N,1632,1638,N,2021.0,O,0,0,0,0,0,0,1,0,0,0.0,0.0,0.0
72646040,O,Motor Vehicle,DAC,ANGLE,20210710,1441.0,N,Y,3.255,0,0,2,2.0,N,N,Y,37.61468,-84.77447,1.0,2.0,6.0,1.0,1.0,2.0,2.0,N,1441,1455,N,2021.0,O,0,0,0,1,0,0,0,1,0,0.0,0.0,0.0
72646151,O,Motor Vehicle,DAC,,20210710,1459.0,N,Y,14.181,0,0,2,2.0,Y,N,Y,37.64125,-84.76314,5.0,2.0,6.0,1.0,1.0,2.0,2.0,N,1501,1509,N,2021.0,O,0,0,0,0,0,0,1,0,0,1.0,0.0,0.0
72646693,O,Motor Vehicle,DAC,SINGLE VEHICLE,20210712,1048.0,N,Y,0.014,0,0,1,1.0,N,N,Y,37.61761,-84.77471,9.0,2.0,1.0,1.0,5.0,6.0,2.0,N,1050,1059,N,2021.0,O,0,0,0,0,0,0,0,0,0,0.0,0.0,0.0
72646958,O,Motor Vehicle,Non DAC,,20210713,1538.0,N,Y,0.204,0,0,2,2.0,N,N,Y,37.64925,-84.77216,5.0,2.0,5.0,1.0,5.0,3.0,2.0,N,1541,1547,N,2021.0,O,0,0,0,0,0,0,1,0,0,0.0,0.0,0.0
72647077,C,Motor Vehicle,Non DAC,,20210712,1925.0,N,N,2.322,1,0,2,2.0,N,N,Y,37.66919,-84.75392,8.0,2.0,6.0,1.0,1.0,2.0,2.0,Y,1926,1931,N,2021.0,C,0,0,0,0,0,0,1,0,0,0.0,1.0,0.0
72648281,O,Motor Vehicle,Non DAC,,20210716,2148.0,N,N,2.142,0,0,2,2.0,N,N,Y,37.67522,-84.76454,5.0,2.0,4.0,1.0,1.0,3.0,6.0,N,2150,2157,N,2021.0,O,0,0,1,0,0,0,1,0,0,0.0,0.0,0.0
72648485,O,Motor Vehicle,DAC,,20210716,900.0,N,Y,5.324,0,0,2,2.0,N,N,Y,37.64462,-84.77251,1.0,2.0,6.0,1.0,1.0,2.0,2.0,N,900,905,N,2021.0,O,0,0,0,1,0,0,1,0,0,0.0,0.0,0.0
72649142,O,Motor Vehicle,DAC,REAR END,20210712,1827.0,N,Y,3.514,0,0,2,2.0,N,N,Y,37.61853,-84.7746,5.0,2.0,6.0,1.0,1.0,2.0,2.0,N,1829,1832,N,2021.0,O,0,0,0,0,0,0,1,0,0,0.0,0.0,0.0
72649143,O,Motor Vehicle,DAC,,20210719,1100.0,N,Y,0.344,0,0,2,2.0,N,N,Y,37.6417,-84.78073,3.0,2.0,6.0,1.0,1.0,2.0,2.0,N,1104,1113,N,2021.0,O,0,0,0,0,0,0,0,0,0,0.0,0.0,0.0
72649182,O,Motor Vehicle,DAC,ANGLE,20210719,1057.0,N,Y,0.622,0,0,2,2.0,N,N,Y,37.61661,-84.78568,1.0,2.0,4.0,1.0,1.0,2.0,2.0,N,1057,1106,N,2021.0,O,0,0,0,1,0,0,0,1,0,0.0,0.0,0.0
72649544,O,Motor Vehicle,DAC,,20210720,1230.0,N,Y,14.031,0,0,2,2.0,N,N,Y,37.64303,-84.7649,1.0,2.0,4.0,1.0,1.0,2.0,2.0,N,1230,1235,N,2021.0,O,0,0,0,1,0,0,1,1,0,0.0,0.0,0.0
72649645,O,Motor Vehicle,DAC,ANGLE,20210720,1502.0,N,N,0.01,0,0,2,2.0,N,N,Y,37.61744,-84.77464,1.0,2.0,6.0,1.0,1.0,2.0,2.0,N,1502,1504,N,2021.0,O,0,0,0,1,0,0,1,0,0,0.0,0.0,0.0
72649939,O,Motor Vehicle,DAC,SINGLE VEHICLE,20210721,1630.0,N,Y,0.159,0,0,1,1.0,N,N,Y,37.61821,-84.77193,9.0,2.0,6.0,1.0,1.0,2.0,2.0,N,1630,1635,N,2021.0,O,0,0,0,0,0,0,0,0,0,0.0,0.0,0.0
72650122,O,Motor Vehicle,DAC,SINGLE VEHICLE,20210722,759.0,N,N,0.0,0,0,1,1.0,N,N,Y,37.62043,-84.76197,9.0,2.0,4.0,1.0,1.0,2.0,2.0,N,759,806,N,2021.0,O,0,1,0,0,0,0,1,0,0,0.0,1.0,0.0
72650210,O,Motor Vehicle,Non DAC,,20210722,1245.0,N,Y,1.239,0,0,2,2.0,N,N,Y,37.62117,-84.79446,5.0,4.0,6.0,1.0,1.0,2.0,2.0,N,1245,1245,N,2021.0,O,0,0,0,0,0,0,1,0,0,0.0,0.0,0.0
72650520,O,Motor Vehicle,DAC,,20210722,1539.0,N,Y,4.981,0,0,2,2.0,N,Y,Y,37.6398,-84.7746,5.0,2.0,4.0,1.0,1.0,2.0,2.0,N,1541,1542,N,2021.0,O,0,0,0,0,0,0,1,0,0,0.0,0.0,0.0
72650521,O,Motor Vehicle,DAC,,20210722,1610.0,N,Y,4.408,0,0,2,2.0,N,N,Y,37.63125,-84.77488,5.0,2.0,6.0,1.0,1.0,2.0,2.0,N,1610,1611,N,2021.0,O,0,0,0,0,0,0,1,1,0,0.0,0.0,0.0
72650995,O,Motor Vehicle,Non DAC,,20210721,755.0,N,Y,15.531,0,0,2,2.0,N,N,Y,37.6644,-84.74297,5.0,2.0,3.0,1.0,1.0,2.0,2.0,N,755,803,N,2021.0,O,0,0,0,1,0,0,1,1,0,0.0,0.0,0.0
72651092,O,Motor Vehicle,DAC,,20210724,1324.0,N,N,0.788,0,0,2,2.0,N,N,Y,37.649,-84.77298,5.0,2.0,6.0,1.0,1.0,2.0,2.0,N,1326,1329,N,2021.0,O,0,0,0,1,0,0,1,0,0,0.0,0.0,0.0
72651662,C,Motor Vehicle,DAC,,20210726,1231.0,N,Y,5.978,2,0,2,2.0,N,N,Y,37.64636,-84.78231,1.0,2.0,6.0,1.0,1.0,2.0,2.0,Y,1231,1235,N,2021.0,C,0,0,1,1,0,0,1,1,0,0.0,0.0,0.0
72651788,O,Motor Vehicle,DAC,,20210725,1847.0,N,Y,0.204,0,0,2,2.0,N,N,Y,37.61675,-84.77075,1.0,2.0,6.0,1.0,1.0,2.0,2.0,N,1847,1851,N,2021.0,O,0,0,0,0,0,0,1,1,0,0.0,0.0,0.0
72651904,O,Motor Vehicle,DAC,,20210717,1159.0,N,N,4.207,0,0,2,2.0,N,N,Y,37.62834,-84.77478,8.0,2.0,6.0,1.0,1.0,3.0,2.0,N,1200,1209,N,2021.0,O,0,0,0,0,0,0,0,1,0,0.0,1.0,0.0
72651922,O,Motor Vehicle,DAC,,20210727,1025.0,N,N,6.792,0,0,2,2.0,N,N,Y,37.65815,-84.78358,8.0,2.0,6.0,1.0,1.0,2.0,2.0,N,1025,1030,N,2021.0,O,0,0,0,1,0,0,1,1,0,0.0,1.0,0.0
72651957,O,Motor Vehicle,DAC,,20210727,946.0,N,N,0.013,0,0,2,2.0,N,N,Y,37.64611,-84.77405,4.0,2.0,6.0,1.0,1.0,2.0,2.0,N,949,953,N,2021.0,O,0,0,1,0,0,0,0,1,0,0.0,0.0,0.0
72651959,C,Motor Vehicle,DAC,,20210727,955.0,N,N,13.325,1,0,1,1.0,N,N,Y,37.64587,-84.7856,9.0,2.0,6.0,2.0,1.0,2.0,2.0,Y,955,955,N,2021.0,C,0,0,0,1,0,0,0,0,0,0.0,1.0,0.0
72652135,B,Motor Vehicle,DAC,,20210727,1827.0,N,N,14.539,2,0,2,2.0,N,N,Y,37.63741,-84.75905,5.0,2.0,4.0,1.0,1.0,2.0,2.0,Y,1828,1832,N,2021.0,B,0,0,1,0,0,0,1,1,0,0.0,0.0,0.0
72652679,O,Motor Vehicle,Non DAC,,20210729,745.0,N,N,15.443,0,0,2,2.0,N,N,Y,37.66315,-84.743,8.0,2.0,3.0,1.0,1.0,2.0,2.0,N,744,749,N,2021.0,O,0,0,1,0,0,0,1,0,0,0.0,1.0,0.0
72653249,O,Motor Vehicle,Non DAC,,20210730,1726.0,N,Y,0.185,0,0,2,2.0,Y,N,Y,37.64674,-84.79257,7.0,0.0,6.0,1.0,1.0,2.0,2.0,N,1729,1734,N,2021.0,O,0,1,0,0,0,0,0,0,0,0.0,0.0,0.0
72653364,O,Motor Vehicle,DAC,,20210730,1302.0,N,Y,5.328,0,0,2,2.0,N,Y,Y,37.64486,-84.77416,1.0,2.0,6.0,1.0,1.0,2.0,2.0,N,1307,1310,N,2021.0,O,0,0,0,1,0,0,1,1,0,0.0,0.0,0.0