MasterFile,KABCO_Mod,Mode,Disadvantaged Com ID,MannerofCollision_Real,CollisionDate,CollisionTime,ParkingLotIndicator,IntersectionWith_Indicator_,Milepoint,NumberInjured,NumberKilled,ofUnits,ofMotorVeh,Hit&RunIndicator,OneWayIndicator,InCityLimitsIndicator,Latitude,Longitude,MannerofCollisionCode,TotalLanes,RoadwayCharacterCode,RoadwaySurfaceCode,RoadwayConditionCode,WeatherCode,LightConditionCode,FirstAidSceneIndicator,TimeNotified,TimeArrived,MedianCros,YR,KABCO,Motorcyclist,CommercialVehicle,YoungDriver,MatureDriver,Pedestrian,Bicyclist,Distracted,agressive,Impaired,Unrestrain,RoadwayDep,MedXover
72678018,O,Motor Vehicle,DAC,,20211002,1217.0,N,Y,5.331,0,0,2,2.0,N,Y,Y,37.64481,-84.77415,1.0,2.0,6.0,1.0,1.0,2.0,2.0,N,1217,1219,N,2021.0,O,0,0,0,0,0,0,1,1,0,0.0,0.0,0.0
72678693,O,Motor Vehicle,DAC,,20211001,1445.0,N,Y,4.842,0,0,3,3.0,N,N,Y,37.63786,-84.77478,1.0,2.0,4.0,1.0,1.0,2.0,2.0,N,1445,1445,N,2021.0,O,0,0,0,0,0,0,1,0,0,0.0,0.0,0.0
72678827,O,Motor Vehicle,Non DAC,,20211004,1611.0,N,N,0.038,0,0,1,1.0,N,N,Y,37.65506,-84.79857,9.0,2.0,6.0,1.0,1.0,2.0,2.0,N,1611,1618,N,2021.0,O,0,0,0,0,0,0,1,0,0,0.0,1.0,0.0
72678934,O,Motor Vehicle,DAC,,20210929,2110.0,N,Y,0.592,0,0,2,2.0,N,N,Y,37.63714,-84.77158,1.0,2.0,6.0,2.0,1.0,2.0,4.0,N,2108,2110,N,2021.0,O,0,0,1,0,0,0,1,0,0,0.0,0.0,0.0
72679016,O,Motor Vehicle,Non DAC,,20211005,600.0,N,Y,1.457,0,0,1,1.0,N,N,Y,37.67726,-84.76403,9.0,2.0,6.0,1.0,1.0,4.0,5.0,N,602,607,N,2021.0,O,0,0,0,0,0,0,1,0,0,0.0,0.0,0.0
72679053,O,Motor Vehicle,Non DAC,,20211004,1347.0,N,N,0.03,0,0,1,1.0,Y,N,N,37.63254,-84.75123,9.0,2.0,6.0,1.0,1.0,2.0,2.0,N,1349,1402,N,2021.0,O,0,1,0,0,0,0,0,0,0,0.0,0.0,0.0
72679564,O,Motor Vehicle,DAC,,20211006,1220.0,N,Y,0.001,0,0,2,2.0,N,N,Y,37.64886,-84.7705,7.0,2.0,4.0,1.0,5.0,6.0,2.0,N,1225,1234,N,2021.0,O,0,0,0,1,0,0,0,0,0,0.0,0.0,0.0
72680476,O,Motor Vehicle,DAC,,20211008,1309.0,N,N,13.533,0,0,2,2.0,N,N,Y,37.64582,-84.77199,5.0,3.0,6.0,1.0,1.0,2.0,2.0,N,1311,1320,N,2021.0,O,0,0,0,1,0,0,1,0,0,0.0,0.0,0.0
72680991,O,Motor Vehicle,DAC,REAR END,20211009,2142.0,N,Y,0.169,0,0,2,2.0,N,N,Y,37.61736,-84.77753,5.0,4.0,6.0,1.0,1.0,2.0,5.0,N,2142,2146,N,2021.0,O,0,0,1,0,0,0,0,0,0,0.0,0.0,0.0
72681307,B,Motor Vehicle,DAC,,20211006,1908.0,N,Y,0.0,3,0,2,2.0,N,N,Y,37.64546,-84.76661,1.0,2.0,6.0,1.0,6.0,6.0,5.0,N,1908,1911,N,2021.0,B,0,0,1,0,0,0,1,0,1,0.0,0.0,0.0
72681368,O,Motor Vehicle,Non DAC,,20211011,746.0,N,N,12.203,0,0,2,2.0,N,N,Y,37.64851,-84.80526,5.0,2.0,6.0,1.0,1.0,2.0,2.0,N,748,756,N,2021.0,O,0,0,0,0,0,0,0,1,0,0.0,0.0,0.0
72681991,O,Motor Vehicle,DAC,,20211012,1546.0,N,N,0.128,0,0,2,2.0,N,N,Y,37.63037,-84.77202,7.0,2.0,4.0,1.0,1.0,2.0,2.0,N,1547,1557,N,2021.0,O,0,0,1,0,0,0,0,0,0,0.0,1.0,0.0
72682006,O,Motor Vehicle,DAC,,20211012,1915.0,N,N,13.575,0,0,2,2.0,N,N,Y,37.64575,-84.77125,5.0,4.0,6.0,1.0,1.0,2.0,5.0,N,1918,1922,N,2021.0,O,0,0,0,1,0,0,1,1,0,0.0,0.0,0.0
72682010,O,Motor Vehicle,DAC,,20211012,1734.0,N,Y,0.213,0,0,2,2.0,N,N,Y,37.649,-84.77372,3.0,4.0,6.0,1.0,1.0,2.0,2.0,N,1741,1747,N,2021.0,O,0,0,1,0,0,0,1,0,0,0.0,0.0,0.0
72682219,O,Motor Vehicle,Non DAC,,20210911,1330.0,N,Y,0.004,0,0,2,2.0,N,N,Y,37.64846,-84.80513,5.0,2.0,6.0,1.0,1.0,2.0,2.0,N,1330,1330,N,2021.0,O,0,0,0,0,0,0,1,1,0,0.0,0.0,0.0
72682444,O,Motor Vehicle,DAC,,20211012,1732.0,N,Y,6.131,0,0,2,2.0,N,N,Y,37.64857,-84.78255,5.0,2.0,6.0,1.0,1.0,2.0,2.0,N,1732,1742,N,2021.0,O,0,0,0,0,0,0,1,0,0,0.0,0.0,0.0
72682714,O,Motor Vehicle,DAC,,20211014,1543.0,N,N,13.586,0,0,2,2.0,N,N,Y,37.64573,-84.77107,5.0,3.0,6.0,1.0,1.0,2.0,2.0,N,1546,1556,N,2021.0,O,0,0,0,0,0,0,1,1,0,0.0,0.0,0.0
72683273,O,Motor Vehicle,DAC,,20211014,1523.0,N,Y,0.115,0,0,2,2.0,N,N,Y,37.61906,-84.77768,1.0,2.0,6.0,1.0,1.0,2.0,2.0,N,1523,1537,N,2021.0,O,0,0,0,1,0,0,1,1,0,0.0,0.0,0.0
72683556,O,Motor Vehicle,Non DAC,,20211014,722.0,N,Y,1.479,0,0,1,1.0,N,N,Y,37.67714,-84.76385,9.0,1.0,3.0,1.0,1.0,4.0,7.0,N,723,728,N,2021.0,O,0,0,0,0,0,0,1,0,0,0.0,0.0,0.0
72684153,O,Motor Vehicle,DAC,,20211018,745.0,N,N,3.779,0,0,2,2.0,N,N,Y,37.62225,-84.77465,7.0,2.0,6.0,1.0,1.0,2.0,1.0,N,746,753,N,2021.0,O,0,0,0,1,0,0,1,1,0,0.0,1.0,0.0
72684994,O,Motor Vehicle,Non DAC,,20211020,224.0,N,N,14.998,0,0,1,1.0,N,N,Y,37.65847,-84.7485,9.0,2.0,6.0,1.0,1.0,2.0,5.0,N,226,233,N,2021.0,O,0,0,0,0,0,0,0,0,0,0.0,0.0,0.0
72685065,O,Motor Vehicle,Non DAC,,20211019,1320.0,N,Y,1.474,0,0,2,2.0,N,N,Y,37.67727,-84.76392,8.0,2.0,3.0,1.0,1.0,2.0,2.0,N,1320,1326,N,2021.0,O,0,0,0,1,0,0,0,1,0,0.0,0.0,0.0
72685167,O,Motor Vehicle,DAC,,20211020,1231.0,N,Y,0.088,0,0,2,2.0,N,N,Y,37.64469,-84.77256,1.0,2.0,6.0,1.0,1.0,2.0,2.0,N,1231,1239,N,2021.0,O,0,0,0,0,0,0,0,1,0,0.0,0.0,0.0
72685280,O,Motor Vehicle,DAC,,20211015,1551.0,N,Y,0.395,0,0,2,2.0,N,N,Y,37.62652,-84.75229,5.0,1.0,5.0,1.0,5.0,3.0,2.0,N,1551,1554,N,2021.0,O,0,0,1,0,0,0,0,0,0,0.0,0.0,0.0
72685564,O,Motor Vehicle,DAC,,20211020,0.0,N,Y,0.161,0,0,2,2.0,Y,N,Y,37.62991,-84.7519,7.0,2.0,4.0,1.0,1.0,2.0,2.0,N,856,905,N,2021.0,O,0,0,0,0,0,0,1,0,0,0.0,0.0,0.0
72685565,O,Motor Vehicle,DAC,,20211020,1642.0,N,Y,0.204,0,0,2,2.0,N,N,Y,37.61675,-84.77077,1.0,2.0,5.0,1.0,1.0,2.0,2.0,N,1642,1655,N,2021.0,O,0,0,0,0,0,0,1,1,0,0.0,0.0,0.0
72686116,O,Motor Vehicle,DAC,,20211022,1645.0,N,N,13.632,0,0,2,2.0,N,N,Y,37.64572,-84.77026,2.0,3.0,4.0,1.0,1.0,3.0,2.0,N,1655,1701,N,2021.0,O,0,0,1,0,0,0,0,0,0,0.0,0.0,0.0
72686805,O,Motor Vehicle,DAC,REAR END,20211024,1143.0,N,N,3.251,0,0,2,2.0,N,N,Y,37.61475,-84.77448,5.0,2.0,6.0,1.0,1.0,2.0,2.0,N,1143,1151,N,2021.0,O,0,0,0,0,0,0,1,0,0,0.0,0.0,0.0
72686975,O,Motor Vehicle,DAC,,20211024,1941.0,N,N,4.609,0,0,1,1.0,N,N,Y,37.6346,-84.77513,9.0,2.0,4.0,1.0,1.0,2.0,5.0,N,1941,1941,N,2021.0,O,0,0,0,0,0,0,0,0,1,0.0,1.0,0.0
72687216,C,Motor Vehicle,Non DAC,,20211025,757.0,N,Y,1.233,1,0,2,2.0,N,N,Y,37.62132,-84.79415,5.0,3.0,6.0,1.0,5.0,6.0,1.0,N,757,802,N,2021.0,C,0,1,0,0,0,0,1,1,0,0.0,0.0,0.0
72687316,O,Motor Vehicle,DAC,SIDESWIPE-SAME DIRECTION,20211025,924.0,N,Y,1.197,0,0,2,2.0,N,N,Y,37.62092,-84.75304,8.0,2.0,6.0,1.0,5.0,3.0,2.0,N,924,932,N,2021.0,O,0,0,0,1,0,0,0,0,0,0.0,0.0,0.0
72687395,O,Motor Vehicle,DAC,REAR END,20211025,1617.0,N,N,0.08,0,0,2,2.0,N,N,Y,37.61729,-84.77607,5.0,4.0,6.0,1.0,5.0,3.0,2.0,N,1617,1638,N,2021.0,O,0,0,0,0,0,0,1,1,0,0.0,0.0,0.0
72687485,O,Motor Vehicle,DAC,,20211024,2005.0,N,Y,0.001,0,0,2,2.0,N,N,Y,37.64594,-84.77404,5.0,3.0,6.0,1.0,1.0,2.0,5.0,N,2005,2008,N,2021.0,O,0,0,0,0,0,0,1,0,0,0.0,0.0,0.0
72687712,C,Motor Vehicle,DAC,,20211026,1016.0,N,N,5.04,1,0,2,2.0,N,Y,Y,37.64075,-84.7745,8.0,2.0,4.0,1.0,5.0,3.0,2.0,N,1018,1020,N,2021.0,C,0,0,0,1,0,0,1,1,0,0.0,1.0,0.0
72688271,O,Motor Vehicle,DAC,,20211027,1416.0,N,Y,5.205,0,0,2,2.0,N,Y,Y,37.64276,-84.77274,1.0,2.0,6.0,1.0,1.0,2.0,2.0,N,1416,1416,N,2021.0,O,0,0,0,0,0,0,0,1,0,0.0,0.0,0.0
72688507,O,Motor Vehicle,DAC,,20211027,2025.0,N,Y,0.099,0,0,2,2.0,N,Y,Y,37.64735,-84.7723,1.0,4.0,6.0,1.0,1.0,2.0,5.0,N,2027,2031,N,2021.0,O,0,0,0,0,0,0,0,1,0,0.0,0.0,0.0
72688860,O,Motor Vehicle,DAC,,20211028,1612.0,N,Y,0.003,0,0,2,2.0,N,N,Y,37.63223,-84.75155,5.0,2.0,1.0,1.0,5.0,3.0,2.0,N,1612,1621,N,2021.0,O,0,0,1,0,0,0,0,1,0,0.0,0.0,0.0
72688871,O,Motor Vehicle,Non DAC,,20211028,1528.0,N,N,1.317,0,0,3,3.0,N,N,Y,37.6224,-84.79486,5.0,2.0,6.0,1.0,5.0,6.0,2.0,N,1530,1536,N,2021.0,O,0,0,1,0,0,0,0,1,0,0.0,0.0,0.0
72689248,O,Motor Vehicle,Non DAC,,20211029,1000.0,N,Y,0.295,0,0,1,1.0,N,N,Y,37.65204,-84.75194,9.0,2.0,1.0,1.0,6.0,3.0,2.0,N,1016,1023,N,2021.0,O,0,0,0,1,0,0,0,1,0,0.0,0.0,0.0
72689401,O,Motor Vehicle,DAC,,20211029,1526.0,N,Y,0.829,0,0,2,2.0,N,N,Y,37.64897,-84.77208,2.0,2.0,6.0,1.0,5.0,3.0,2.0,N,1530,1533,N,2021.0,O,0,0,0,1,0,0,1,0,0,0.0,0.0,0.0
72689614,O,Motor Vehicle,Non DAC,,20211029,1956.0,N,Y,3.082,0,0,2,2.0,N,N,Y,37.66441,-84.74299,3.0,2.0,6.0,1.0,5.0,6.0,6.0,N,1958,2003,N,2021.0,O,0,0,0,0,0,0,1,1,0,0.0,0.0,0.0
72689826,B,Motor Vehicle,DAC,,20211029,1012.0,N,Y,0.661,1,0,2,2.0,N,N,Y,37.62853,-84.76274,4.0,2.0,6.0,1.0,5.0,3.0,2.0,Y,1013,1018,N,2021.0,B,0,0,1,1,0,0,1,0,0,1.0,0.0,0.0
72689861,O,Motor Vehicle,DAC,,20211029,1301.0,N,Y,5.974,0,0,2,2.0,N,N,Y,37.64635,-84.78239,2.0,2.0,6.0,1.0,5.0,3.0,2.0,N,1246,1251,N,2021.0,O,0,0,1,0,0,0,0,0,0,0.0,0.0,0.0
72689862,O,Motor Vehicle,DAC,,20211030,1101.0,N,N,13.738,0,0,2,2.0,N,N,Y,37.64697,-84.76625,7.0,1.0,3.0,1.0,5.0,6.0,2.0,N,1102,1104,N,2021.0,O,0,0,0,0,0,0,0,1,0,0.0,1.0,0.0
72690029,O,Motor Vehicle,Non DAC,,20211030,1948.0,N,Y,3.082,0,0,2,2.0,N,N,Y,37.66443,-84.74306,5.0,2.0,6.0,1.0,5.0,3.0,6.0,N,1948,1959,N,2021.0,O,0,0,0,0,0,0,1,0,0,0.0,0.0,0.0
72690328,O,Motor Vehicle,Non DAC,,20211028,1804.0,N,N,0.131,0,0,2,2.0,N,N,Y,37.65351,-84.77714,1.0,2.0,1.0,1.0,5.0,3.0,2.0,N,1804,1808,N,2021.0,O,0,0,0,0,0,0,0,0,0,0.0,0.0,0.0
72690418,O,Motor Vehicle,Non DAC,,20211031,1932.0,N,N,0.269,0,0,2,2.0,N,N,Y,37.66311,-84.78984,1.0,1.0,6.0,1.0,1.0,2.0,4.0,N,1932,1936,N,2021.0,O,0,0,0,0,0,0,1,0,0,0.0,0.0,0.0
72690451,O,Motor Vehicle,Non DAC,,20211030,1637.0,N,N,0.077,0,0,2,2.0,N,N,Y,37.65198,-84.76495,5.0,2.0,6.0,1.0,1.0,2.0,2.0,N,1638,1645,N,2021.0,O,0,0,0,0,0,0,1,0,0,0.0,0.0,0.0
72691092,O,Motor Vehicle,DAC,ANGLE,20211102,923.0,N,Y,3.451,0,0,2,2.0,N,N,Y,37.61759,-84.77459,1.0,2.0,6.0,1.0,5.0,3.0,2.0,N,925,928,N,2021.0,O,0,0,0,0,0,0,1,1,0,0.0,0.0,0.0
72691259,O,Motor Vehicle,Non DAC,,20211102,1155.0,N,N,0.698,0,0,1,1.0,N,N,Y,37.65616,-84.77149,9.0,2.0,4.0,1.0,1.0,3.0,2.0,N,1158,1202,N,2021.0,O,0,0,0,0,0,0,1,0,0,0.0,0.0,0.0
72691613,O,Motor Vehicle,Non DAC,,20211103,800.0,N,Y,0.093,0,0,2,2.0,Y,N,Y,37.65455,-84.80271,7.0,0.0,6.0,1.0,1.0,2.0,1.0,N,802,808,N,2021.0,O,0,0,0,0,0,0,0,1,1,0.0,0.0,0.0
72691638,O,Motor Vehicle,DAC,,20211103,1159.0,N,Y,5.977,0,0,1,1.0,N,N,Y,37.64634,-84.78231,9.0,3.0,6.0,1.0,1.0,2.0,2.0,N,1159,1159,N,2021.0,O,0,1,0,0,0,0,0,0,0,0.0,0.0,0.0
72691654,O,Motor Vehicle,Non DAC,,20211103,0.0,N,N,0.023,0,0,1,1.0,Y,N,Y,37.65248,-84.77858,9.0,0.0,6.0,1.0,1.0,0.0,0.0,N,915,919,N,2021.0,H,0,0,0,0,0,0,0,0,0,0.0,1.0,0.0
72691807,O,Motor Vehicle,DAC,REAR END,20211101,1433.0,N,Y,0.166,0,0,2,2.0,N,N,Y,37.61796,-84.77159,5.0,2.0,6.0,1.0,1.0,2.0,2.0,N,1433,1436,N,2021.0,O,0,0,0,0,0,0,1,0,0,0.0,0.0,0.0
72691808,O,Motor Vehicle,Non DAC,,20211102,1628.0,N,N,2.783,0,0,2,2.0,N,N,Y,37.6642,-84.74832,1.0,2.0,6.0,1.0,1.0,2.0,2.0,Y,1628,1633,N,2021.0,O,0,0,0,1,0,0,0,1,0,0.0,0.0,0.0
72692183,O,Motor Vehicle,DAC,,20211104,1408.0,N,Y,5.331,0,0,2,2.0,N,Y,Y,37.64481,-84.77415,8.0,4.0,6.0,1.0,1.0,2.0,2.0,N,1409,1411,N,2021.0,O,0,0,0,0,0,0,1,1,0,0.0,0.0,0.0
72692394,O,Motor Vehicle,DAC,REAR END,20211104,1537.0,N,Y,0.076,0,0,2,2.0,N,Y,Y,37.61702,-84.77484,5.0,1.0,3.0,1.0,1.0,2.0,2.0,N,1537,1543,N,2021.0,O,0,0,0,0,0,0,1,0,0,0.0,0.0,0.0
72692577,O,Motor Vehicle,Non DAC,,20211105,715.0,N,Y,2.296,0,0,2,2.0,N,N,Y,37.67734,-84.76407,8.0,2.0,3.0,1.0,1.0,2.0,5.0,N,715,725,N,2021.0,O,0,0,0,1,0,0,0,1,0,0.0,0.0,0.0
72692594,O,Motor Vehicle,DAC,,20211105,1006.0,N,Y,5.206,0,0,2,2.0,N,Y,Y,37.64278,-84.77275,8.0,2.0,4.0,1.0,1.0,2.0,2.0,N,1006,1110,N,2021.0,O,0,0,0,0,0,0,0,0,0,0.0,0.0,0.0
72692792,O,Motor Vehicle,Non DAC,,20211105,1928.0,N,Y,0.001,0,0,2,2.0,N,N,Y,37.64861,-84.76382,7.0,4.0,6.0,1.0,1.0,2.0,5.0,N,1928,1933,N,2021.0,O,0,0,0,0,0,0,1,0,0,0.0,0.0,0.0
72693061,O,Motor Vehicle,DAC,REAR END,20211103,1153.0,N,N,0.619,0,0,2,2.0,N,N,Y,37.6166,-84.78573,5.0,4.0,6.0,1.0,1.0,2.0,2.0,N,1155,1159,N,2021.0,O,0,0,0,1,0,0,1,1,0,0.0,0.0,0.0
72693748,O,Motor Vehicle,Non DAC,,20211101,1115.0,N,Y,3.745,0,0,2,2.0,N,N,Y,37.6555,-84.79928,1.0,5.0,6.0,1.0,1.0,2.0,2.0,N,1115,1120,N,2021.0,O,0,0,0,1,0,0,1,1,0,0.0,0.0,0.0
72693837,O,Motor Vehicle,DAC,,20211108,1401.0,N,Y,1.248,0,0,2,2.0,N,N,Y,37.62654,-84.75233,5.0,2.0,4.0,1.0,1.0,2.0,2.0,N,1404,1409,N,2021.0,O,0,0,0,1,0,0,1,0,0,0.0,0.0,0.0
72693959,O,Motor Vehicle,DAC,REAR END,20211107,1556.0,N,Y,0.022,0,0,3,3.0,N,N,Y,37.61743,-84.77468,5.0,4.0,6.0,1.0,1.0,2.0,2.0,N,1556,1557,N,2021.0,O,0,0,0,0,0,0,0,0,0,0.0,0.0,0.0
72694307,O,Motor Vehicle,DAC,,20211109,821.0,N,N,0.149,0,0,2,2.0,N,N,Y,37.64345,-84.77102,5.0,2.0,6.0,1.0,1.0,2.0,2.0,N,823,825,N,2021.0,O,0,0,0,0,0,0,1,0,0,0.0,0.0,0.0
72694336,O,Motor Vehicle,DAC,,20211109,1130.0,N,Y,4.912,0,0,2,2.0,N,N,Y,37.63881,-84.7747,1.0,2.0,6.0,1.0,1.0,2.0,2.0,N,1130,1130,N,2021.0,O,0,0,1,1,0,0,1,0,0,0.0,0.0,0.0
72694502,O,Motor Vehicle,DAC,,20211109,1850.0,N,Y,0.153,0,0,2,2.0,N,N,Y,37.6435,-84.77105,1.0,2.0,6.0,1.0,1.0,2.0,5.0,N,1850,1854,N,2021.0,O,0,0,0,1,0,0,1,1,0,0.0,0.0,0.0
72694537,O,Motor Vehicle,DAC,ANGLE,20211109,1920.0,N,Y,3.394,0,0,2,2.0,N,N,Y,37.61653,-84.77461,1.0,5.0,6.0,1.0,1.0,2.0,6.0,N,1920,1924,N,2021.0,O,0,0,0,0,0,0,1,1,0,0.0,0.0,0.0
72694687,O,Motor Vehicle,DAC,SIDESWIPE-SAME DIRECTION,20211109,1312.0,N,Y,0.015,0,0,2,2.0,N,N,Y,37.61804,-84.77142,8.0,2.0,4.0,1.0,1.0,2.0,2.0,N,1312,1326,N,2021.0,O,0,0,0,1,0,0,0,0,0,0.0,0.0,0.0
72694767,O,Motor Vehicle,DAC,,20211110,1220.0,N,Y,4.212,0,0,2,2.0,N,N,Y,37.62841,-84.77477,1.0,2.0,4.0,1.0,1.0,2.0,2.0,N,1223,1234,N,2021.0,O,0,1,0,1,0,0,1,1,0,0.0,0.0,0.0
72694972,B,Motor Vehicle,DAC,,20211110,1359.0,N,Y,5.251,1,0,2,2.0,N,Y,Y,37.64373,-84.77424,8.0,2.0,6.0,1.0,1.0,2.0,2.0,Y,1401,1402,N,2021.0,B,0,0,0,1,0,0,0,0,0,0.0,0.0,0.0
72695303,O,Motor Vehicle,DAC,,20211110,925.0,N,Y,5.153,0,0,2,2.0,N,Y,Y,37.64231,-84.77438,8.0,2.0,4.0,1.0,1.0,2.0,2.0,N,925,931,N,2021.0,O,0,0,0,0,0,0,0,1,0,0.0,0.0,0.0
72695401,O,Motor Vehicle,DAC,,20211111,1526.0,N,N,13.668,0,0,2,2.0,N,N,Y,37.64561,-84.76964,8.0,2.0,6.0,1.0,5.0,6.0,2.0,N,1527,1533,N,2021.0,O,0,0,0,0,0,0,1,1,0,0.0,1.0,0.0
72695512,O,Motor Vehicle,DAC,REAR END,20211111,1706.0,N,Y,3.457,0,0,3,3.0,N,N,Y,37.61763,-84.77464,5.0,2.0,6.0,1.0,5.0,6.0,3.0,N,1708,1713,N,2021.0,O,0,0,1,0,0,0,1,0,0,0.0,0.0,0.0
72695679,B,Motor Vehicle,Non DAC,,20211023,1359.0,N,Y,0.468,1,0,1,1.0,N,N,Y,37.63168,-84.74354,9.0,2.0,2.0,1.0,1.0,2.0,2.0,Y,1401,1413,N,2021.0,B,0,0,0,0,0,0,0,0,0,0.0,0.0,0.0
72695932,O,Motor Vehicle,DAC,ANGLE,20211112,1645.0,N,Y,3.516,0,0,2,2.0,N,N,Y,37.61845,-84.77462,1.0,2.0,6.0,1.0,1.0,3.0,2.0,N,1645,1645,N,2021.0,O,0,0,0,1,0,0,1,0,0,0.0,0.0,0.0
72696053,O,Motor Vehicle,Non DAC,,20211112,2216.0,N,Y,4.615,0,0,2,2.0,N,N,Y,37.66584,-84.79193,5.0,4.0,6.0,1.0,5.0,8.0,5.0,N,2217,2223,N,2021.0,O,0,0,1,0,0,0,1,1,0,0.0,0.0,0.0
72696244,B,Motor Vehicle,Non DAC,,20211112,2044.0,N,Y,15.537,2,0,2,2.0,N,N,Y,37.66442,-84.74294,3.0,2.0,6.0,1.0,5.0,6.0,5.0,Y,2045,2050,N,2021.0,B,0,0,0,0,0,0,0,1,0,0.0,0.0,0.0
72696956,O,Motor Vehicle,DAC,,20211109,1801.0,N,N,0.198,0,0,2,2.0,N,N,Y,37.6487,-84.76785,5.0,2.0,6.0,1.0,1.0,2.0,5.0,N,1801,1808,N,2021.0,O,0,0,0,1,0,0,1,0,0,0.0,0.0,0.0
72697124,O,Motor Vehicle,DAC,,20211115,1511.0,N,Y,4.966,0,0,2,2.0,N,Y,Y,37.6396,-84.77463,8.0,3.0,6.0,1.0,1.0,2.0,2.0,N,1511,1516,N,2021.0,O,0,0,0,0,0,0,1,0,0,0.0,0.0,0.0
72697614,B,Motor Vehicle,DAC,ANGLE,20211116,1440.0,N,Y,0.175,1,0,2,2.0,N,N,Y,37.61797,-84.77139,1.0,6.0,6.0,1.0,1.0,2.0,2.0,Y,1440,1449,N,2021.0,B,0,0,0,1,0,0,0,1,0,0.0,0.0,0.0
72698115,O,Motor Vehicle,Non DAC,,20211116,1616.0,N,Y,15.967,0,0,2,2.0,N,N,Y,37.6664,-84.73549,4.0,2.0,6.0,1.0,1.0,2.0,2.0,N,1616,1620,N,2021.0,O,0,0,0,1,0,0,1,1,0,0.0,0.0,0.0
72698265,O,Motor Vehicle,DAC,,20211117,722.0,N,N,0.167,0,0,2,2.0,Y,N,Y,37.62984,-84.78147,1.0,2.0,3.0,1.0,1.0,2.0,9.0,N,725,737,N,2021.0,H,0,0,0,0,0,0,1,0,0,0.0,0.0,0.0
72698347,O,Motor Vehicle,DAC,,20211118,1224.0,N,Y,5.251,0,0,2,2.0,N,Y,Y,37.64372,-84.77427,1.0,2.0,6.0,1.0,5.0,3.0,2.0,N,1224,1229,N,2021.0,O,0,0,0,1,0,0,1,0,0,0.0,0.0,0.0
72698446,O,Motor Vehicle,DAC,REAR END,20211118,739.0,N,N,3.333,0,0,2,2.0,N,N,Y,37.6158,-84.77443,5.0,2.0,6.0,1.0,5.0,6.0,2.0,N,741,747,N,2021.0,O,0,0,1,0,0,0,1,0,0,0.0,0.0,0.0
72698576,O,Motor Vehicle,DAC,,20211118,1730.0,N,N,0.124,0,0,2,2.0,N,N,Y,37.64773,-84.78051,3.0,2.0,3.0,1.0,1.0,2.0,5.0,Y,1730,1735,N,2021.0,O,0,0,0,1,0,0,1,0,0,0.0,0.0,0.0
72698687,B,Motor Vehicle,DAC,ANGLE,20211118,1907.0,N,Y,0.638,3,0,2,2.0,N,N,Y,37.61969,-84.76323,1.0,6.0,6.0,1.0,1.0,2.0,5.0,Y,1907,1911,N,2021.0,B,0,0,0,1,0,0,0,0,1,0.0,0.0,0.0
72698783,O,Motor Vehicle,Non DAC,,20211119,648.0,N,N,11.826,0,0,2,2.0,N,N,Y,37.6483,-84.81223,5.0,2.0,6.0,1.0,1.0,2.0,5.0,N,650,651,N,2021.0,O,0,0,0,0,0,0,1,1,0,0.0,0.0,0.0
72698922,C,Motor Vehicle,Non DAC,,20211119,1454.0,N,N,12.697,1,0,2,2.0,N,N,Y,37.648,-84.79617,1.0,2.0,6.0,1.0,1.0,2.0,2.0,Y,1455,1458,N,2021.0,C,0,0,0,0,0,0,0,1,0,0.0,0.0,0.0
72698982,O,Motor Vehicle,DAC,ANGLE,20211119,1650.0,N,Y,0.239,0,0,2,2.0,N,N,Y,37.61722,-84.78177,1.0,2.0,6.0,1.0,1.0,2.0,2.0,N,1652,1659,N,2021.0,O,0,0,0,1,0,0,1,1,0,0.0,0.0,0.0
72698992,O,Motor Vehicle,DAC,OPPOPSING LEFT TURN,20211119,1700.0,N,Y,0.177,0,0,2,2.0,N,N,Y,37.61799,-84.7714,4.0,4.0,6.0,1.0,1.0,2.0,2.0,N,1702,1705,N,2021.0,O,0,0,1,0,0,0,1,1,0,0.0,0.0,0.0
72699250,O,Motor Vehicle,DAC,,20211120,1014.0,N,Y,0.01,0,0,2,2.0,N,N,Y,37.6456,-84.76689,1.0,2.0,4.0,1.0,1.0,2.0,2.0,N,1016,1019,N,2021.0,O,0,0,0,0,0,0,0,1,0,0.0,0.0,0.0
72699301,C,Motor Vehicle,DAC,ANGLE,20211120,1046.0,N,Y,0.019,2,0,2,2.0,N,N,Y,37.61938,-84.76594,1.0,3.0,6.0,1.0,1.0,2.0,2.0,Y,1048,1049,N,2021.0,C,0,0,0,0,0,0,0,1,0,0.0,0.0,0.0
72699467,O,Motor Vehicle,DAC,REAR END,20211120,2224.0,N,Y,0.491,0,0,2,2.0,Y,N,Y,37.61912,-84.76583,5.0,4.0,6.0,1.0,1.0,2.0,5.0,N,2226,2232,N,2021.0,O,0,0,0,0,0,0,0,1,0,0.0,0.0,0.0
72699530,O,Motor Vehicle,Non DAC,,20211121,341.0,N,N,0.803,0,0,1,1.0,N,N,Y,37.6439,-84.75239,9.0,2.0,3.0,1.0,1.0,2.0,5.0,N,341,350,N,2021.0,O,0,0,0,0,0,0,0,0,0,0.0,1.0,0.0
72699583,K,Motor Vehicle,DAC,ANGLE,20211117,1300.0,N,N,0.639,0,1,2,2.0,N,N,Y,37.61987,-84.76325,1.0,4.0,6.0,1.0,1.0,2.0,2.0,Y,1350,1409,N,2021.0,K,0,1,0,1,0,0,1,1,0,0.0,0.0,0.0