MasterFile,KABCO_Mod,Mode,Disadvantaged Com ID,MannerofCollision_Real,CollisionDate,CollisionTime,ParkingLotIndicator,IntersectionWith_Indicator_,Milepoint,NumberInjured,NumberKilled,ofUnits,ofMotorVeh,Hit&RunIndicator,OneWayIndicator,InCityLimitsIndicator,Latitude,Longitude,MannerofCollisionCode,TotalLanes,RoadwayCharacterCode,RoadwaySurfaceCode,RoadwayConditionCode,WeatherCode,LightConditionCode,FirstAidSceneIndicator,TimeNotified,TimeArrived,MedianCros,YR,KABCO,Motorcyclist,CommercialVehicle,YoungDriver,MatureDriver,Pedestrian,Bicyclist,Distracted,agressive,Impaired,Unrestrain,RoadwayDep,MedXover
72725181,O,Motor Vehicle,Non DAC,,20220128,1800.0,N,Y,15.531,0,0,1,1.0,N,N,N,37.66451,-84.743,9.0,2.0,6.0,1.0,4.0,9.0,6.0,N,2103,2113,N,2022.0,O,0,0,0,0,0,0,0,0,0,0.0,0.0,0.0
72725240,C,Motor Vehicle,DAC,SINGLE VEHICLE,20220128,2147.0,N,Y,0.787,1,0,1,1.0,N,N,Y,37.62092,-84.75304,9.0,2.0,6.0,1.0,4.0,9.0,6.0,Y,2147,2155,N,2022.0,C,0,0,0,0,0,0,0,1,0,0.0,0.0,0.0
72725243,O,Motor Vehicle,Non DAC,,20220128,2105.0,N,N,15.911,0,0,1,1.0,N,N,Y,37.66623,-84.73664,9.0,2.0,3.0,1.0,4.0,9.0,6.0,N,2108,2119,N,2022.0,O,0,0,0,0,0,0,0,1,0,0.0,1.0,0.0
72725460,O,Motor Vehicle,Non DAC,,20220128,2215.0,N,Y,2.927,0,0,1,1.0,N,N,Y,37.6448,-84.80304,9.0,2.0,6.0,1.0,4.0,9.0,5.0,N,2217,2224,N,2022.0,O,0,0,0,0,0,0,0,0,0,0.0,0.0,0.0
72726044,O,Motor Vehicle,Non DAC,,20220130,1320.0,N,Y,7.244,0,0,1,1.0,N,N,Y,37.6647,-84.78427,9.0,2.0,6.0,1.0,1.0,2.0,2.0,N,1320,1323,N,2022.0,O,0,0,0,0,0,0,0,0,0,0.0,0.0,0.0
72726480,O,Motor Vehicle,Non DAC,,20220201,1258.0,N,Y,1.221,0,0,2,2.0,N,Y,Y,37.62118,-84.79405,5.0,3.0,5.0,1.0,1.0,2.0,2.0,N,1300,1302,N,2022.0,O,0,0,0,1,0,0,1,1,0,0.0,0.0,0.0
72726622,O,Motor Vehicle,DAC,,20220201,1810.0,N,Y,13.633,0,0,2,2.0,N,N,Y,37.64553,-84.7666,1.0,2.0,6.0,1.0,1.0,2.0,2.0,N,1753,1800,N,2022.0,O,0,0,0,1,0,0,1,1,0,0.0,0.0,0.0
72727514,O,Motor Vehicle,DAC,,20220202,1700.0,N,N,4.178,0,0,2,2.0,N,N,Y,37.62792,-84.77468,5.0,5.0,6.0,1.0,5.0,6.0,2.0,N,1701,1706,N,2022.0,O,0,0,1,1,0,0,0,1,0,0.0,0.0,0.0
72728042,O,Motor Vehicle,Non DAC,,20220129,1129.0,N,Y,1.232,0,0,2,2.0,N,N,Y,37.62125,-84.79437,1.0,4.0,6.0,1.0,1.0,2.0,2.0,N,1131,1141,N,2022.0,O,0,0,0,1,0,0,1,1,0,0.0,0.0,0.0
72728102,O,Motor Vehicle,DAC,SIDESWIPE-SAME DIRECTION,20220206,914.0,N,Y,0.009,0,0,2,2.0,N,N,Y,37.61744,-84.77463,8.0,4.0,6.0,1.0,1.0,2.0,2.0,N,914,919,N,2022.0,O,0,0,0,0,0,0,1,0,0,0.0,0.0,0.0
72728369,B,Motor Vehicle,Non DAC,,20220207,956.0,N,N,0.624,1,0,2,2.0,N,N,Y,37.63185,-84.74067,7.0,2.0,5.0,1.0,1.0,2.0,2.0,Y,955,958,N,2022.0,B,0,0,0,1,0,0,1,0,0,0.0,1.0,0.0
72728371,B,Motor Vehicle,Non DAC,,20220206,1433.0,N,Y,2.942,2,0,2,2.0,N,N,Y,37.64487,-84.80297,4.0,4.0,6.0,1.0,1.0,2.0,2.0,Y,1433,1438,N,2022.0,B,0,0,0,1,0,0,1,1,0,0.0,0.0,0.0
72728654,O,Motor Vehicle,Non DAC,,20220207,832.0,N,Y,3.747,0,0,2,2.0,N,N,Y,37.65551,-84.79926,4.0,4.0,6.0,1.0,1.0,2.0,2.0,N,832,834,N,2022.0,O,0,0,0,0,0,0,1,1,0,0.0,0.0,0.0
72728680,O,Motor Vehicle,Non DAC,,20220207,1003.0,N,Y,12.217,0,0,2,2.0,N,N,Y,37.64852,-84.80501,5.0,2.0,6.0,1.0,1.0,2.0,2.0,N,1003,1009,N,2022.0,O,0,0,0,1,0,0,1,0,0,0.0,0.0,0.0
72728837,O,Motor Vehicle,DAC,,20220208,743.0,N,Y,0.08,0,0,2,2.0,N,N,Y,37.64886,-84.77047,5.0,2.0,6.0,1.0,1.0,2.0,2.0,N,743,749,N,2022.0,O,0,0,1,0,0,0,1,0,0,0.0,0.0,0.0
72728860,O,Motor Vehicle,DAC,,20220208,1649.0,N,Y,4.207,0,0,2,2.0,N,N,Y,37.62852,-84.77479,5.0,2.0,6.0,1.0,1.0,2.0,2.0,N,1650,1655,N,2022.0,O,0,0,0,1,0,0,1,0,0,0.0,0.0,0.0
72729086,O,Motor Vehicle,DAC,,20220208,730.0,N,N,3.201,0,0,2,2.0,N,N,Y,37.61389,-84.77444,5.0,5.0,6.0,1.0,1.0,2.0,1.0,N,731,741,N,2022.0,O,0,0,1,0,0,0,1,0,0,0.0,0.0,0.0
72729459,O,Motor Vehicle,DAC,SIDESWIPE-SAME DIRECTION,20220210,756.0,N,Y,3.369,0,0,2,2.0,Y,N,Y,37.61654,-84.77442,8.0,2.0,6.0,1.0,1.0,2.0,2.0,N,757,806,N,2022.0,O,0,0,0,0,0,0,1,0,0,0.0,0.0,0.0
72730234,O,Motor Vehicle,DAC,,20220211,1417.0,N,N,4.294,0,0,2,2.0,N,N,Y,37.62959,-84.77482,8.0,5.0,6.0,1.0,1.0,2.0,2.0,N,1417,1421,N,2022.0,O,0,1,0,0,0,0,1,0,0,0.0,1.0,0.0
72730565,O,Motor Vehicle,DAC,REAR END,20220213,1608.0,N,N,3.368,0,0,2,2.0,N,N,Y,37.61632,-84.77461,5.0,1.0,1.0,1.0,1.0,2.0,2.0,N,1608,1615,N,2022.0,O,0,0,0,0,0,0,1,0,0,0.0,0.0,0.0
72730787,O,Motor Vehicle,DAC,,20220214,1326.0,N,Y,0.099,0,0,2,2.0,N,N,Y,37.63872,-84.77323,1.0,2.0,6.0,1.0,1.0,2.0,2.0,N,1329,1333,N,2022.0,O,0,0,0,1,0,0,1,1,0,0.0,0.0,0.0
72730933,O,Motor Vehicle,Non DAC,,20220214,1847.0,N,Y,1.802,0,0,2,2.0,N,N,Y,37.62888,-84.79783,1.0,4.0,6.0,1.0,1.0,2.0,5.0,N,1847,1900,N,2022.0,O,0,0,0,1,0,0,1,1,0,0.0,0.0,0.0
72731209,O,Motor Vehicle,Non DAC,,20220215,1314.0,N,N,1.922,0,0,1,1.0,N,N,Y,37.6722,-84.76527,9.0,2.0,1.0,1.0,1.0,2.0,2.0,N,1314,1321,N,2022.0,O,0,0,0,0,0,0,0,0,0,0.0,1.0,0.0
72731325,O,Motor Vehicle,DAC,,20220208,1444.0,N,N,0.598,0,0,2,2.0,N,N,Y,37.64555,-84.78322,2.0,2.0,6.0,1.0,1.0,2.0,2.0,N,1444,1449,N,2022.0,O,0,0,0,0,0,0,1,0,0,0.0,0.0,0.0
72731390,A,Motorcyclist,DAC,OPPOPSING LEFT TURN,20220215,2136.0,N,N,3.64,1,0,2,2.0,N,N,Y,37.62059,-84.77453,4.0,5.0,6.0,1.0,1.0,2.0,6.0,Y,2136,2139,N,2022.0,A,1,0,1,0,0,0,1,1,0,0.0,0.0,0.0
72731553,O,Motor Vehicle,DAC,,20220216,1330.0,N,N,0.007,0,0,3,3.0,N,N,Y,37.64603,-84.77404,2.0,3.0,6.0,1.0,1.0,1.0,2.0,N,1330,1335,N,2022.0,O,0,0,0,0,0,0,0,0,0,0.0,0.0,0.0
72731580,O,Motor Vehicle,DAC,,20220216,1222.0,N,Y,13.587,0,0,2,2.0,Y,N,Y,37.64572,-84.77104,7.0,4.0,6.0,1.0,1.0,2.0,2.0,N,1222,1235,N,2022.0,O,0,1,0,0,0,0,0,0,0,0.0,0.0,0.0
72731612,O,Motor Vehicle,DAC,,20220216,1713.0,N,Y,5.398,0,0,2,2.0,N,Y,Y,37.64575,-84.77244,5.0,2.0,6.0,1.0,1.0,2.0,2.0,N,1717,1719,N,2022.0,O,0,0,0,0,0,0,1,0,0,0.0,0.0,0.0
72731702,O,Motor Vehicle,Non DAC,,20220209,1527.0,N,Y,12.878,0,0,2,2.0,N,N,Y,37.6477,-84.7923,1.0,2.0,6.0,1.0,1.0,2.0,2.0,N,1528,1540,N,2022.0,O,0,0,1,0,0,0,0,1,0,0.0,0.0,0.0
72732041,O,Motor Vehicle,DAC,ANGLE,20220217,2027.0,N,Y,3.441,0,0,2,2.0,N,N,Y,37.61746,-84.77445,1.0,4.0,6.0,1.0,5.0,6.0,5.0,N,2030,2035,N,2022.0,O,0,0,0,0,0,0,1,1,0,0.0,0.0,0.0
72732677,O,Motor Vehicle,DAC,,20220219,1706.0,N,N,0.046,0,0,1,1.0,N,N,Y,37.62279,-84.77547,9.0,1.0,6.0,1.0,1.0,2.0,2.0,N,1706,1709,N,2022.0,O,0,0,0,1,0,0,1,0,0,0.0,1.0,0.0
72733218,O,Motor Vehicle,DAC,,20220218,2100.0,N,N,0.081,0,0,2,2.0,Y,N,Y,37.63627,-84.77018,2.0,2.0,6.0,1.0,1.0,2.0,5.0,N,1711,1719,N,2022.0,H,0,0,0,0,0,0,0,0,0,0.0,0.0,0.0
72733247,C,Motor Vehicle,Non DAC,,20220221,1603.0,N,Y,0.419,1,0,2,2.0,N,N,Y,37.65195,-84.77188,1.0,2.0,5.0,1.0,1.0,2.0,2.0,Y,1606,1610,N,2022.0,C,0,0,1,1,0,0,1,1,0,0.0,0.0,0.0
72733280,C,Motor Vehicle,DAC,,20220218,1715.0,N,N,1.017,1,0,2,2.0,N,N,Y,37.63155,-84.77391,3.0,2.0,1.0,1.0,1.0,2.0,2.0,N,1710,1712,N,2022.0,C,0,0,0,0,0,0,1,0,0,0.0,1.0,0.0
72733294,O,Motor Vehicle,DAC,,20220221,1857.0,N,Y,5.391,0,0,2,2.0,N,N,Y,37.64593,-84.77402,1.0,2.0,6.0,1.0,1.0,2.0,5.0,N,1857,1900,N,2022.0,O,0,0,0,0,0,0,1,1,0,0.0,0.0,0.0
72733512,O,Motor Vehicle,DAC,SIDESWIPE-SAME DIRECTION,20220221,1900.0,N,N,3.359,0,0,2,2.0,Y,N,Y,37.61622,-84.77459,8.0,2.0,6.0,1.0,1.0,2.0,7.0,N,1902,1920,N,2022.0,O,0,0,1,0,0,0,0,0,0,0.0,1.0,0.0
72733628,B,Motor Vehicle,DAC,,20220222,1700.0,N,Y,0.082,3,0,2,2.0,N,N,Y,37.61673,-84.77075,1.0,2.0,5.0,1.0,5.0,6.0,2.0,Y,1700,1705,N,2022.0,B,0,0,0,0,0,0,1,1,0,1.0,0.0,0.0
72733918,O,Motor Vehicle,DAC,,20220223,748.0,N,Y,5.411,0,0,3,3.0,N,N,Y,37.64581,-84.77255,1.0,2.0,6.0,1.0,1.0,2.0,2.0,N,748,751,N,2022.0,O,0,0,1,1,0,0,1,1,0,0.0,0.0,0.0
72734423,O,Motor Vehicle,DAC,,20220224,1744.0,N,Y,4.213,0,0,2,2.0,N,N,Y,37.62842,-84.77478,5.0,2.0,6.0,1.0,5.0,6.0,2.0,N,1744,1744,N,2022.0,O,0,0,1,0,0,0,0,1,0,0.0,0.0,0.0
72734470,O,Motor Vehicle,DAC,ANGLE,20220224,1930.0,N,Y,3.376,0,0,2,2.0,N,N,Y,37.61643,-84.77442,1.0,5.0,6.0,1.0,5.0,6.0,5.0,N,1932,1939,N,2022.0,O,0,0,1,1,0,0,0,0,0,0.0,0.0,0.0
72734485,O,Motor Vehicle,DAC,,20220224,1400.0,N,Y,0.745,0,0,2,2.0,N,N,Y,37.64906,-84.77376,4.0,2.0,6.0,1.0,1.0,3.0,2.0,N,1400,1403,N,2022.0,O,0,0,0,0,0,0,0,0,0,0.0,0.0,0.0
72734821,O,Motor Vehicle,DAC,ANGLE,20220225,1837.0,N,N,3.604,0,0,2,2.0,N,N,Y,37.6197,-84.77456,1.0,5.0,6.0,1.0,1.0,2.0,5.0,N,1837,1839,N,2022.0,O,0,0,0,0,0,0,1,1,0,0.0,0.0,0.0
72735245,O,Motor Vehicle,DAC,REAR END,20220224,1424.0,N,N,3.501,0,0,2,2.0,N,N,Y,37.61823,-84.77465,5.0,5.0,6.0,1.0,1.0,3.0,2.0,N,1425,1429,N,2022.0,O,0,0,1,0,0,0,1,0,0,0.0,0.0,0.0
72735546,O,Motor Vehicle,DAC,SIDESWIPE-SAME DIRECTION,20220225,1705.0,N,Y,0.851,0,0,2,2.0,N,Y,Y,37.61716,-84.78983,8.0,2.0,6.0,1.0,1.0,2.0,2.0,N,1705,1715,N,2022.0,O,0,1,1,0,0,0,0,0,0,0.0,0.0,0.0
72735649,O,Motor Vehicle,DAC,,20220228,1057.0,N,N,5.166,0,0,2,2.0,N,Y,Y,37.64215,-84.7728,1.0,2.0,6.0,1.0,1.0,2.0,2.0,N,1057,1102,N,2022.0,O,0,0,0,0,0,0,1,1,0,0.0,0.0,0.0
72735970,O,Motor Vehicle,DAC,,20220301,1047.0,N,Y,0.743,0,0,2,2.0,N,N,Y,37.64906,-84.77372,1.0,2.0,6.0,1.0,1.0,2.0,2.0,N,1047,1048,N,2022.0,O,0,0,1,1,0,0,1,1,0,0.0,0.0,0.0
72735971,O,Motor Vehicle,DAC,,20220301,1128.0,N,Y,5.152,0,0,2,2.0,N,N,Y,37.6423,-84.77437,5.0,2.0,4.0,1.0,1.0,2.0,2.0,N,1129,1132,N,2022.0,O,0,0,0,1,0,0,1,1,0,0.0,0.0,0.0
72736047,O,Motor Vehicle,DAC,REAR END,20220301,917.0,N,Y,3.456,0,0,2,2.0,N,N,Y,37.61764,-84.77464,5.0,4.0,6.0,1.0,1.0,2.0,2.0,N,917,921,N,2022.0,O,0,0,0,0,0,0,1,0,0,0.0,0.0,0.0
72736148,O,Motor Vehicle,Non DAC,,20220301,1936.0,N,Y,11.88,0,0,2,2.0,N,N,Y,37.64834,-84.81127,5.0,2.0,6.0,1.0,1.0,2.0,7.0,N,1937,1939,N,2022.0,O,0,0,0,0,0,0,0,0,0,0.0,0.0,0.0
72736154,O,Motor Vehicle,DAC,ANGLE,20220301,2006.0,N,Y,3.371,0,0,2,2.0,N,N,Y,37.61636,-84.77442,1.0,2.0,6.0,1.0,1.0,2.0,7.0,N,2006,2013,N,2022.0,O,0,0,0,0,0,0,1,1,0,0.0,0.0,0.0
72736471,O,Motor Vehicle,DAC,ANGLE,20220301,1516.0,N,Y,0.324,0,0,2,2.0,N,N,Y,37.61837,-84.76879,1.0,2.0,6.0,1.0,1.0,2.0,2.0,N,1518,1520,N,2022.0,O,0,0,1,1,0,0,1,1,0,0.0,0.0,0.0
72736479,O,Motor Vehicle,DAC,REAR END,20220302,752.0,N,N,3.234,0,0,2,2.0,N,N,Y,37.61516,-84.77436,5.0,2.0,6.0,1.0,1.0,2.0,2.0,N,752,801,N,2022.0,O,0,0,0,0,0,0,1,0,0,0.0,0.0,0.0
72736635,C,Motor Vehicle,DAC,,20220303,20.0,N,Y,0.145,1,0,1,1.0,N,N,Y,37.64336,-84.7711,9.0,2.0,6.0,1.0,1.0,2.0,5.0,Y,21,24,N,2022.0,C,0,0,0,0,0,0,0,0,0,0.0,0.0,0.0
72736782,O,Motor Vehicle,DAC,,20220303,1252.0,N,Y,3.677,0,0,2,2.0,N,N,Y,37.62073,-84.77467,8.0,2.0,6.0,1.0,1.0,2.0,2.0,N,1252,1253,N,2022.0,O,0,0,1,1,0,0,1,1,0,0.0,0.0,0.0
72736878,O,Motor Vehicle,DAC,,20220302,1606.0,N,Y,0.406,0,0,2,2.0,N,N,Y,37.6264,-84.75233,5.0,2.0,5.0,1.0,1.0,2.0,2.0,N,1607,1613,N,2022.0,O,0,0,0,0,0,0,1,0,0,0.0,0.0,0.0
72737235,O,Motor Vehicle,DAC,,20220226,1124.0,N,N,5.185,0,0,2,2.0,N,Y,Y,37.64245,-84.77277,8.0,2.0,6.0,1.0,1.0,2.0,2.0,N,1126,1131,N,2022.0,O,0,0,0,0,0,0,1,1,0,0.0,1.0,0.0
72737514,O,Motor Vehicle,DAC,,20220303,1856.0,N,Y,4.845,0,0,2,2.0,Y,Y,Y,37.63734,-84.77318,1.0,2.0,3.0,1.0,1.0,2.0,5.0,N,1858,1903,N,2022.0,O,0,0,0,0,0,0,0,1,0,0.0,0.0,0.0
72737902,O,Motor Vehicle,Non DAC,,20220306,1904.0,N,Y,13.201,0,0,1,1.0,N,N,Y,37.64576,-84.78764,9.0,2.0,1.0,1.0,6.0,6.0,7.0,N,1904,1907,Y,2022.0,O,0,0,0,1,0,0,0,1,0,0.0,0.0,0.0
72738170,O,Motor Vehicle,DAC,,20220306,929.0,N,Y,0.001,0,0,3,3.0,N,N,Y,37.64581,-84.77243,1.0,2.0,6.0,1.0,1.0,3.0,2.0,Y,930,932,N,2022.0,O,0,0,0,0,0,0,1,1,0,0.0,0.0,0.0
72738291,O,Motor Vehicle,Non DAC,,20220307,1715.0,N,Y,15.836,0,0,2,2.0,Y,N,Y,37.66601,-84.73777,5.0,2.0,4.0,1.0,1.0,2.0,2.0,N,1715,1733,N,2022.0,O,0,0,0,0,0,0,1,0,0,0.0,0.0,0.0
72738316,O,Motor Vehicle,DAC,ANGLE,20220307,1616.0,N,Y,0.162,0,0,2,2.0,N,N,Y,37.61737,-84.7774,1.0,2.0,6.0,1.0,1.0,2.0,2.0,N,1616,1622,N,2022.0,O,0,0,0,1,0,0,1,1,0,0.0,0.0,0.0
72738453,C,Motor Vehicle,DAC,REAR END,20220307,1540.0,N,N,0.302,1,0,4,4.0,N,N,Y,37.61696,-84.77993,5.0,2.0,6.0,1.0,1.0,3.0,2.0,Y,1541,1548,N,2022.0,C,0,0,0,0,0,0,1,0,0,0.0,0.0,0.0
72738831,O,Motor Vehicle,Non DAC,,20220304,1624.0,N,N,0.171,0,0,1,1.0,N,N,N,37.62539,-84.79349,9.0,2.0,2.0,1.0,1.0,2.0,2.0,N,1624,1632,N,2022.0,O,0,0,0,0,0,0,0,0,0,0.0,1.0,0.0
72738867,O,Motor Vehicle,DAC,SIDESWIPE-SAME DIRECTION,20220309,1114.0,N,Y,3.39,0,0,2,2.0,N,N,Y,37.61664,-84.77463,8.0,2.0,6.0,1.0,1.0,3.0,2.0,N,1114,1126,N,2022.0,O,0,0,0,1,0,0,1,1,0,0.0,0.0,0.0
72739070,O,Motor Vehicle,DAC,ANGLE,20220309,1209.0,N,N,0.351,0,0,2,2.0,N,N,Y,37.61714,-84.78381,1.0,2.0,4.0,1.0,1.0,2.0,2.0,N,1209,1222,N,2022.0,O,0,0,0,1,0,0,1,1,0,0.0,0.0,0.0
72739372,O,Motor Vehicle,Non DAC,,20220309,2106.0,N,Y,8.209,0,0,1,1.0,N,N,Y,37.67716,-84.79113,9.0,2.0,3.0,1.0,1.0,2.0,5.0,N,2106,2114,N,2022.0,O,0,0,0,0,0,0,1,0,0,0.0,0.0,0.0
72739861,O,Motor Vehicle,DAC,,20220312,1220.0,N,N,0.08,0,0,2,2.0,N,N,Y,37.64887,-84.77046,5.0,2.0,6.0,1.0,5.0,2.0,2.0,N,1220,1225,N,2022.0,O,0,0,0,0,0,0,1,0,0,0.0,0.0,0.0
72740191,C,Motor Vehicle,DAC,REAR END,20220113,1710.0,N,Y,0.178,1,0,2,2.0,N,Y,Y,37.61781,-84.77136,5.0,3.0,6.0,1.0,1.0,2.0,2.0,Y,1710,1714,N,2022.0,C,0,0,0,0,0,0,1,1,0,0.0,0.0,0.0
72740517,O,Motor Vehicle,DAC,,20220314,2017.0,N,N,3.805,0,0,2,2.0,N,N,Y,37.62258,-84.77463,1.0,2.0,6.0,1.0,1.0,2.0,7.0,N,2017,2023,N,2022.0,O,0,0,0,1,0,0,1,1,0,0.0,0.0,0.0
72740651,O,Motor Vehicle,Non DAC,,20220315,836.0,N,N,18.55,0,0,2,2.0,N,N,Y,37.61934,-84.79649,1.0,2.0,3.0,1.0,1.0,3.0,2.0,N,838,844,N,2022.0,O,0,0,0,0,0,0,1,1,0,0.0,0.0,0.0
72740741,O,Motor Vehicle,DAC,,20220315,1253.0,N,N,4.11,0,0,2,2.0,N,N,Y,37.62695,-84.77472,1.0,2.0,6.0,1.0,1.0,2.0,2.0,N,1254,1300,N,2022.0,O,0,0,0,0,0,0,1,1,0,0.0,0.0,0.0
72740761,O,Motor Vehicle,Non DAC,,20220315,1352.0,N,Y,2.925,0,0,2,2.0,N,N,Y,37.64463,-84.80273,1.0,4.0,6.0,1.0,1.0,2.0,2.0,N,1352,1359,N,2022.0,O,0,1,0,0,0,0,0,1,0,0.0,0.0,0.0
72740819,O,Motor Vehicle,DAC,,20220315,1715.0,N,N,13.521,0,0,2,2.0,N,N,Y,37.64587,-84.77221,5.0,4.0,6.0,1.0,1.0,2.0,2.0,N,1715,1717,N,2022.0,O,0,0,0,1,0,0,1,0,0,0.0,1.0,0.0
72741256,O,Motor Vehicle,Non DAC,,20220316,1923.0,N,N,11.03,0,0,1,1.0,N,N,Y,37.62108,-84.81749,9.0,2.0,6.0,1.0,1.0,2.0,2.0,N,1923,1932,N,2022.0,O,0,0,0,0,0,0,0,0,0,0.0,0.0,0.0
72741542,O,Motor Vehicle,Non DAC,,20220316,1733.0,N,Y,1.234,0,0,2,2.0,N,N,Y,37.62124,-84.79434,1.0,4.0,6.0,1.0,1.0,2.0,2.0,N,1733,1738,N,2022.0,O,0,0,0,0,0,0,1,1,0,0.0,0.0,0.0
72741891,O,Motor Vehicle,Non DAC,,20220317,1450.0,N,Y,3.745,0,0,2,2.0,N,N,Y,37.65549,-84.79928,4.0,4.0,6.0,1.0,1.0,2.0,2.0,N,1450,1450,N,2022.0,O,0,0,0,1,0,0,0,1,0,0.0,0.0,0.0
72741892,C,Motor Vehicle,Non DAC,,20220318,944.0,N,Y,1.802,1,0,2,2.0,N,N,Y,37.62898,-84.79762,4.0,4.0,6.0,1.0,1.0,3.0,2.0,Y,944,946,N,2022.0,C,0,0,0,0,0,0,1,0,0,0.0,0.0,0.0
72742093,O,Motor Vehicle,DAC,,20220318,1638.0,N,N,2.719,0,0,2,2.0,N,N,Y,37.60689,-84.77396,8.0,2.0,6.0,1.0,1.0,2.0,2.0,N,1641,1650,N,2022.0,O,0,0,1,1,0,0,1,1,0,0.0,1.0,0.0
72742237,O,Motor Vehicle,Non DAC,,20220319,1717.0,N,Y,0.902,0,0,2,2.0,N,N,Y,37.64386,-84.79049,1.0,2.0,3.0,1.0,1.0,3.0,2.0,N,1717,1724,N,2022.0,O,0,0,0,0,0,0,1,0,0,0.0,0.0,0.0
72742476,O,Motor Vehicle,DAC,,20220320,1818.0,N,Y,4.212,0,0,2,2.0,N,N,Y,37.62841,-84.77476,5.0,2.0,6.0,1.0,1.0,2.0,2.0,N,1819,1825,N,2022.0,O,0,0,1,0,0,0,1,1,0,0.0,0.0,0.0
72742652,O,Motor Vehicle,DAC,SIDESWIPE-SAME DIRECTION,20220313,1310.0,N,Y,3.375,0,0,2,2.0,Y,N,Y,37.61643,-84.77441,8.0,2.0,6.0,1.0,1.0,2.0,2.0,N,1311,1315,N,2022.0,O,0,0,0,0,0,0,1,1,0,0.0,0.0,0.0
72742833,O,Motor Vehicle,Non DAC,,20220321,1743.0,N,Y,1.232,0,0,2,2.0,N,N,Y,37.62131,-84.79414,5.0,2.0,6.0,1.0,1.0,2.0,2.0,N,1746,1750,N,2022.0,O,0,0,0,1,0,0,1,1,0,0.0,0.0,0.0
72742863,O,Motor Vehicle,DAC,REAR END,20220303,1646.0,N,Y,3.469,0,0,2,2.0,N,N,Y,37.61771,-84.77467,5.0,2.0,6.0,1.0,1.0,2.0,2.0,N,1617,1619,N,2022.0,O,0,0,1,0,0,0,1,0,0,0.0,0.0,0.0
72742927,O,Motor Vehicle,DAC,,20220321,2257.0,N,N,0.083,0,0,2,2.0,N,N,Y,37.61984,-84.78276,1.0,2.0,6.0,1.0,1.0,2.0,6.0,N,2259,2305,N,2022.0,O,0,0,0,0,0,0,1,0,0,0.0,0.0,0.0
72743240,O,Motor Vehicle,DAC,,20220322,2139.0,N,N,4.984,0,0,2,2.0,N,N,Y,37.63935,-84.77306,8.0,2.0,4.0,1.0,1.0,3.0,5.0,N,2140,2146,N,2022.0,O,0,0,0,0,0,0,1,1,0,0.0,1.0,0.0
72743317,O,Motor Vehicle,DAC,,20220321,1149.0,N,Y,15.1,0,0,2,2.0,N,N,Y,37.63223,-84.75162,4.0,2.0,6.0,1.0,1.0,2.0,2.0,N,1149,1157,N,2022.0,O,0,1,0,0,0,0,0,1,0,0.0,0.0,0.0
72743494,O,Motor Vehicle,DAC,,20220323,1533.0,N,N,0.276,0,0,2,2.0,N,N,Y,37.63952,-84.76903,5.0,2.0,3.0,1.0,1.0,2.0,2.0,N,1533,1540,N,2022.0,O,0,0,0,0,0,0,1,0,0,0.0,0.0,0.0
72743688,O,Motor Vehicle,Non DAC,,20220324,754.0,N,N,0.015,0,0,2,2.0,N,N,Y,37.64788,-84.79242,5.0,2.0,6.0,1.0,1.0,2.0,2.0,N,758,803,N,2022.0,O,0,0,0,0,0,0,1,1,0,0.0,0.0,0.0
72744048,O,Motor Vehicle,DAC,,20220325,944.0,N,Y,5.326,0,0,2,2.0,N,Y,Y,37.6449,-84.77413,1.0,2.0,6.0,1.0,1.0,3.0,2.0,N,944,946,N,2022.0,O,0,0,0,0,0,0,1,1,0,0.0,0.0,0.0
72744078,O,Motor Vehicle,DAC,,20220325,1200.0,N,N,13.688,0,0,2,2.0,N,N,Y,37.6463,-84.76649,5.0,2.0,4.0,1.0,1.0,3.0,2.0,N,1207,1211,N,2022.0,O,0,0,0,0,0,0,1,0,0,0.0,0.0,0.0
72744650,O,Motor Vehicle,DAC,SIDESWIPE-SAME DIRECTION,20220326,1434.0,N,N,3.381,0,0,2,2.0,N,N,Y,37.61651,-84.77462,8.0,4.0,6.0,1.0,1.0,2.0,2.0,N,1434,1443,N,2022.0,O,0,0,0,1,0,0,0,1,0,0.0,1.0,0.0
72745017,O,Motor Vehicle,DAC,,20220327,2226.0,N,N,0.042,0,0,1,1.0,N,N,Y,37.6451,-84.7709,9.0,2.0,6.0,1.0,1.0,2.0,5.0,N,2228,2229,N,2022.0,O,0,0,0,0,0,0,1,0,0,0.0,1.0,0.0
72745046,B,Motor Vehicle,Non DAC,,20220328,1558.0,N,N,18.437,1,0,1,1.0,N,N,Y,37.61816,-84.79791,9.0,2.0,6.0,1.0,1.0,2.0,2.0,Y,1558,1602,N,2022.0,B,0,0,0,0,0,0,0,0,1,1.0,1.0,0.0
72745052,O,Motor Vehicle,Non DAC,,20220328,1757.0,N,Y,0.413,0,0,2,2.0,N,N,Y,37.65186,-84.77189,5.0,2.0,6.0,1.0,1.0,2.0,2.0,N,1759,1801,N,2022.0,O,0,0,0,0,0,0,1,1,0,0.0,0.0,0.0