MasterFile,KABCO_Mod,Mode,Disadvantaged Com ID,MannerofCollision_Real,CollisionDate,CollisionTime,ParkingLotIndicator,IntersectionWith_Indicator_,Milepoint,NumberInjured,NumberKilled,ofUnits,ofMotorVeh,Hit&RunIndicator,OneWayIndicator,InCityLimitsIndicator,Latitude,Longitude,MannerofCollisionCode,TotalLanes,RoadwayCharacterCode,RoadwaySurfaceCode,RoadwayConditionCode,WeatherCode,LightConditionCode,FirstAidSceneIndicator,TimeNotified,TimeArrived,MedianCros,YR,KABCO,Motorcyclist,CommercialVehicle,YoungDriver,MatureDriver,Pedestrian,Bicyclist,Distracted,agressive,Impaired,Unrestrain,RoadwayDep,MedXover
72766776,O,Motor Vehicle,Non DAC,,20220528,1713.0,N,N,0.718,0,0,2,2.0,N,N,Y,37.65647,-84.77148,8.0,2.0,5.0,1.0,1.0,2.0,2.0,N,1714,1722,N,2022.0,O,0,0,0,0,0,0,1,0,0,0.0,1.0,0.0
72766832,O,Motor Vehicle,Non DAC,,20220528,2126.0,N,Y,0.2,0,0,2,2.0,N,N,Y,37.64528,-84.76296,1.0,2.0,6.0,1.0,1.0,2.0,6.0,N,2128,2133,N,2022.0,O,0,0,0,0,0,0,0,1,0,0.0,0.0,0.0
72767278,O,Motor Vehicle,Non DAC,,20220530,1534.0,N,Y,0.413,0,0,2,2.0,N,N,Y,37.65186,-84.77188,5.0,2.0,6.0,1.0,1.0,2.0,2.0,N,1540,1542,N,2022.0,O,0,0,1,0,0,0,1,1,0,0.0,0.0,0.0
72767324,O,Motor Vehicle,Non DAC,,20220526,1336.0,N,N,0.092,0,0,2,2.0,N,N,Y,37.64682,-84.75897,8.0,1.0,6.0,1.0,1.0,2.0,2.0,N,1336,1345,N,2022.0,O,0,0,0,0,0,0,0,0,0,0.0,0.0,0.0
72767527,O,Motor Vehicle,DAC,,20220530,1733.0,N,N,4.155,0,0,2,2.0,N,N,Y,37.62759,-84.77476,5.0,2.0,6.0,1.0,1.0,2.0,2.0,N,1736,1743,N,2022.0,O,0,0,0,0,0,0,1,0,0,0.0,0.0,0.0
72767761,O,Motor Vehicle,DAC,,20220530,1918.0,N,Y,0.078,0,0,2,2.0,N,N,Y,37.64501,-84.77734,1.0,2.0,6.0,1.0,1.0,2.0,2.0,N,1918,1922,N,2022.0,O,0,0,1,0,0,0,1,1,0,0.0,0.0,0.0
72768099,B,Motorcyclist,DAC,,20220601,1749.0,N,N,4.16,1,0,1,1.0,N,N,Y,37.62766,-84.7747,9.0,2.0,6.0,1.0,1.0,2.0,2.0,Y,1752,1752,N,2022.0,B,1,0,0,0,0,0,0,0,0,0.0,1.0,0.0
72768266,O,Motor Vehicle,DAC,,20220526,906.0,N,Y,4.906,0,0,2,2.0,N,Y,Y,37.63892,-84.77467,1.0,2.0,4.0,1.0,5.0,3.0,2.0,N,906,906,N,2022.0,O,0,0,0,0,0,0,1,1,0,0.0,0.0,0.0
72768302,B,Bicyclist,DAC,,20220602,1029.0,N,Y,4.833,1,0,2,1.0,N,N,Y,37.63774,-84.77474,9.0,2.0,6.0,1.0,1.0,3.0,2.0,Y,1040,1041,N,2022.0,B,0,0,0,1,0,1,1,1,0,0.0,0.0,0.0
72768344,O,Motorcyclist,DAC,,20220601,2204.0,N,Y,13.599,0,0,2,2.0,N,N,Y,37.64571,-84.77084,1.0,2.0,6.0,1.0,1.0,2.0,5.0,N,2206,2210,N,2022.0,O,1,0,0,0,0,0,0,0,1,0.0,0.0,0.0
72768466,O,Motor Vehicle,DAC,,20220602,1704.0,N,N,5.566,0,0,2,2.0,N,N,Y,37.64601,-84.77479,5.0,2.0,6.0,1.0,1.0,3.0,2.0,N,1706,1707,N,2022.0,O,0,0,0,0,0,0,0,0,0,0.0,0.0,0.0
72768484,O,Motor Vehicle,DAC,,20220601,1632.0,N,N,5.367,0,0,2,2.0,N,N,Y,37.64527,-84.7725,8.0,2.0,6.0,1.0,1.0,2.0,2.0,N,1635,1639,N,2022.0,O,0,0,0,0,0,0,1,0,0,0.0,1.0,0.0
72768864,O,Motor Vehicle,DAC,,20220603,1642.0,N,N,0.129,0,0,2,2.0,N,N,Y,37.64473,-84.7733,5.0,2.0,6.0,1.0,1.0,2.0,2.0,N,1642,1651,N,2022.0,O,0,0,0,0,0,0,0,1,0,0.0,0.0,0.0
72768965,O,Motor Vehicle,DAC,ANGLE,20220604,123.0,N,Y,1.197,0,0,2,2.0,N,N,Y,37.62092,-84.75304,1.0,4.0,6.0,1.0,1.0,2.0,6.0,N,123,123,N,2022.0,O,0,1,0,0,0,0,1,1,0,0.0,0.0,0.0
72768967,O,Motor Vehicle,DAC,,20220603,2300.0,N,Y,0.205,0,0,2,2.0,N,N,Y,37.61674,-84.77075,1.0,2.0,5.0,1.0,1.0,2.0,6.0,N,2231,2236,N,2022.0,O,0,0,0,1,0,0,0,1,0,0.0,0.0,0.0
72769133,O,Motor Vehicle,DAC,,20220604,1623.0,N,Y,4.943,0,0,2,2.0,N,Y,Y,37.63871,-84.77314,1.0,2.0,6.0,1.0,1.0,2.0,2.0,N,1623,1627,N,2022.0,O,0,0,0,1,0,0,0,1,0,0.0,0.0,0.0
72769167,C,Motor Vehicle,DAC,,20220604,1822.0,N,Y,0.448,1,0,2,2.0,N,N,Y,37.64944,-84.77913,1.0,2.0,5.0,1.0,1.0,2.0,2.0,N,1822,1825,N,2022.0,C,0,0,0,0,0,0,1,1,0,0.0,0.0,0.0
72769194,O,Motor Vehicle,DAC,,20220604,2011.0,N,N,5.157,0,0,2,2.0,N,N,Y,37.6428,-84.77435,8.0,2.0,6.0,1.0,1.0,2.0,2.0,N,2011,2013,N,2022.0,O,0,0,0,0,0,0,1,1,0,0.0,1.0,0.0
72769250,B,Motor Vehicle,Non DAC,,20220604,100.0,N,Y,14.148,1,0,1,1.0,N,N,Y,37.65095,-84.76071,9.0,2.0,4.0,1.0,1.0,2.0,5.0,Y,101,101,N,2022.0,B,0,0,0,0,0,0,0,0,1,1.0,0.0,0.0
72769899,O,Motor Vehicle,Non DAC,,20220606,1825.0,N,N,2.106,0,0,1,1.0,N,N,Y,37.65638,-84.73534,9.0,2.0,1.0,1.0,1.0,2.0,2.0,N,1825,1836,N,2022.0,O,0,0,0,0,0,0,0,0,0,0.0,1.0,0.0
72769998,O,Motor Vehicle,DAC,,20220607,653.0,N,Y,5.78,0,0,2,2.0,N,N,Y,37.64622,-84.77871,5.0,2.0,6.0,1.0,5.0,2.0,2.0,N,700,700,N,2022.0,O,0,0,0,0,0,0,1,1,0,0.0,0.0,0.0
72770149,O,Motor Vehicle,Non DAC,,20220607,1137.0,N,N,0.681,0,0,2,2.0,N,N,Y,37.64486,-84.75434,7.0,2.0,3.0,1.0,1.0,2.0,2.0,Y,1138,1144,N,2022.0,O,0,0,0,0,0,0,1,0,0,0.0,1.0,0.0
72770278,O,Motor Vehicle,DAC,SINGLE VEHICLE,20220606,2008.0,N,Y,3.458,0,0,1,1.0,N,N,Y,37.61762,-84.77465,9.0,4.0,6.0,1.0,5.0,6.0,5.0,N,2008,2014,N,2022.0,O,0,0,0,0,0,0,0,0,0,0.0,0.0,0.0
72770377,O,Motor Vehicle,Non DAC,,20220603,1215.0,N,Y,12.277,0,0,2,2.0,N,N,Y,37.62886,-84.79791,5.0,3.0,6.0,1.0,1.0,2.0,2.0,N,1216,1222,N,2022.0,O,0,0,0,0,0,0,0,0,0,0.0,0.0,0.0
72771301,O,Motor Vehicle,DAC,,20220610,1200.0,N,Y,5.196,0,0,2,2.0,N,Y,Y,37.64288,-84.77435,1.0,2.0,4.0,1.0,1.0,3.0,2.0,N,1206,1213,N,2022.0,O,0,0,0,1,0,0,1,1,0,0.0,0.0,0.0
72772450,K,Motor Vehicle,DAC,,20220614,820.0,N,N,15.04,1,1,2,2.0,N,N,Y,37.63283,-84.75236,1.0,2.0,6.0,1.0,1.0,2.0,2.0,Y,821,822,N,2022.0,K,0,0,0,0,0,0,1,1,0,0.0,0.0,0.0
72772453,O,Motor Vehicle,DAC,REAR END,20220613,1621.0,N,Y,0.405,0,0,2,2.0,N,N,Y,37.61678,-84.7818,5.0,4.0,6.0,1.0,1.0,2.0,2.0,N,1621,1627,N,2022.0,O,0,0,0,1,0,0,0,0,0,0.0,0.0,0.0
72773032,C,Motor Vehicle,DAC,REAR END,20220615,1626.0,N,Y,1.196,1,0,2,2.0,N,N,Y,37.62074,-84.75308,5.0,3.0,6.0,1.0,1.0,2.0,2.0,N,1633,1644,N,2022.0,C,0,0,0,0,0,0,0,0,0,0.0,0.0,0.0
72773257,O,Motor Vehicle,DAC,,20220616,1045.0,N,N,4.894,0,0,2,2.0,N,Y,Y,37.63857,-84.7747,8.0,2.0,4.0,1.0,1.0,2.0,2.0,N,1052,1057,N,2022.0,O,0,0,0,1,0,0,0,1,0,0.0,1.0,0.0
72773651,O,Motor Vehicle,Non DAC,,20220616,2235.0,N,Y,18.345,0,0,1,1.0,N,N,Y,37.61696,-84.79859,9.0,2.0,1.0,1.0,1.0,2.0,4.0,N,2236,2238,N,2022.0,O,0,0,1,0,0,0,0,0,0,0.0,0.0,0.0
72774225,O,Motor Vehicle,Non DAC,,20220617,1224.0,N,N,0.025,0,0,2,2.0,N,N,Y,37.66532,-84.76336,1.0,2.0,6.0,1.0,5.0,6.0,2.0,N,1224,1235,N,2022.0,O,0,0,0,1,0,0,1,1,0,0.0,0.0,0.0
72774500,O,Motor Vehicle,DAC,REAR END,20220619,1407.0,N,Y,3.255,0,0,2,2.0,N,N,Y,37.61468,-84.77447,5.0,2.0,6.0,1.0,1.0,2.0,2.0,N,1409,1414,N,2022.0,O,0,0,0,0,0,0,1,0,0,0.0,0.0,0.0
72774584,O,Motor Vehicle,DAC,REAR END,20220620,1310.0,N,N,3.434,0,0,2,2.0,N,N,Y,37.61733,-84.77443,5.0,2.0,6.0,1.0,1.0,2.0,2.0,N,1310,1320,N,2022.0,O,0,0,0,0,0,0,1,0,0,0.0,0.0,0.0
72774690,O,Motor Vehicle,DAC,,20220620,1625.0,N,N,4.611,0,0,2,2.0,N,N,Y,37.63456,-84.77507,3.0,2.0,4.0,1.0,1.0,2.0,2.0,N,1625,1627,N,2022.0,O,0,0,0,0,0,0,0,1,0,0.0,1.0,0.0
72775085,O,Motor Vehicle,DAC,,20220621,1606.0,N,Y,0.001,0,0,2,2.0,N,N,Y,37.63883,-84.7747,5.0,2.0,6.0,1.0,1.0,2.0,2.0,N,1607,1612,N,2022.0,O,0,0,1,0,0,0,1,0,0,0.0,0.0,0.0
72775324,K,Pedestrian,DAC,SINGLE VEHICLE,20220616,21.0,N,Y,0.676,0,1,2,1.0,N,N,Y,37.61979,-84.76255,9.0,2.0,6.0,1.0,1.0,2.0,5.0,Y,21,23,N,2022.0,K,0,0,0,0,1,0,1,0,0,0.0,0.0,0.0
72775564,O,Motor Vehicle,DAC,,20220621,1854.0,N,N,0.475,0,0,2,2.0,N,N,Y,37.63227,-84.76446,7.0,2.0,6.0,1.0,1.0,2.0,2.0,N,1854,1900,N,2022.0,O,0,0,1,0,0,0,1,0,0,0.0,1.0,0.0
72775800,O,Motor Vehicle,DAC,,20220623,1530.0,N,N,5.248,0,0,2,2.0,N,Y,Y,37.64373,-84.77418,8.0,2.0,6.0,1.0,1.0,2.0,2.0,N,1532,1536,N,2022.0,O,0,0,0,1,0,0,1,1,0,0.0,1.0,0.0
72775806,O,Motor Vehicle,DAC,,20220623,1316.0,N,N,5.131,0,0,2,2.0,N,Y,Y,37.64161,-84.77285,8.0,2.0,4.0,1.0,1.0,2.0,2.0,N,1316,1320,N,2022.0,O,0,0,0,1,0,0,0,0,0,0.0,1.0,0.0
72776298,O,Motor Vehicle,Non DAC,,20220624,1500.0,N,Y,12.305,0,0,2,2.0,N,N,Y,37.64856,-84.8034,5.0,2.0,6.0,1.0,1.0,2.0,2.0,N,1500,1505,N,2022.0,O,0,0,0,0,0,0,1,0,0,0.0,0.0,0.0
72776411,O,Motor Vehicle,DAC,,20220621,1624.0,N,Y,0.013,0,0,2,2.0,N,N,Y,37.64611,-84.77401,5.0,2.0,6.0,1.0,1.0,2.0,2.0,N,1624,1628,N,2022.0,O,0,0,0,0,0,0,0,0,0,0.0,0.0,0.0
72776811,O,Motorcyclist,Non DAC,,20220626,1634.0,N,N,11.776,0,0,2,2.0,N,N,Y,37.64832,-84.81313,5.0,2.0,6.0,1.0,1.0,2.0,2.0,N,1634,1638,N,2022.0,O,1,0,1,0,0,0,0,1,0,0.0,0.0,0.0
72777061,O,Motor Vehicle,Non DAC,,20220627,1210.0,N,Y,1.429,0,0,1,1.0,N,N,Y,37.67736,-84.76466,9.0,1.0,3.0,1.0,1.0,2.0,2.0,N,1211,1215,N,2022.0,O,0,0,0,0,0,0,1,0,0,0.0,0.0,0.0
72777195,O,Motor Vehicle,DAC,,20220627,1521.0,N,Y,0.103,0,0,2,2.0,N,N,Y,37.64749,-84.77393,5.0,2.0,6.0,1.0,1.0,2.0,2.0,N,1521,1521,N,2022.0,O,0,0,0,0,0,0,1,0,0,0.0,0.0,0.0
72777201,O,Motor Vehicle,DAC,ANGLE,20220627,1729.0,N,Y,0.237,0,0,2,2.0,Y,N,Y,37.61719,-84.78177,1.0,2.0,6.0,1.0,1.0,2.0,2.0,N,1731,1732,N,2022.0,O,0,0,0,0,0,0,1,0,0,0.0,0.0,0.0
72777647,O,Motor Vehicle,Non DAC,,20220629,619.0,N,N,12.299,0,0,2,2.0,N,N,Y,37.62912,-84.79709,5.0,2.0,6.0,1.0,1.0,2.0,2.0,N,619,625,N,2022.0,O,0,0,0,0,0,0,1,0,0,0.0,1.0,0.0
72777841,O,Motor Vehicle,DAC,ANGLE,20220629,1718.0,N,N,3.585,0,0,2,2.0,N,N,Y,37.61943,-84.77458,1.0,4.0,6.0,1.0,1.0,2.0,2.0,N,1718,1721,N,2022.0,O,0,0,0,0,0,0,0,1,0,0.0,0.0,0.0
72777918,B,Motorcyclist,DAC,,20220628,2146.0,N,Y,4.91,1,0,2,2.0,N,N,Y,37.63884,-84.77468,5.0,2.0,6.0,1.0,1.0,2.0,5.0,Y,2147,2148,N,2022.0,B,1,0,1,0,0,0,1,1,0,0.0,0.0,0.0
72778157,O,Motor Vehicle,DAC,,20220630,1129.0,N,Y,5.461,0,0,2,2.0,N,N,Y,37.64588,-84.7732,2.0,1.0,6.0,1.0,1.0,2.0,2.0,N,1129,1129,N,2022.0,O,0,0,0,0,0,0,1,0,0,0.0,0.0,0.0
72778493,O,Motor Vehicle,DAC,REAR END,20220701,1400.0,N,Y,3.462,0,0,2,2.0,N,N,Y,37.61756,-84.77456,5.0,6.0,6.0,1.0,1.0,2.0,2.0,N,1405,1407,N,2022.0,O,0,0,0,1,0,0,0,1,0,0.0,0.0,0.0
72778512,O,Motor Vehicle,DAC,,20220630,1510.0,N,N,4.213,0,0,2,2.0,N,N,Y,37.62842,-84.77478,2.0,4.0,6.0,1.0,1.0,2.0,2.0,N,151,1514,N,2022.0,O,0,0,0,0,0,0,1,0,0,0.0,0.0,0.0
72778519,O,Motor Vehicle,Non DAC,,20220630,1331.0,N,Y,0.767,0,0,2,2.0,N,N,Y,37.65457,-84.80272,1.0,2.0,6.0,1.0,1.0,2.0,2.0,N,1531,1537,N,2022.0,O,0,0,0,1,0,0,1,0,0,0.0,0.0,0.0
72778682,O,Motor Vehicle,Non DAC,,20220701,1411.0,N,N,12.144,0,0,2,2.0,N,N,Y,37.64849,-84.80635,5.0,2.0,3.0,1.0,1.0,2.0,2.0,N,1411,1414,N,2022.0,O,0,0,1,1,0,0,1,1,0,0.0,0.0,0.0
72778874,O,Motor Vehicle,DAC,,20220702,1122.0,N,N,5.325,0,0,2,2.0,N,Y,Y,37.64475,-84.77255,8.0,2.0,6.0,1.0,1.0,2.0,2.0,N,1124,1127,N,2022.0,O,0,0,1,0,0,0,1,0,0,0.0,1.0,0.0
72778978,O,Motor Vehicle,DAC,ANGLE,20220702,1457.0,N,Y,3.376,0,0,3,3.0,N,N,Y,37.61643,-84.77442,1.0,4.0,6.0,1.0,5.0,6.0,3.0,N,1457,1503,N,2022.0,O,0,0,0,0,0,0,1,1,0,0.0,0.0,0.0
72779376,O,Motor Vehicle,Non DAC,,20220702,1230.0,N,Y,0.446,0,0,2,2.0,N,N,Y,37.65243,-84.77183,5.0,2.0,4.0,1.0,1.0,2.0,2.0,N,1233,1240,N,2022.0,O,0,0,1,0,0,0,1,0,0,0.0,0.0,0.0
72779442,O,Motor Vehicle,DAC,,20220704,2019.0,N,N,4.707,0,0,2,2.0,N,N,Y,37.63639,-84.77494,1.0,2.0,6.0,1.0,5.0,6.0,3.0,N,2019,2021,N,2022.0,O,0,0,1,0,0,0,0,1,0,0.0,0.0,0.0
72779657,O,Motor Vehicle,DAC,OPPOPSING LEFT TURN,20220702,1241.0,N,N,3.643,0,0,2,2.0,N,N,Y,37.62026,-84.77459,4.0,2.0,6.0,1.0,1.0,2.0,2.0,N,1243,1251,N,2022.0,O,0,0,0,0,0,0,1,0,0,0.0,0.0,0.0
72779720,O,Motor Vehicle,DAC,,20220705,1552.0,N,Y,0.114,0,0,2,2.0,N,N,Y,37.64719,-84.77069,1.0,2.0,4.0,1.0,1.0,2.0,2.0,N,1552,1552,N,2022.0,O,0,0,0,0,0,0,0,1,0,0.0,0.0,0.0
72780135,O,Motor Vehicle,DAC,REAR END,20220706,1705.0,N,N,3.353,0,0,2,2.0,N,N,Y,37.61613,-84.77462,5.0,2.0,6.0,1.0,1.0,2.0,2.0,N,1705,1705,N,2022.0,O,0,0,0,1,0,0,1,0,0,0.0,0.0,0.0
72780831,B,Motor Vehicle,Non DAC,,20220707,1357.0,N,Y,0.035,1,0,2,2.0,N,Y,Y,37.64817,-84.79228,1.0,2.0,6.0,1.0,1.0,2.0,2.0,Y,1358,1400,N,2022.0,B,0,0,0,1,0,0,1,1,0,0.0,0.0,0.0
72780850,O,Motor Vehicle,Non DAC,,20220708,1548.0,N,Y,15.542,0,0,2,2.0,N,N,Y,37.66434,-84.74294,5.0,1.0,3.0,1.0,5.0,6.0,2.0,N,1548,1557,N,2022.0,O,0,0,0,0,0,0,1,1,0,0.0,0.0,0.0
72780883,C,Motor Vehicle,Non DAC,,20220708,1423.0,N,N,2.24,1,0,2,2.0,N,N,Y,37.6581,-84.73653,5.0,2.0,4.0,1.0,5.0,6.0,2.0,Y,1425,1431,N,2022.0,C,0,0,0,1,0,0,1,0,0,0.0,0.0,0.0
72781117,O,Motor Vehicle,DAC,,20220708,1937.0,N,N,4.172,0,0,2,2.0,N,N,Y,37.62783,-84.77479,5.0,2.0,6.0,1.0,5.0,3.0,3.0,N,1937,1942,N,2022.0,O,0,0,1,0,0,0,1,1,0,0.0,0.0,0.0
72781406,O,Motor Vehicle,DAC,SINGLE VEHICLE,20220709,2155.0,N,N,0.0,0,0,1,1.0,N,N,Y,37.6205,-84.7555,9.0,4.0,6.0,1.0,5.0,3.0,6.0,N,2156,2159,N,2022.0,O,0,0,0,1,0,0,0,0,0,0.0,1.0,0.0
72781702,O,Motor Vehicle,DAC,,20220711,1155.0,N,N,3.832,0,0,2,2.0,N,N,Y,37.62296,-84.77461,8.0,2.0,6.0,1.0,1.0,2.0,2.0,N,1156,1157,N,2022.0,O,0,0,0,1,0,0,1,1,0,0.0,1.0,0.0
72781808,O,Motor Vehicle,Non DAC,,20220711,1620.0,N,N,12.134,0,0,2,2.0,N,N,Y,37.6281,-84.7997,1.0,2.0,6.0,1.0,1.0,2.0,2.0,N,1620,1626,N,2022.0,O,0,0,0,0,0,0,0,1,0,0.0,0.0,0.0
72782095,O,Motor Vehicle,DAC,,20220712,1412.0,N,N,4.006,0,0,3,3.0,N,N,Y,37.62566,-84.77472,5.0,4.0,6.0,1.0,1.0,3.0,2.0,N,1412,1416,N,2022.0,O,0,0,0,0,0,0,0,1,0,0.0,0.0,0.0
72782132,O,Motor Vehicle,Non DAC,,20220712,1625.0,N,Y,12.266,0,0,2,2.0,N,N,Y,37.62893,-84.7976,5.0,2.0,6.0,1.0,5.0,3.0,2.0,N,1627,1633,N,2022.0,O,0,0,0,0,0,0,1,0,0,0.0,0.0,0.0
72782501,O,Motor Vehicle,DAC,,20220713,1623.0,N,N,0.115,0,0,2,2.0,N,N,Y,37.64404,-84.77101,8.0,2.0,6.0,1.0,1.0,2.0,2.0,N,1623,1628,N,2022.0,O,0,0,0,0,0,0,0,0,0,0.0,0.0,0.0
72782889,C,Motorcyclist,DAC,,20220714,1540.0,N,N,4.748,1,0,2,2.0,N,N,Y,37.63637,-84.77493,1.0,2.0,4.0,1.0,1.0,2.0,2.0,Y,1540,1543,N,2022.0,C,1,0,0,0,0,0,1,0,0,0.0,0.0,0.0
72783228,O,Motor Vehicle,DAC,,20220715,1055.0,N,N,13.698,0,0,2,2.0,N,N,Y,37.64561,-84.76911,1.0,3.0,6.0,1.0,1.0,2.0,2.0,N,1055,1057,N,2022.0,O,0,0,0,0,0,0,1,0,0,0.0,0.0,0.0
72783233,O,Motor Vehicle,DAC,ANGLE,20220715,1525.0,N,Y,0.177,0,0,2,2.0,N,N,Y,37.61799,-84.77141,1.0,3.0,6.0,1.0,1.0,2.0,2.0,N,1527,1536,N,2022.0,O,0,0,0,1,0,0,1,1,0,0.0,0.0,0.0
72783454,O,Motor Vehicle,DAC,BACKING,20220715,1559.0,N,Y,0.018,0,0,2,2.0,N,N,Y,37.61807,-84.77143,2.0,2.0,4.0,1.0,1.0,2.0,2.0,N,1559,1612,N,2022.0,O,0,0,0,0,0,0,0,0,0,0.0,0.0,0.0
72783455,O,Motorcyclist,DAC,REAR END,20220715,1136.0,N,N,0.774,0,0,2,2.0,N,N,Y,37.62111,-84.75303,5.0,2.0,4.0,1.0,1.0,2.0,2.0,N,1138,1142,N,2022.0,O,1,0,0,0,0,0,1,0,0,0.0,0.0,0.0
72783599,O,Motor Vehicle,DAC,,20220716,2053.0,N,N,13.739,0,0,2,2.0,N,N,Y,37.64561,-84.76838,1.0,2.0,6.0,1.0,1.0,2.0,2.0,N,2054,2059,N,2022.0,O,0,0,1,0,0,0,1,0,0,0.0,0.0,0.0
72783733,O,Motor Vehicle,DAC,,20220715,1422.0,N,Y,4.912,0,0,2,2.0,N,Y,Y,37.63881,-84.77469,1.0,2.0,6.0,1.0,1.0,2.0,2.0,N,1428,1428,N,2022.0,O,0,0,0,0,0,0,0,1,0,0.0,0.0,0.0
72784210,O,Motor Vehicle,DAC,REAR END,20220718,1300.0,N,N,3.297,0,0,2,2.0,N,N,Y,37.61528,-84.77433,5.0,5.0,6.0,1.0,5.0,6.0,2.0,N,1308,1311,N,2022.0,O,0,0,1,1,0,0,0,1,0,0.0,0.0,0.0
72784251,O,Motor Vehicle,DAC,ANGLE,20220718,1433.0,N,Y,0.017,0,0,2,2.0,N,N,Y,37.61722,-84.78178,1.0,4.0,6.0,1.0,5.0,6.0,2.0,N,1433,1433,N,2022.0,O,0,0,0,0,0,0,1,1,0,0.0,0.0,0.0
72784355,O,Motor Vehicle,DAC,ANGLE,20220718,1953.0,N,Y,0.638,0,0,4,4.0,N,N,Y,37.61969,-84.76323,1.0,4.0,6.0,1.0,1.0,2.0,2.0,N,1953,1955,N,2022.0,O,0,0,0,0,0,0,1,1,0,0.0,0.0,0.0
72784411,O,Motor Vehicle,Non DAC,,20220718,600.0,N,N,3.295,0,0,2,2.0,N,N,Y,37.64996,-84.80306,8.0,2.0,6.0,1.0,5.0,6.0,5.0,N,600,600,N,2022.0,O,0,0,1,0,0,0,1,0,0,0.0,1.0,0.0
72784688,O,Motor Vehicle,Non DAC,,20220719,1722.0,N,Y,12.305,0,0,2,2.0,N,N,Y,37.64858,-84.8029,5.0,2.0,6.0,1.0,1.0,2.0,2.0,N,1722,1729,N,2022.0,O,0,0,0,0,0,0,0,1,0,0.0,0.0,0.0
72784710,O,Motor Vehicle,Non DAC,,20220719,1842.0,N,Y,12.304,0,0,2,2.0,N,N,Y,37.64854,-84.80287,5.0,3.0,6.0,1.0,1.0,2.0,2.0,N,1842,1844,N,2022.0,O,0,0,0,1,0,0,1,0,0,0.0,0.0,0.0
72785155,O,Motor Vehicle,DAC,,20220718,1517.0,N,N,0.0,0,0,2,2.0,N,N,Y,37.64339,-84.76998,7.0,2.0,6.0,1.0,5.0,6.0,2.0,N,1518,1525,N,2022.0,O,0,0,0,1,0,0,0,0,0,0.0,1.0,0.0
72785254,O,Motor Vehicle,Non DAC,,20220719,950.0,N,Y,1.799,0,0,2,2.0,N,N,Y,37.62892,-84.79784,5.0,5.0,6.0,1.0,1.0,2.0,2.0,N,955,1005,N,2022.0,O,0,0,0,0,0,0,1,1,0,0.0,0.0,0.0
72785341,C,Motorcyclist,DAC,,20220721,1305.0,N,N,6.137,1,0,1,1.0,N,N,Y,37.64866,-84.78259,9.0,2.0,6.0,1.0,1.0,2.0,2.0,Y,1305,1307,N,2022.0,C,1,0,0,0,0,0,0,0,0,0.0,1.0,0.0
72785349,O,Motor Vehicle,Non DAC,,20220721,726.0,N,Y,13.179,0,0,3,3.0,N,N,Y,37.64082,-84.79097,5.0,2.0,2.0,1.0,1.0,3.0,1.0,N,726,728,N,2022.0,O,0,0,0,0,0,0,1,1,0,0.0,0.0,0.0
72785502,O,Motor Vehicle,Non DAC,,20220721,2030.0,N,Y,15.529,0,0,2,2.0,Y,N,N,37.66437,-84.74297,3.0,2.0,6.0,1.0,1.0,2.0,2.0,N,2032,2038,N,2022.0,O,0,0,0,0,0,0,1,0,0,0.0,0.0,0.0
72786260,O,Motor Vehicle,DAC,,20220723,944.0,N,Y,0.6,0,0,2,2.0,N,N,Y,37.64457,-84.77089,8.0,2.0,6.0,1.0,1.0,2.0,2.0,N,944,954,N,2022.0,O,0,0,0,1,0,0,0,0,0,0.0,0.0,0.0
72786475,O,Motor Vehicle,DAC,,20220718,746.0,N,Y,5.327,0,0,2,2.0,N,N,Y,37.64479,-84.77406,1.0,2.0,6.0,1.0,5.0,6.0,2.0,N,746,749,N,2022.0,O,0,0,1,0,0,0,0,1,0,0.0,0.0,0.0
72786582,O,Motor Vehicle,DAC,,20220721,1500.0,N,N,0.216,0,0,2,2.0,Y,N,Y,37.62156,-84.77276,7.0,1.0,4.0,1.0,1.0,2.0,2.0,N,901,908,N,2022.0,H,0,0,0,0,0,0,0,0,0,0.0,1.0,0.0
72786583,O,Motor Vehicle,DAC,,20220725,1115.0,N,N,4.832,0,0,2,2.0,N,Y,Y,37.63808,-84.77478,8.0,2.0,4.0,1.0,1.0,3.0,2.0,N,1121,1124,N,2022.0,O,0,0,0,0,0,0,1,1,0,0.0,1.0,0.0
72786748,O,Motor Vehicle,DAC,,20220725,1432.0,N,N,5.119,0,0,2,2.0,N,Y,Y,37.64143,-84.77287,8.0,2.0,6.0,1.0,5.0,6.0,3.0,N,1434,1438,N,2022.0,O,0,0,0,0,0,0,1,0,0,0.0,1.0,0.0
72786867,O,Motor Vehicle,DAC,,20220726,1000.0,N,N,5.223,0,0,3,3.0,N,N,Y,37.64327,-84.77427,8.0,2.0,1.0,1.0,5.0,6.0,2.0,N,1007,1010,N,2022.0,O,0,0,0,0,0,0,0,0,0,0.0,0.0,0.0
72786987,O,Motor Vehicle,DAC,REAR END,20220724,1250.0,N,Y,0.017,0,0,2,2.0,N,N,Y,37.62096,-84.75304,5.0,3.0,6.0,1.0,1.0,2.0,2.0,N,1250,1300,N,2022.0,O,0,0,1,1,0,0,1,0,0,0.0,0.0,0.0
72787160,O,Motor Vehicle,DAC,REAR END,20220726,1724.0,N,N,3.394,0,0,2,2.0,N,N,Y,37.61654,-84.77462,5.0,2.0,6.0,1.0,5.0,3.0,2.0,N,1725,1729,N,2022.0,O,0,0,0,1,0,0,1,0,0,0.0,0.0,0.0