MasterFile,KABCO_Mod,Mode,Disadvantaged Com ID,MannerofCollision_Real,CollisionDate,CollisionTime,ParkingLotIndicator,IntersectionWith_Indicator_,Milepoint,NumberInjured,NumberKilled,ofUnits,ofMotorVeh,Hit&RunIndicator,OneWayIndicator,InCityLimitsIndicator,Latitude,Longitude,MannerofCollisionCode,TotalLanes,RoadwayCharacterCode,RoadwaySurfaceCode,RoadwayConditionCode,WeatherCode,LightConditionCode,FirstAidSceneIndicator,TimeNotified,TimeArrived,MedianCros,YR,KABCO,Motorcyclist,CommercialVehicle,YoungDriver,MatureDriver,Pedestrian,Bicyclist,Distracted,agressive,Impaired,Unrestrain,RoadwayDep,MedXover
72787332,O,Motor Vehicle,DAC,,20220727,1240.0,N,Y,13.594,0,0,2,2.0,N,N,Y,37.64567,-84.77076,5.0,3.0,6.0,1.0,5.0,6.0,2.0,N,1244,1247,N,2022.0,O,0,0,0,1,0,0,0,1,0,0.0,0.0,0.0
72787984,O,Motor Vehicle,Non DAC,,20220728,845.0,N,N,1.266,0,0,3,3.0,N,N,Y,37.62178,-84.79431,5.0,4.0,6.0,1.0,1.0,3.0,2.0,N,845,904,N,2022.0,O,0,0,0,0,0,0,0,0,0,0.0,0.0,0.0
72788220,O,Motor Vehicle,Non DAC,,20220729,2201.0,N,N,0.0,0,0,2,2.0,N,N,Y,37.64265,-84.7491,2.0,2.0,6.0,1.0,1.0,2.0,5.0,N,2201,2201,N,2022.0,O,0,0,0,0,0,0,1,0,0,0.0,0.0,0.0
72788845,O,Motor Vehicle,DAC,,20220731,1228.0,N,Y,0.029,0,0,2,2.0,N,N,Y,37.61928,-84.76313,4.0,2.0,6.0,1.0,5.0,6.0,2.0,N,1228,1236,N,2022.0,O,0,0,1,0,0,0,0,1,0,0.0,0.0,0.0
72788850,O,Motor Vehicle,Non DAC,,20220728,1208.0,N,N,1.647,0,0,2,2.0,N,N,Y,37.62689,-84.79692,5.0,2.0,6.0,1.0,5.0,3.0,2.0,N,1208,1220,N,2022.0,O,0,0,0,0,0,0,0,0,0,0.0,0.0,0.0
72788941,O,Motor Vehicle,DAC,ANGLE,20220801,1320.0,N,Y,0.168,0,0,2,2.0,N,N,Y,37.61719,-84.77751,1.0,8.0,6.0,1.0,1.0,2.0,2.0,N,1325,1333,N,2022.0,O,0,0,0,1,0,0,0,0,0,0.0,0.0,0.0
72789249,O,Motor Vehicle,DAC,,20220802,1259.0,N,Y,3.807,0,0,2,2.0,N,N,Y,37.62329,-84.77465,1.0,2.0,6.0,1.0,1.0,2.0,2.0,N,1259,1302,N,2022.0,O,0,0,1,1,0,0,1,0,0,0.0,0.0,0.0
72789453,O,Motor Vehicle,Non DAC,,20220802,1552.0,N,N,0.034,0,0,2,2.0,N,N,Y,37.65574,-84.79954,2.0,2.0,6.0,1.0,1.0,2.0,2.0,N,1552,1552,N,2022.0,O,0,0,0,1,0,0,1,1,0,0.0,0.0,0.0
72789495,O,Motor Vehicle,DAC,,20220802,1525.0,N,N,0.179,0,0,2,2.0,N,N,Y,37.62966,-84.75194,1.0,2.0,4.0,1.0,1.0,2.0,2.0,N,1530,1538,N,2022.0,O,0,0,1,1,0,0,0,1,0,0.0,0.0,0.0
72789836,O,Motor Vehicle,Non DAC,,20220803,1920.0,N,N,0.199,0,0,2,2.0,N,N,Y,37.65084,-84.77409,2.0,1.0,6.0,1.0,1.0,3.0,2.0,N,1922,1925,N,2022.0,O,0,0,0,0,0,0,1,0,0,0.0,1.0,0.0
72790001,O,Motor Vehicle,Non DAC,,20220804,1225.0,N,N,0.248,0,0,2,2.0,N,N,Y,37.64791,-84.80454,7.0,2.0,6.0,1.0,1.0,3.0,2.0,N,1227,1232,N,2022.0,O,0,1,0,0,0,0,1,0,0,0.0,1.0,0.0
72790007,O,Motor Vehicle,DAC,,20220803,1212.0,N,N,0.078,0,0,2,2.0,N,N,Y,37.62072,-84.76377,1.0,1.0,4.0,1.0,1.0,2.0,2.0,N,1214,1217,N,2022.0,O,0,0,0,1,0,0,0,0,0,0.0,0.0,0.0
72790251,O,Motor Vehicle,DAC,,20220804,1425.0,N,Y,0.176,0,0,2,2.0,Y,N,Y,37.64479,-84.77415,1.0,2.0,6.0,1.0,1.0,2.0,2.0,N,1425,1431,N,2022.0,O,0,0,0,0,0,0,0,1,0,0.0,0.0,0.0
72790402,O,Motor Vehicle,DAC,,20220805,1031.0,N,N,4.731,0,0,2,2.0,N,N,Y,37.63561,-84.77471,5.0,2.0,1.0,1.0,5.0,3.0,2.0,N,1032,1038,N,2022.0,O,0,0,1,1,0,0,1,0,0,0.0,0.0,0.0
72790692,O,Motor Vehicle,DAC,,20220805,2008.0,N,N,3.21,0,0,3,3.0,N,N,Y,37.61401,-84.77444,8.0,2.0,6.0,1.0,5.0,3.0,3.0,N,2008,2013,N,2022.0,O,0,0,1,0,0,0,0,0,0,0.0,1.0,0.0
72790870,O,Motor Vehicle,DAC,REAR END,20220806,1343.0,N,Y,0.079,0,0,2,2.0,N,Y,Y,37.617,-84.77478,5.0,1.0,1.0,1.0,1.0,3.0,2.0,Y,1345,1350,N,2022.0,O,0,0,0,0,0,0,1,1,0,0.0,0.0,0.0
72790905,O,Motor Vehicle,Non DAC,,20220805,1720.0,N,Y,12.308,0,0,2,2.0,N,N,Y,37.64856,-84.80335,5.0,2.0,6.0,1.0,5.0,3.0,2.0,N,1720,1725,N,2022.0,O,0,1,0,0,0,0,1,1,0,0.0,0.0,0.0
72791160,O,Motor Vehicle,DAC,REAR END,20220807,1241.0,N,Y,0.165,0,0,2,2.0,N,N,Y,37.61712,-84.77748,5.0,2.0,6.0,1.0,1.0,2.0,2.0,N,1245,1250,N,2022.0,O,0,0,0,0,0,0,1,0,0,0.0,0.0,0.0
72791520,O,Motor Vehicle,Non DAC,,20220802,1321.0,N,Y,0.118,0,0,2,2.0,Y,N,Y,37.64794,-84.74839,8.0,2.0,6.0,1.0,1.0,2.0,2.0,N,1321,1328,N,2022.0,O,0,0,1,0,0,0,1,0,0,0.0,0.0,0.0
72791679,B,Motor Vehicle,DAC,,20220807,1438.0,N,Y,14.181,1,0,2,2.0,N,N,Y,37.64125,-84.76314,1.0,2.0,6.0,1.0,1.0,2.0,2.0,N,1438,1442,N,2022.0,B,0,0,1,0,0,0,1,1,0,0.0,0.0,0.0
72791976,O,Motor Vehicle,DAC,,20220809,1429.0,N,Y,0.359,0,0,2,2.0,N,N,Y,37.6443,-84.76653,2.0,2.0,4.0,1.0,1.0,2.0,2.0,N,1431,1439,N,2022.0,O,0,0,1,0,0,0,1,0,0,0.0,0.0,0.0
72792158,O,Motor Vehicle,DAC,,20220809,1810.0,N,Y,4.227,0,0,3,3.0,N,N,Y,37.62863,-84.77479,5.0,2.0,6.0,1.0,1.0,2.0,2.0,N,1810,1814,N,2022.0,O,0,0,0,1,0,0,1,1,0,0.0,0.0,0.0
72792427,O,Motor Vehicle,Non DAC,,20220810,1600.0,N,N,3.225,0,0,2,2.0,N,N,Y,37.64893,-84.80319,5.0,6.0,6.0,1.0,5.0,6.0,2.0,N,1606,1609,N,2022.0,O,0,0,0,1,0,0,1,0,0,0.0,0.0,0.0
72792526,C,Motor Vehicle,Non DAC,,20220810,1836.0,N,Y,0.009,1,0,2,2.0,N,N,Y,37.67725,-84.79072,1.0,2.0,6.0,1.0,5.0,6.0,2.0,Y,1836,1842,N,2022.0,C,0,0,0,0,0,0,0,1,0,0.0,0.0,0.0
72793094,C,Motorcyclist,DAC,,20220812,746.0,N,Y,13.655,1,0,2,2.0,N,N,Y,37.64564,-84.76987,1.0,2.0,4.0,1.0,1.0,2.0,2.0,Y,746,750,N,2022.0,C,1,0,0,1,0,0,0,0,0,0.0,0.0,0.0
72793189,B,Motor Vehicle,Non DAC,,20220810,707.0,N,Y,12.316,2,0,2,2.0,N,N,Y,37.64855,-84.80319,4.0,2.0,6.0,1.0,1.0,2.0,2.0,Y,708,711,N,2022.0,B,0,1,0,1,0,0,1,1,0,0.0,0.0,0.0
72793339,O,Motor Vehicle,DAC,,20220812,1635.0,N,N,5.296,0,0,3,3.0,N,Y,Y,37.64418,-84.77261,5.0,2.0,6.0,1.0,1.0,2.0,2.0,N,1635,1636,N,2022.0,O,0,0,1,0,0,0,1,0,0,0.0,0.0,0.0
72793351,O,Motor Vehicle,DAC,REAR END,20220812,2008.0,N,Y,0.02,0,0,2,2.0,N,N,Y,37.6174,-84.77486,5.0,4.0,6.0,1.0,1.0,2.0,2.0,N,2008,2019,N,2022.0,O,0,0,0,0,0,0,0,1,0,0.0,0.0,0.0
72793618,C,Motor Vehicle,DAC,REAR END,20220813,1526.0,N,Y,0.18,2,0,2,2.0,Y,N,Y,37.61711,-84.7777,5.0,4.0,6.0,1.0,1.0,2.0,2.0,Y,1526,1528,N,2022.0,C,0,0,0,0,0,0,1,0,0,0.0,0.0,0.0
72793657,O,Motor Vehicle,DAC,REAR END,20220813,1521.0,N,Y,0.007,0,0,2,2.0,N,N,Y,37.61746,-84.77754,5.0,3.0,6.0,1.0,1.0,2.0,2.0,N,1521,1526,N,2022.0,O,0,0,0,0,0,0,1,1,0,0.0,0.0,0.0
72794121,O,Motor Vehicle,DAC,,20220815,1228.0,N,Y,4.224,0,0,2,2.0,N,N,Y,37.62857,-84.77487,8.0,2.0,6.0,1.0,1.0,2.0,2.0,N,1229,1233,N,2022.0,O,0,1,0,0,0,0,1,0,0,0.0,0.0,0.0
72794907,B,Motor Vehicle,DAC,ANGLE,20220815,1415.0,N,Y,0.619,2,0,2,2.0,N,N,Y,37.61644,-84.78571,1.0,2.0,6.0,1.0,1.0,2.0,2.0,Y,1416,1417,N,2022.0,B,0,0,0,1,0,0,1,1,0,0.0,0.0,0.0
72794929,O,Motor Vehicle,DAC,,20220817,1421.0,N,Y,4.979,0,0,2,2.0,N,Y,Y,37.63977,-84.77456,1.0,2.0,4.0,1.0,1.0,2.0,2.0,N,1423,1426,N,2022.0,O,0,0,0,0,0,0,1,0,0,0.0,0.0,0.0
72794930,O,Motor Vehicle,DAC,,20220817,1441.0,N,Y,0.039,0,0,2,2.0,N,Y,Y,37.65106,-84.78673,2.0,1.0,6.0,1.0,1.0,2.0,2.0,N,1442,1448,N,2022.0,O,0,0,0,1,0,0,1,0,0,0.0,0.0,0.0
72795235,O,Motor Vehicle,Non DAC,,20220818,1052.0,N,Y,15.539,0,0,2,2.0,N,N,Y,37.66438,-84.74296,5.0,2.0,6.0,1.0,1.0,2.0,2.0,N,1054,1054,N,2022.0,O,0,0,0,1,0,0,1,0,0,0.0,0.0,0.0
72795245,O,Motor Vehicle,Non DAC,,20220818,1105.0,N,Y,3.184,0,0,2,2.0,N,Y,Y,37.64839,-84.80291,5.0,2.0,6.0,1.0,1.0,2.0,2.0,N,1105,1105,N,2022.0,O,0,0,0,0,0,0,1,0,0,0.0,0.0,0.0
72795929,O,Motor Vehicle,Non DAC,,20220819,755.0,N,N,0.015,0,0,2,2.0,N,N,Y,37.65378,-84.80166,5.0,2.0,6.0,1.0,1.0,2.0,2.0,N,755,757,N,2022.0,O,0,0,0,0,0,0,1,0,0,0.0,0.0,0.0
72796340,O,Motor Vehicle,DAC,,20220821,1836.0,N,N,0.491,0,0,2,2.0,Y,N,Y,37.64446,-84.76892,0.0,2.0,6.0,1.0,1.0,2.0,2.0,N,1836,1847,N,2022.0,H,0,0,0,0,0,0,0,0,0,0.0,0.0,0.0
72796478,O,Motor Vehicle,DAC,,20220819,920.0,N,N,13.786,0,0,2,2.0,N,N,Y,37.6455,-84.76756,8.0,3.0,6.0,1.0,1.0,2.0,2.0,N,922,931,N,2022.0,O,0,0,0,1,0,0,0,0,0,0.0,1.0,0.0
72796750,O,Motor Vehicle,Non DAC,,20220822,1437.0,N,N,1.309,0,0,2,2.0,N,N,Y,37.62235,-84.7946,5.0,2.0,6.0,1.0,1.0,2.0,2.0,N,1438,1440,N,2022.0,O,0,0,0,0,0,0,1,1,0,0.0,0.0,0.0
72796945,O,Motor Vehicle,DAC,ANGLE,20220823,1216.0,N,N,0.238,0,0,2,2.0,N,N,Y,37.61723,-84.78179,1.0,2.0,6.0,1.0,1.0,2.0,2.0,N,1216,1216,N,2022.0,O,0,0,1,0,0,0,1,1,0,0.0,0.0,0.0
72797024,O,Motor Vehicle,DAC,,20220823,1610.0,N,Y,0.076,0,0,2,2.0,N,N,Y,37.64455,-84.77098,5.0,2.0,6.0,1.0,1.0,2.0,2.0,N,1612,1616,N,2022.0,O,0,0,1,0,0,0,1,1,0,0.0,0.0,0.0
72797302,O,Motor Vehicle,DAC,ANGLE,20220824,1122.0,N,Y,0.015,0,0,2,2.0,N,N,Y,37.61724,-84.78176,1.0,2.0,6.0,1.0,1.0,2.0,2.0,N,1124,1132,N,2022.0,O,0,0,0,1,0,0,1,1,0,0.0,0.0,0.0
72798013,O,Motor Vehicle,DAC,,20220525,1506.0,N,Y,4.842,0,0,2,2.0,N,Y,Y,37.63787,-84.77478,1.0,2.0,6.0,1.0,1.0,2.0,2.0,N,1509,1513,N,2022.0,O,0,0,0,0,0,0,1,1,0,0.0,0.0,0.0
72798210,O,Motor Vehicle,DAC,,20220826,1724.0,N,N,0.342,0,0,2,2.0,N,N,Y,37.64854,-84.76558,5.0,2.0,6.0,1.0,1.0,2.0,2.0,N,1725,1741,N,2022.0,O,0,0,0,1,0,0,1,1,0,0.0,0.0,0.0
72798266,O,Motor Vehicle,DAC,,20220825,1446.0,N,N,5.196,0,0,2,2.0,N,Y,Y,37.6429,-84.77433,1.0,2.0,6.0,1.0,1.0,2.0,2.0,N,1446,1446,N,2022.0,O,0,0,0,0,0,0,1,1,0,0.0,0.0,0.0
72798616,O,Motor Vehicle,Non DAC,,20220827,2244.0,N,N,12.624,0,0,2,2.0,N,N,Y,37.64822,-84.7975,5.0,2.0,6.0,1.0,1.0,2.0,5.0,N,2244,2248,N,2022.0,O,0,0,1,0,0,0,1,1,0,0.0,0.0,0.0
72798837,O,Motor Vehicle,Non DAC,,20220828,214.0,N,Y,0.073,0,0,1,1.0,N,N,Y,37.65075,-84.77902,9.0,2.0,5.0,1.0,1.0,2.0,4.0,N,217,227,N,2022.0,O,0,0,1,0,0,0,0,0,0,0.0,0.0,0.0
72798925,O,Motor Vehicle,DAC,,20220829,855.0,N,N,15.075,0,0,2,2.0,N,N,Y,37.63249,-84.75191,4.0,2.0,6.0,1.0,1.0,2.0,2.0,N,901,908,N,2022.0,O,0,1,0,0,0,0,0,0,0,0.0,0.0,0.0
72798953,O,Motor Vehicle,DAC,REAR END,20220829,1101.0,N,N,3.36,0,0,2,2.0,N,N,Y,37.61621,-84.77442,5.0,2.0,6.0,1.0,1.0,2.0,2.0,N,1101,1107,N,2022.0,O,0,0,0,1,0,0,1,0,0,0.0,0.0,0.0
72799195,O,Motor Vehicle,DAC,,20220828,1537.0,N,Y,0.149,0,0,2,2.0,N,N,Y,37.64734,-84.77231,1.0,2.0,6.0,1.0,1.0,2.0,2.0,N,1537,1544,N,2022.0,O,0,0,1,0,0,0,1,0,0,0.0,0.0,0.0
72799732,B,Motor Vehicle,DAC,ANGLE,20220831,724.0,N,Y,0.637,1,0,3,3.0,N,N,Y,37.61989,-84.76327,1.0,6.0,6.0,1.0,1.0,2.0,2.0,Y,725,729,N,2022.0,B,0,0,1,0,0,0,0,1,0,0.0,0.0,0.0
72799965,O,Motor Vehicle,Non DAC,,20220831,1547.0,N,N,2.994,0,0,3,3.0,N,N,Y,37.64564,-84.80279,5.0,2.0,6.0,1.0,1.0,2.0,2.0,N,1548,1552,N,2022.0,O,0,0,0,0,0,0,1,1,0,0.0,0.0,0.0
72800028,O,Motor Vehicle,DAC,REAR END,20220831,1553.0,N,N,0.499,0,0,2,2.0,N,N,Y,37.61662,-84.78349,5.0,2.0,6.0,1.0,1.0,2.0,2.0,N,1555,1601,N,2022.0,O,0,0,0,1,0,0,1,0,0,0.0,0.0,0.0
72800110,O,Motor Vehicle,DAC,,20220901,1157.0,N,N,13.787,0,0,2,2.0,N,N,Y,37.64552,-84.76754,8.0,2.0,6.0,1.0,1.0,2.0,2.0,N,1157,1204,N,2022.0,O,0,0,0,0,0,0,1,1,0,0.0,1.0,0.0
72801208,O,Motor Vehicle,DAC,,20220902,1131.0,N,Y,0.172,0,0,2,2.0,N,N,Y,37.64055,-84.77139,1.0,3.0,4.0,1.0,1.0,2.0,2.0,N,1131,1132,N,2022.0,O,0,0,0,1,0,0,1,0,0,0.0,0.0,0.0
72801209,O,Motor Vehicle,DAC,,20220904,1238.0,N,Y,0.017,0,0,2,2.0,N,N,Y,37.64891,-84.77181,5.0,1.0,6.0,1.0,1.0,2.0,2.0,N,1238,1241,N,2022.0,O,0,0,1,1,0,0,1,1,0,0.0,0.0,0.0
72801358,A,Motor Vehicle,DAC,ANGLE,20220904,1459.0,N,Y,3.254,3,0,2,2.0,N,N,Y,37.61469,-84.77447,1.0,2.0,6.0,1.0,1.0,2.0,2.0,Y,1501,1507,N,2022.0,A,0,0,0,0,0,0,1,1,0,0.0,0.0,0.0
72801881,O,Motor Vehicle,DAC,,20220906,1100.0,N,N,4.747,0,0,2,2.0,N,N,Y,37.63636,-84.77492,1.0,2.0,6.0,1.0,1.0,3.0,2.0,N,1047,1055,N,2022.0,O,0,1,0,0,0,0,1,1,0,0.0,0.0,0.0
72802098,O,Motor Vehicle,DAC,ANGLE,20220905,2020.0,N,N,0.62,0,0,2,2.0,N,N,Y,37.61661,-84.78572,1.0,4.0,6.0,1.0,5.0,2.0,4.0,N,2020,2020,N,2022.0,O,0,0,1,0,0,0,1,1,0,0.0,0.0,0.0
72802578,O,Motor Vehicle,DAC,,20220905,2224.0,N,Y,0.663,0,0,2,2.0,Y,N,Y,37.62852,-84.7627,7.0,2.0,4.0,1.0,1.0,2.0,4.0,N,2224,2231,N,2022.0,O,0,0,1,0,0,0,1,0,0,0.0,0.0,0.0
72802672,O,Motor Vehicle,DAC,ANGLE,20220907,1421.0,N,Y,0.62,0,0,2,2.0,N,N,Y,37.61642,-84.78569,1.0,2.0,3.0,1.0,1.0,2.0,2.0,N,1423,1428,N,2022.0,O,0,0,0,1,0,0,1,1,0,0.0,0.0,0.0
72802877,O,Motor Vehicle,Non DAC,,20220907,1658.0,N,Y,0.237,0,0,1,1.0,N,N,Y,37.65379,-84.79914,9.0,2.0,6.0,3.0,1.0,2.0,2.0,N,1700,1704,N,2022.0,O,0,0,1,0,0,0,0,0,0,0.0,0.0,0.0
72802997,O,Motorcyclist,Non DAC,,20220908,633.0,N,N,3.713,0,0,1,1.0,N,N,Y,37.65505,-84.79956,9.0,4.0,6.0,1.0,1.0,2.0,3.0,N,634,636,N,2022.0,O,1,0,0,0,0,0,1,0,0,0.0,1.0,0.0
72803175,O,Motor Vehicle,DAC,,20220908,1750.0,N,Y,6.208,0,0,2,2.0,N,N,Y,37.64972,-84.78266,5.0,2.0,6.0,1.0,1.0,2.0,2.0,N,1753,1755,N,2022.0,O,0,0,0,0,0,0,1,1,0,0.0,0.0,0.0
72803491,O,Motor Vehicle,DAC,REAR END,20220910,1253.0,N,Y,0.088,0,0,2,2.0,N,N,Y,37.61751,-84.77605,5.0,2.0,6.0,1.0,1.0,3.0,2.0,N,1254,1306,N,2022.0,O,0,0,0,0,0,0,0,1,0,0.0,0.0,0.0
72803992,O,Motor Vehicle,Non DAC,,20220910,1051.0,N,N,3.752,0,0,2,2.0,N,Y,Y,37.65556,-84.79919,5.0,2.0,6.0,1.0,1.0,3.0,2.0,N,1053,1059,N,2022.0,O,0,0,1,0,0,0,1,0,0,0.0,0.0,0.0
72804188,O,Motor Vehicle,DAC,,20220906,1317.0,N,Y,4.417,0,0,2,2.0,N,N,Y,37.63137,-84.77489,8.0,2.0,6.0,1.0,1.0,2.0,2.0,N,1317,1317,N,2022.0,O,0,0,0,0,0,0,0,0,0,0.0,0.0,0.0
72804773,O,Motor Vehicle,Non DAC,,20220913,2130.0,N,N,3.675,0,0,2,2.0,N,N,Y,37.65471,-84.80009,5.0,4.0,6.0,1.0,1.0,2.0,6.0,N,2037,2047,N,2022.0,O,0,0,0,0,0,0,0,1,1,0.0,0.0,0.0
72805070,C,Motor Vehicle,Non DAC,,20220913,2009.0,N,Y,12.313,1,0,2,2.0,N,N,Y,37.64857,-84.80325,5.0,2.0,6.0,1.0,1.0,2.0,5.0,Y,2010,2014,N,2022.0,C,0,0,0,0,0,0,1,0,0,0.0,0.0,0.0
72805082,O,Motor Vehicle,Non DAC,,20220914,1715.0,N,N,1.21,0,0,2,2.0,N,N,Y,37.66272,-84.76785,5.0,2.0,6.0,1.0,1.0,2.0,2.0,N,1715,1715,N,2022.0,O,0,0,1,0,0,0,1,0,0,0.0,0.0,0.0
72805098,C,Motor Vehicle,Non DAC,,20220914,2044.0,N,N,2.322,1,0,1,1.0,N,N,Y,37.66911,-84.75402,9.0,2.0,6.0,1.0,1.0,2.0,4.0,Y,2046,2049,N,2022.0,C,0,0,0,0,0,0,1,0,0,0.0,1.0,0.0
72805130,O,Motor Vehicle,DAC,REAR END,20220913,134.0,N,Y,3.436,0,0,2,2.0,N,N,Y,37.61736,-84.77446,5.0,2.0,6.0,1.0,1.0,2.0,5.0,Y,136,140,N,2022.0,O,0,0,0,0,0,0,1,1,1,0.0,0.0,0.0
72805186,O,Motor Vehicle,Non DAC,,20220914,1505.0,N,N,12.684,0,0,2,2.0,N,N,Y,37.64806,-84.79641,5.0,2.0,6.0,1.0,1.0,2.0,2.0,N,1507,1514,N,2022.0,O,0,0,0,1,0,0,1,0,0,0.0,0.0,0.0
72805287,O,Motor Vehicle,DAC,,20220915,1212.0,N,Y,5.194,0,0,2,2.0,N,N,Y,37.64286,-84.77432,1.0,2.0,5.0,1.0,1.0,2.0,2.0,N,1214,1220,N,2022.0,O,0,0,0,1,0,0,1,0,0,0.0,0.0,0.0
72805715,O,Motor Vehicle,Non DAC,,20220916,803.0,N,Y,12.306,0,0,2,2.0,N,N,Y,37.64856,-84.80338,5.0,2.0,6.0,1.0,1.0,2.0,2.0,N,803,812,N,2022.0,O,0,0,1,0,0,0,0,0,0,0.0,0.0,0.0
72805735,O,Motor Vehicle,Non DAC,,20220916,750.0,N,Y,0.137,0,0,2,2.0,N,N,Y,37.65421,-84.77286,1.0,2.0,5.0,1.0,1.0,3.0,2.0,N,753,757,N,2022.0,O,0,0,0,1,0,0,1,1,0,0.0,0.0,0.0
72806039,O,Bicyclist,DAC,,20220916,1227.0,N,N,4.663,0,0,2,1.0,N,N,Y,37.63495,-84.77503,9.0,2.0,4.0,1.0,1.0,2.0,2.0,N,1227,1239,N,2022.0,O,0,0,0,0,0,1,0,0,0,0.0,0.0,0.0
72806390,O,Motor Vehicle,DAC,BACKING,20220916,1944.0,N,N,3.469,0,0,2,2.0,Y,N,Y,37.61778,-84.77461,2.0,6.0,6.0,1.0,1.0,2.0,2.0,N,1944,1944,N,2022.0,O,0,0,0,0,0,0,1,0,0,0.0,0.0,0.0
72806391,O,Motor Vehicle,Non DAC,,20220917,0.0,N,Y,12.264,0,0,2,2.0,Y,N,Y,37.62898,-84.7976,5.0,6.0,0.0,1.0,1.0,2.0,5.0,N,2040,2047,N,2022.0,O,0,0,0,0,0,0,1,0,0,0.0,0.0,0.0
72806418,O,Motor Vehicle,DAC,,20220914,2105.0,N,N,0.073,0,0,2,2.0,N,N,Y,37.62539,-84.76304,5.0,2.0,6.0,1.0,1.0,2.0,6.0,N,2152,2154,N,2022.0,O,0,0,0,0,0,0,1,0,0,0.0,0.0,0.0
72806419,O,Motor Vehicle,Non DAC,,20220916,906.0,N,Y,14.317,0,0,1,1.0,N,N,Y,37.65248,-84.75824,9.0,2.0,4.0,1.0,1.0,2.0,5.0,N,2106,2109,N,2022.0,O,0,0,0,0,0,0,0,0,1,0.0,0.0,0.0
72807863,O,Motor Vehicle,Non DAC,,20220921,757.0,N,Y,15.538,0,0,2,2.0,N,N,Y,37.6644,-84.74298,5.0,2.0,6.0,1.0,1.0,2.0,2.0,N,800,803,N,2022.0,O,0,0,0,0,0,0,1,0,0,0.0,0.0,0.0
72808017,O,Motor Vehicle,DAC,,20220922,1410.0,N,Y,4.675,0,0,2,2.0,N,N,Y,37.63512,-84.77501,1.0,2.0,5.0,1.0,1.0,2.0,2.0,N,1411,1416,N,2022.0,O,0,0,0,0,0,0,1,0,0,0.0,0.0,0.0
72808018,O,Motor Vehicle,Non DAC,,20220922,1911.0,N,N,0.341,0,0,2,2.0,N,N,Y,37.65262,-84.79255,5.0,2.0,6.0,1.0,1.0,2.0,2.0,N,1923,1935,N,2022.0,O,0,0,0,0,0,0,1,1,0,0.0,0.0,0.0
72808176,O,Motor Vehicle,Non DAC,,20220923,713.0,N,Y,15.532,0,0,2,2.0,N,N,Y,37.66451,-84.74297,2.0,2.0,6.0,1.0,1.0,2.0,1.0,N,715,723,N,2022.0,O,0,1,0,0,0,0,1,0,0,0.0,0.0,0.0
72808461,O,Motor Vehicle,DAC,,20220922,1624.0,N,N,4.932,0,0,2,2.0,N,Y,Y,37.63911,-84.77466,5.0,2.0,6.0,1.0,1.0,2.0,2.0,N,1624,1626,N,2022.0,O,0,0,0,1,0,0,1,1,0,0.0,0.0,0.0
72808462,B,Motorcyclist,Non DAC,,20220923,1422.0,N,Y,1.802,1,0,1,1.0,N,N,Y,37.62897,-84.79762,9.0,4.0,6.0,1.0,1.0,2.0,2.0,Y,1422,1424,N,2022.0,B,1,0,0,0,0,0,1,0,0,0.0,0.0,0.0
72808595,O,Motor Vehicle,DAC,,20220923,1607.0,N,N,3.763,0,0,2,2.0,N,N,Y,37.62198,-84.7746,1.0,5.0,6.0,1.0,1.0,2.0,2.0,N,1606,1607,N,2022.0,O,0,0,0,1,0,0,0,1,0,0.0,0.0,0.0
72809549,O,Motor Vehicle,DAC,ANGLE,20220926,1645.0,N,Y,3.516,0,0,2,2.0,N,N,Y,37.61844,-84.77456,1.0,5.0,6.0,1.0,1.0,2.0,2.0,Y,1645,1646,N,2022.0,O,0,0,0,0,0,0,0,1,0,0.0,0.0,0.0
72809597,O,Motor Vehicle,DAC,SIDESWIPE-SAME DIRECTION,20220926,2200.0,N,N,3.39,0,0,2,2.0,N,N,Y,37.61664,-84.77463,8.0,2.0,6.0,1.0,1.0,2.0,5.0,N,2200,2207,N,2022.0,O,0,0,1,0,0,0,1,1,0,0.0,1.0,0.0
72809703,O,Motor Vehicle,DAC,,20220927,1032.0,N,N,0.142,0,0,2,2.0,N,N,Y,37.64475,-84.77354,8.0,2.0,6.0,1.0,1.0,2.0,2.0,N,1034,1037,N,2022.0,O,0,1,0,0,0,0,0,0,0,0.0,0.0,0.0
72810299,O,Motor Vehicle,DAC,,20220927,1530.0,N,N,0.028,0,0,2,2.0,N,N,Y,37.64625,-84.7724,8.0,2.0,6.0,1.0,1.0,2.0,2.0,N,1624,1628,N,2022.0,O,0,0,0,0,0,0,1,0,0,0.0,0.0,0.0
72810568,O,Motor Vehicle,DAC,ANGLE,20220929,1048.0,N,Y,0.238,0,0,2,2.0,N,N,Y,37.61722,-84.78176,1.0,2.0,6.0,1.0,1.0,2.0,2.0,N,1049,1058,N,2022.0,O,0,0,0,1,0,0,1,1,0,0.0,0.0,0.0
72810580,O,Motor Vehicle,DAC,REAR END,20220927,1933.0,N,N,0.165,0,0,2,2.0,N,N,Y,37.61736,-84.77746,5.0,4.0,6.0,1.0,1.0,2.0,2.0,N,1933,1937,N,2022.0,O,0,0,0,1,0,0,1,0,0,0.0,0.0,0.0