MasterFile,KABCO_Mod,Mode,Disadvantaged Com ID,MannerofCollision_Real,CollisionDate,CollisionTime,ParkingLotIndicator,IntersectionWith_Indicator_,Milepoint,NumberInjured,NumberKilled,ofUnits,ofMotorVeh,Hit&RunIndicator,OneWayIndicator,InCityLimitsIndicator,Latitude,Longitude,MannerofCollisionCode,TotalLanes,RoadwayCharacterCode,RoadwaySurfaceCode,RoadwayConditionCode,WeatherCode,LightConditionCode,FirstAidSceneIndicator,TimeNotified,TimeArrived,MedianCros,YR,KABCO,Motorcyclist,CommercialVehicle,YoungDriver,MatureDriver,Pedestrian,Bicyclist,Distracted,agressive,Impaired,Unrestrain,RoadwayDep,MedXover
72810932,O,Motor Vehicle,Non DAC,,20220923,1144.0,N,Y,2.667,0,0,2,2.0,N,N,Y,37.64088,-84.80269,2.0,4.0,6.0,1.0,1.0,2.0,2.0,N,1146,1201,N,2022.0,O,0,1,0,0,0,0,1,0,0,0.0,0.0,0.0
72811017,O,Motor Vehicle,DAC,,20220930,1309.0,N,N,4.824,0,0,2,2.0,N,Y,Y,37.6376,-84.77479,8.0,2.0,6.0,1.0,1.0,2.0,2.0,N,1311,1316,N,2022.0,O,0,0,0,0,0,0,1,1,0,0.0,1.0,0.0
72811060,C,Motor Vehicle,DAC,,20220930,1500.0,N,Y,5.04,1,0,2,2.0,N,N,Y,37.64074,-84.77451,1.0,2.0,4.0,1.0,1.0,2.0,2.0,Y,1442,1447,N,2022.0,C,0,0,0,0,0,0,1,0,0,0.0,0.0,0.0
72811231,O,Motor Vehicle,Non DAC,,20220930,1940.0,N,Y,1.267,0,0,2,2.0,N,N,Y,37.62105,-84.75177,5.0,4.0,6.0,1.0,1.0,2.0,3.0,N,1911,1911,N,2022.0,O,0,0,0,1,0,0,1,0,0,0.0,0.0,0.0
72811312,O,Motor Vehicle,DAC,,20220930,1954.0,N,Y,0.149,0,0,2,2.0,N,N,Y,37.64734,-84.77231,4.0,2.0,6.0,1.0,1.0,2.0,5.0,N,1954,1957,N,2022.0,O,0,0,0,1,0,0,0,0,0,0.0,0.0,0.0
72811373,C,Motor Vehicle,DAC,,20221001,1122.0,N,N,4.243,1,0,2,2.0,N,N,Y,37.62886,-84.77474,5.0,2.0,6.0,1.0,1.0,2.0,2.0,Y,1123,1127,N,2022.0,C,0,0,0,0,0,0,1,0,0,0.0,0.0,0.0
72811512,C,Bicyclist,DAC,,20221001,1911.0,N,Y,0.137,1,0,2,1.0,N,N,Y,37.64978,-84.7848,9.0,2.0,6.0,1.0,1.0,2.0,3.0,Y,1911,1911,N,2022.0,C,0,0,0,0,0,1,1,0,0,0.0,0.0,0.0
72811530,O,Motor Vehicle,DAC,,20220928,1915.0,N,N,0.142,0,0,2,2.0,N,N,Y,37.64322,-84.76746,7.0,2.0,4.0,1.0,1.0,2.0,2.0,N,1915,1920,N,2022.0,O,0,0,1,0,0,0,1,0,0,0.0,1.0,0.0
72811782,O,Motor Vehicle,DAC,REAR-TO-REAR,20221001,1910.0,N,Y,0.168,0,0,3,3.0,N,N,Y,37.61736,-84.77751,6.0,4.0,6.0,1.0,1.0,2.0,2.0,N,1913,1914,N,2022.0,O,0,0,0,1,0,0,1,0,0,0.0,0.0,0.0
72811824,B,Motor Vehicle,DAC,,20221002,1630.0,N,Y,0.0,1,0,2,2.0,N,N,Y,37.64592,-84.77403,1.0,2.0,6.0,1.0,1.0,2.0,2.0,N,1630,1633,N,2022.0,B,0,0,1,1,0,0,1,1,0,1.0,0.0,0.0
72811847,A,Motor Vehicle,DAC,REAR END,20220930,1905.0,N,Y,1.2,2,0,2,2.0,N,N,Y,37.62095,-84.75301,5.0,3.0,6.0,1.0,1.0,2.0,2.0,Y,1906,1909,N,2022.0,A,0,0,0,0,0,0,1,0,0,0.0,0.0,0.0
72812003,O,Motor Vehicle,DAC,,20221003,942.0,N,Y,5.207,0,0,2,2.0,N,Y,Y,37.64304,-84.77436,1.0,2.0,4.0,1.0,1.0,2.0,2.0,N,942,942,N,2022.0,O,0,0,0,1,0,0,1,1,0,0.0,0.0,0.0
72812140,O,Motor Vehicle,DAC,,20221003,1545.0,N,N,3.905,0,0,2,2.0,N,N,Y,37.62401,-84.77466,8.0,2.0,6.0,1.0,1.0,2.0,2.0,N,1545,1545,N,2022.0,O,0,0,1,0,0,0,1,1,0,0.0,1.0,0.0
72812470,C,Motor Vehicle,DAC,ANGLE,20221003,1344.0,N,Y,0.17,1,0,3,3.0,N,N,Y,37.61717,-84.77754,1.0,4.0,6.0,1.0,1.0,2.0,2.0,Y,1344,1349,N,2022.0,C,0,0,0,1,0,0,1,1,0,0.0,0.0,0.0
72812522,O,Motor Vehicle,DAC,ANGLE,20221004,1013.0,N,Y,0.237,0,0,2,2.0,N,N,Y,37.6172,-84.78181,1.0,2.0,6.0,1.0,1.0,2.0,2.0,N,1014,1019,N,2022.0,O,0,0,0,1,0,0,1,1,0,0.0,0.0,0.0
72812592,O,Motor Vehicle,DAC,,20221003,1640.0,N,N,0.309,0,0,2,2.0,N,N,Y,37.64494,-84.77657,5.0,2.0,4.0,1.0,1.0,2.0,2.0,N,1641,1645,N,2022.0,O,0,0,0,0,0,0,0,0,0,0.0,0.0,0.0
72812699,O,Motor Vehicle,Non DAC,,20221004,545.0,N,Y,3.196,0,0,2,2.0,Y,N,Y,37.64856,-84.80318,1.0,4.0,6.0,1.0,1.0,2.0,5.0,N,617,625,N,2022.0,O,0,0,0,0,0,0,1,1,0,0.0,0.0,0.0
72812796,O,Motor Vehicle,DAC,,20221005,937.0,N,Y,4.808,0,0,2,2.0,N,Y,Y,37.63679,-84.77372,1.0,2.0,3.0,1.0,1.0,2.0,2.0,N,939,941,N,2022.0,O,0,0,0,0,0,0,1,0,0,0.0,0.0,0.0
72812955,O,Motor Vehicle,DAC,,20221005,1129.0,N,N,0.246,0,0,2,2.0,N,N,Y,37.64215,-84.77118,5.0,2.0,4.0,1.0,1.0,2.0,2.0,N,1129,1135,N,2022.0,O,0,0,0,1,0,0,1,0,0,0.0,0.0,0.0
72812981,O,Motor Vehicle,DAC,SINGLE VEHICLE,20221004,1547.0,N,N,0.198,0,0,1,1.0,N,N,Y,37.61731,-84.77806,9.0,2.0,6.0,97.0,1.0,2.0,2.0,N,1547,1547,N,2022.0,O,0,0,1,0,0,0,0,0,0,0.0,0.0,0.0
72813654,O,Motor Vehicle,DAC,REAR END,20221006,1837.0,N,Y,3.468,0,0,2,2.0,N,N,Y,37.61773,-84.77463,5.0,3.0,6.0,1.0,1.0,2.0,2.0,N,1837,1844,N,2022.0,O,0,0,0,0,0,0,0,0,0,0.0,0.0,0.0
72813795,O,Motor Vehicle,DAC,,20221007,1505.0,N,Y,4.91,0,0,2,2.0,N,N,Y,37.63883,-84.77471,4.0,2.0,6.0,1.0,1.0,2.0,2.0,N,1505,1505,N,2022.0,O,0,0,0,1,0,0,0,1,0,0.0,0.0,0.0
72813966,O,Motor Vehicle,DAC,,20221008,1035.0,N,N,0.034,0,0,2,2.0,Y,N,Y,37.64634,-84.77235,8.0,2.0,6.0,1.0,1.0,2.0,2.0,N,1038,1040,N,2022.0,O,0,0,0,0,0,0,1,0,0,0.0,0.0,0.0
72814147,O,Motor Vehicle,DAC,,20221008,1407.0,N,N,4.781,0,0,2,2.0,N,Y,Y,37.63695,-84.77486,8.0,2.0,6.0,1.0,1.0,2.0,2.0,N,1407,1408,N,2022.0,O,0,0,0,1,0,0,1,0,0,0.0,1.0,0.0
72814283,O,Motor Vehicle,Non DAC,,20221009,101.0,N,Y,12.303,0,0,2,2.0,N,N,Y,37.64857,-84.80285,5.0,2.0,6.0,1.0,1.0,2.0,5.0,N,102,104,N,2022.0,O,0,0,1,0,0,0,1,0,1,0.0,0.0,0.0
72814339,B,Pedestrian,DAC,,20221008,1006.0,N,Y,5.524,1,0,3,1.0,N,N,Y,37.64592,-84.77403,9.0,2.0,6.0,1.0,1.0,2.0,2.0,Y,1007,1010,N,2022.0,B,0,0,0,1,1,0,1,1,0,0.0,0.0,0.0
72814361,O,Motor Vehicle,DAC,REAR END,20221007,1734.0,N,Y,0.156,0,0,2,2.0,N,N,Y,37.61716,-84.77744,5.0,6.0,6.0,1.0,1.0,2.0,2.0,N,1735,1745,N,2022.0,O,0,0,1,0,0,0,1,0,0,0.0,0.0,0.0
72814371,O,Motor Vehicle,Non DAC,,20221009,1421.0,N,Y,12.207,0,0,2,2.0,N,N,Y,37.64848,-84.80514,5.0,2.0,6.0,1.0,1.0,2.0,2.0,N,1422,1430,N,2022.0,O,0,0,0,0,0,0,1,0,0,0.0,0.0,0.0
72814963,O,Motor Vehicle,DAC,,20221010,639.0,N,N,4.746,0,0,2,2.0,N,Y,Y,37.63635,-84.77495,8.0,2.0,6.0,1.0,1.0,2.0,3.0,N,645,645,N,2022.0,O,0,0,0,0,0,0,1,0,0,0.0,1.0,0.0
72815359,O,Motor Vehicle,DAC,,20221012,147.0,N,N,0.001,0,0,1,1.0,N,N,Y,37.6299,-84.77845,9.0,2.0,4.0,1.0,1.0,2.0,6.0,Y,142,146,N,2022.0,O,0,0,0,0,0,0,0,0,1,0.0,1.0,0.0
72815534,O,Motor Vehicle,DAC,,20221012,1335.0,N,N,0.053,0,0,2,2.0,Y,N,Y,37.64662,-84.77237,1.0,2.0,6.0,1.0,1.0,3.0,2.0,N,1342,1348,N,2022.0,O,0,0,0,0,0,0,0,1,0,0.0,0.0,0.0
72815949,O,Motor Vehicle,Non DAC,,20221013,1301.0,N,Y,12.339,0,0,2,2.0,N,N,Y,37.64858,-84.80272,5.0,2.0,6.0,1.0,1.0,2.0,2.0,N,1301,1310,N,2022.0,O,0,0,0,1,0,0,1,0,0,0.0,0.0,0.0
72816373,O,Motor Vehicle,DAC,,20221014,809.0,N,N,14.053,0,0,2,2.0,N,N,Y,37.64278,-84.7646,2.0,2.0,4.0,1.0,1.0,2.0,2.0,N,809,813,N,2022.0,O,0,0,0,0,0,0,0,0,0,0.0,0.0,0.0
72816380,B,Motor Vehicle,DAC,,20220831,1030.0,N,N,13.63,1,0,2,2.0,Y,N,Y,37.64548,-84.76662,5.0,2.0,4.0,1.0,1.0,2.0,2.0,Y,1034,1039,N,2022.0,B,0,0,0,0,0,0,1,0,0,0.0,0.0,0.0
72816404,C,Motor Vehicle,DAC,ANGLE,20221013,1705.0,N,Y,3.522,2,0,2,2.0,N,N,Y,37.61852,-84.77458,1.0,3.0,6.0,1.0,1.0,2.0,2.0,Y,1706,1707,N,2022.0,C,0,0,0,0,0,0,1,1,0,0.0,0.0,0.0
72816438,B,Motor Vehicle,DAC,,20221013,1158.0,N,Y,0.001,1,0,2,2.0,N,N,Y,37.64591,-84.77403,3.0,3.0,6.0,1.0,1.0,2.0,2.0,Y,1158,1200,N,2022.0,B,0,0,0,0,0,0,0,1,0,0.0,0.0,0.0
72816563,B,Motor Vehicle,DAC,,20221013,1720.0,N,N,5.749,1,0,2,2.0,N,N,Y,37.6462,-84.77815,5.0,2.0,6.0,1.0,1.0,2.0,2.0,N,1720,1722,N,2022.0,B,0,0,0,1,0,0,1,0,0,0.0,0.0,0.0
72816632,O,Motor Vehicle,DAC,ANGLE,20221015,136.0,N,Y,3.457,0,0,2,2.0,Y,N,Y,37.61763,-84.77464,1.0,4.0,6.0,1.0,1.0,2.0,5.0,N,137,137,N,2022.0,O,0,0,1,0,0,0,0,1,0,0.0,0.0,0.0
72816945,B,Motor Vehicle,DAC,SINGLE VEHICLE,20221016,41.0,N,Y,3.375,1,0,1,1.0,N,N,Y,37.61643,-84.77441,9.0,4.0,6.0,1.0,1.0,2.0,6.0,Y,41,41,N,2022.0,B,0,0,0,0,0,0,0,0,1,0.0,0.0,0.0
72817089,O,Motor Vehicle,DAC,ANGLE,20221015,1853.0,N,Y,0.177,0,0,2,2.0,N,N,Y,37.61799,-84.77141,1.0,4.0,6.0,1.0,1.0,2.0,3.0,N,1853,1859,N,2022.0,O,0,0,0,0,0,0,1,1,0,0.0,0.0,0.0
72817352,O,Motor Vehicle,DAC,REAR END,20221017,750.0,N,Y,0.0,0,0,2,2.0,N,N,Y,37.61643,-84.77441,5.0,2.0,4.0,1.0,1.0,3.0,2.0,N,751,755,N,2022.0,O,0,0,0,0,0,0,1,1,0,0.0,0.0,0.0
72817428,O,Motor Vehicle,DAC,ANGLE,20221014,1740.0,N,Y,0.618,0,0,2,2.0,N,N,Y,37.61663,-84.78575,1.0,5.0,6.0,1.0,1.0,2.0,2.0,N,1746,1754,N,2022.0,O,0,0,0,1,0,0,0,1,0,0.0,0.0,0.0
72817449,O,Motor Vehicle,Non DAC,,20221017,1335.0,N,N,2.582,0,0,2,2.0,Y,N,Y,37.63964,-84.80245,8.0,2.0,6.0,1.0,1.0,2.0,2.0,N,1337,1339,N,2022.0,O,0,0,0,0,0,0,1,0,0,0.0,1.0,0.0
72817450,O,Motor Vehicle,DAC,REAR END,20221017,1254.0,N,Y,0.013,0,0,2,2.0,N,N,Y,37.61745,-84.7747,5.0,4.0,6.0,1.0,1.0,2.0,2.0,N,1255,1301,N,2022.0,O,0,1,0,0,0,0,1,0,0,0.0,0.0,0.0
72817778,O,Motor Vehicle,DAC,,20221018,909.0,N,N,0.815,0,0,1,1.0,N,N,Y,37.64895,-84.77249,9.0,2.0,6.0,1.0,5.0,3.0,2.0,N,910,914,N,2022.0,O,0,0,1,0,0,0,1,0,0,0.0,1.0,0.0
72818360,O,Motor Vehicle,DAC,,20221019,1130.0,N,N,13.577,0,0,2,2.0,N,N,Y,37.64574,-84.77122,1.0,3.0,6.0,1.0,1.0,2.0,2.0,N,1138,1143,N,2022.0,O,0,0,0,0,0,0,0,1,0,0.0,0.0,0.0
72818469,C,Motor Vehicle,DAC,REAR END,20221019,1647.0,N,N,0.135,1,0,2,2.0,N,N,Y,37.61723,-84.77701,5.0,4.0,6.0,1.0,1.0,2.0,2.0,Y,1647,1649,N,2022.0,C,0,0,0,0,0,0,1,0,0,0.0,0.0,0.0
72819046,O,Motor Vehicle,DAC,REAR END,20221020,1620.0,N,N,0.14,0,0,2,2.0,N,Y,Y,37.61722,-84.77708,5.0,2.0,6.0,1.0,1.0,2.0,2.0,N,1620,1626,N,2022.0,O,0,0,0,1,0,0,1,0,0,0.0,0.0,0.0
72819056,O,Motor Vehicle,DAC,,20221020,856.0,N,Y,0.05,0,0,2,2.0,N,N,Y,37.64279,-84.77342,1.0,2.0,6.0,1.0,1.0,2.0,2.0,N,857,900,N,2022.0,O,0,0,0,0,0,0,1,1,0,0.0,0.0,0.0
72819057,C,Motor Vehicle,DAC,,20221020,1553.0,N,Y,5.069,1,0,2,2.0,N,Y,Y,37.64137,-84.77448,1.0,2.0,4.0,1.0,1.0,2.0,2.0,Y,1553,1555,N,2022.0,C,0,0,0,1,0,0,0,0,0,1.0,0.0,0.0
72819325,O,Motor Vehicle,DAC,,20221021,1833.0,N,N,0.048,0,0,2,2.0,N,N,Y,37.61805,-84.7776,1.0,2.0,6.0,1.0,1.0,2.0,2.0,N,1833,1838,N,2022.0,O,0,0,1,0,0,0,1,1,0,0.0,0.0,0.0
72819337,B,Pedestrian,DAC,,20221020,1505.0,N,Y,5.402,1,0,2,1.0,N,N,Y,37.64582,-84.77243,9.0,2.0,6.0,1.0,1.0,2.0,2.0,Y,1507,1509,N,2022.0,B,0,0,0,0,1,0,0,0,0,0.0,0.0,0.0
72819800,O,Motor Vehicle,Non DAC,,20221017,1659.0,N,N,1.341,0,0,3,3.0,N,N,Y,37.62278,-84.79482,8.0,4.0,6.0,1.0,1.0,2.0,2.0,N,1659,1703,N,2022.0,O,0,1,0,0,0,0,1,0,0,0.0,1.0,0.0
72819801,O,Motor Vehicle,DAC,,20221022,1829.0,N,N,0.07,0,0,2,2.0,Y,N,Y,37.64139,-84.77575,8.0,2.0,6.0,1.0,1.0,2.0,2.0,N,1829,1833,N,2022.0,H,0,0,0,0,0,0,0,0,0,0.0,0.0,0.0
72820214,O,Motor Vehicle,DAC,,20221021,1025.0,N,N,4.434,0,0,2,2.0,Y,N,Y,37.63162,-84.77492,8.0,5.0,4.0,1.0,1.0,2.0,2.0,N,1031,1037,N,2022.0,O,0,0,0,0,0,0,0,0,0,0.0,1.0,0.0
72820219,O,Motor Vehicle,DAC,,20221024,1413.0,N,N,4.982,0,0,2,2.0,N,N,Y,37.63981,-84.77461,8.0,2.0,4.0,1.0,1.0,2.0,2.0,N,1357,1410,N,2022.0,O,0,0,0,1,0,0,0,0,0,0.0,0.0,0.0
72820544,O,Motor Vehicle,DAC,,20221025,1116.0,N,N,5.149,0,0,2,2.0,N,N,Y,37.64226,-84.77436,1.0,2.0,4.0,1.0,1.0,3.0,2.0,N,1118,1122,N,2022.0,O,0,0,0,1,0,0,1,0,0,0.0,0.0,0.0
72820721,O,Motor Vehicle,Non DAC,,20221025,1912.0,N,N,0.065,0,0,2,2.0,Y,N,Y,37.65084,-84.76441,8.0,2.0,6.0,1.0,1.0,2.0,2.0,N,1812,1818,N,2022.0,O,0,0,0,0,0,0,1,1,0,0.0,0.0,0.0
72821180,O,Motor Vehicle,DAC,,20221026,1939.0,N,Y,0.148,0,0,2,2.0,N,N,Y,37.64733,-84.77229,1.0,2.0,6.0,1.0,1.0,3.0,5.0,N,1943,1943,N,2022.0,O,0,0,0,1,0,0,1,1,0,0.0,0.0,0.0
72821342,O,Motor Vehicle,Non DAC,,20221027,806.0,N,Y,3.069,0,0,3,3.0,N,N,Y,37.66431,-84.74331,5.0,2.0,4.0,1.0,1.0,2.0,2.0,N,807,815,N,2022.0,O,0,0,0,0,0,0,1,1,0,0.0,0.0,0.0
72821497,O,Motor Vehicle,Non DAC,,20221025,1539.0,N,N,1.687,0,0,2,2.0,N,N,Y,37.62745,-84.79688,5.0,2.0,6.0,1.0,1.0,2.0,2.0,N,1539,1547,N,2022.0,O,0,0,0,1,0,0,1,0,0,0.0,0.0,0.0
72821606,O,Motor Vehicle,DAC,,20221027,1216.0,N,Y,4.912,0,0,2,2.0,N,Y,Y,37.63882,-84.77469,1.0,2.0,6.0,1.0,1.0,2.0,2.0,N,1216,1218,N,2022.0,O,0,0,0,0,0,0,1,1,0,0.0,0.0,0.0
72821754,C,Motor Vehicle,Non DAC,,20221023,1551.0,N,N,12.316,1,0,3,3.0,N,N,Y,37.64856,-84.80319,5.0,2.0,6.0,1.0,1.0,2.0,2.0,N,1554,1555,N,2022.0,C,0,0,0,1,0,0,1,1,0,0.0,0.0,0.0
72821862,O,Motor Vehicle,DAC,REAR END,20221027,1403.0,N,N,3.44,0,0,2,2.0,N,N,Y,37.61743,-84.77445,5.0,4.0,6.0,1.0,1.0,2.0,2.0,N,1403,1414,N,2022.0,O,0,0,0,1,0,0,1,0,0,0.0,0.0,0.0
72821863,O,Motor Vehicle,DAC,,20221027,1556.0,N,N,0.046,0,0,3,3.0,N,N,Y,37.61808,-84.77761,1.0,2.0,6.0,1.0,1.0,2.0,2.0,N,1556,1557,N,2022.0,O,0,0,1,1,0,0,1,1,0,0.0,1.0,0.0
72821966,O,Motor Vehicle,Non DAC,,20221028,1620.0,N,Y,13.19,0,0,2,2.0,N,N,Y,37.64574,-84.7876,5.0,2.0,1.0,1.0,1.0,2.0,2.0,N,1622,1626,N,2022.0,O,0,0,1,0,0,0,1,0,0,0.0,0.0,0.0
72822041,O,Motor Vehicle,Non DAC,,20221028,543.0,N,N,12.85,0,0,1,1.0,N,N,Y,37.63593,-84.79294,9.0,2.0,3.0,1.0,1.0,2.0,5.0,N,543,549,N,2022.0,O,0,0,0,0,0,0,0,0,0,0.0,0.0,0.0
72822156,C,Motor Vehicle,Non DAC,,20221028,2316.0,N,N,0.217,1,0,1,1.0,N,N,Y,37.6638,-84.78968,9.0,2.0,6.0,1.0,1.0,2.0,5.0,Y,2316,2323,N,2022.0,C,0,0,1,0,0,0,0,0,0,0.0,1.0,0.0
72822387,O,Motor Vehicle,DAC,,20221028,2343.0,N,Y,0.37,0,0,1,1.0,N,N,Y,37.6131,-84.76852,9.0,2.0,6.0,1.0,1.0,2.0,6.0,N,2345,2349,N,2022.0,O,0,0,0,0,0,0,0,0,1,1.0,0.0,0.0
72822652,C,Motor Vehicle,DAC,SINGLE VEHICLE,20221029,2005.0,N,Y,0.843,2,0,1,1.0,N,N,Y,37.61711,-84.78971,9.0,4.0,6.0,1.0,1.0,2.0,6.0,Y,2007,2007,N,2022.0,C,0,0,0,0,0,0,1,0,1,0.0,0.0,0.0
72823356,C,Motor Vehicle,Non DAC,,20221031,1958.0,N,Y,0.411,1,0,2,2.0,N,N,Y,37.65183,-84.77189,5.0,2.0,4.0,1.0,1.0,3.0,5.0,Y,1959,2002,N,2022.0,C,0,0,0,0,0,0,1,0,0,0.0,0.0,0.0
72823475,O,Motor Vehicle,DAC,REAR END,20221101,740.0,N,N,3.315,0,0,2,2.0,N,N,Y,37.61555,-84.77441,5.0,2.0,6.0,1.0,1.0,3.0,6.0,N,740,740,N,2022.0,O,0,0,0,0,0,0,1,1,0,0.0,0.0,0.0
72823488,O,Motor Vehicle,Non DAC,,20221030,1321.0,N,N,1.798,0,0,2,2.0,N,N,Y,37.62892,-84.7976,5.0,4.0,6.0,1.0,1.0,2.0,2.0,Y,1323,1329,N,2022.0,O,0,0,0,1,0,0,1,0,0,0.0,0.0,0.0
72823591,O,Motor Vehicle,Non DAC,,20221027,1651.0,N,Y,8.211,0,0,3,3.0,N,N,Y,37.67725,-84.7909,4.0,4.0,6.0,1.0,1.0,2.0,2.0,N,1638,1649,Y,2022.0,O,0,0,0,0,0,0,0,1,0,0.0,0.0,0.0
72823777,O,Motor Vehicle,DAC,,20221031,1717.0,N,N,0.271,0,0,1,1.0,Y,N,Y,37.63944,-84.77948,9.0,0.0,3.0,1.0,5.0,2.0,2.0,N,1717,1800,N,2022.0,O,0,0,0,0,0,0,0,0,0,0.0,1.0,0.0
72824169,O,Motor Vehicle,DAC,REAR END,20221102,1712.0,N,Y,0.237,0,0,2,2.0,N,N,Y,37.61721,-84.78174,5.0,9.0,6.0,1.0,1.0,2.0,2.0,N,1712,1716,N,2022.0,O,0,0,0,0,0,0,1,0,0,0.0,0.0,0.0
72824842,O,Motor Vehicle,DAC,REAR END,20221104,745.0,N,Y,3.254,0,0,2,2.0,N,N,Y,37.61467,-84.77447,5.0,1.0,6.0,1.0,1.0,2.0,1.0,N,804,804,N,2022.0,O,0,0,0,0,0,0,1,1,0,0.0,0.0,0.0
72824877,O,Motor Vehicle,Non DAC,,20221104,740.0,N,Y,3.756,0,0,2,2.0,N,N,Y,37.65559,-84.79914,5.0,4.0,6.0,1.0,1.0,2.0,2.0,N,740,749,N,2022.0,O,0,0,1,0,0,0,1,0,0,0.0,0.0,0.0
72825158,O,Motor Vehicle,Non DAC,,20221104,1715.0,N,Y,0.767,0,0,2,2.0,N,N,Y,37.65458,-84.80272,2.0,4.0,6.0,1.0,1.0,2.0,2.0,N,1717,1719,N,2022.0,O,0,0,0,0,0,0,1,1,0,0.0,0.0,0.0
72825159,O,Motor Vehicle,Non DAC,,20221104,1901.0,N,Y,3.191,0,0,2,2.0,N,N,Y,37.64849,-84.80296,5.0,6.0,6.0,1.0,1.0,2.0,6.0,N,1901,1908,N,2022.0,O,0,0,0,0,0,0,1,0,0,0.0,0.0,0.0
72825511,O,Motor Vehicle,DAC,,20221104,1549.0,N,Y,4.297,0,0,2,2.0,N,N,Y,37.62963,-84.77481,1.0,2.0,6.0,1.0,1.0,2.0,2.0,N,1550,1555,N,2022.0,O,0,0,0,0,0,0,0,1,0,0.0,0.0,0.0
72825739,O,Motor Vehicle,Non DAC,,20221106,1345.0,N,Y,4.606,0,0,1,1.0,N,N,Y,37.66584,-84.79198,9.0,4.0,6.0,1.0,1.0,2.0,2.0,N,1349,1355,Y,2022.0,O,0,0,0,0,0,0,0,0,0,0.0,0.0,0.0
72827080,A,Motorcyclist,DAC,ANGLE,20221109,1140.0,N,Y,3.375,1,0,2,2.0,N,N,Y,37.61642,-84.77443,1.0,2.0,6.0,1.0,1.0,2.0,2.0,Y,1142,1143,N,2022.0,A,1,0,0,1,0,0,1,0,0,0.0,0.0,0.0
72827152,O,Motor Vehicle,Non DAC,,20221108,1341.0,N,Y,0.281,0,0,2,2.0,N,N,Y,37.64787,-84.8051,7.0,2.0,6.0,1.0,1.0,2.0,2.0,N,1343,1349,N,2022.0,O,0,0,0,1,0,0,0,0,0,0.0,0.0,0.0
72827650,O,Motor Vehicle,DAC,REAR END,20221109,1237.0,N,N,0.088,0,0,3,3.0,N,N,Y,37.61748,-84.77605,5.0,4.0,6.0,1.0,1.0,2.0,2.0,N,1237,1246,N,2022.0,O,0,0,0,1,0,0,1,0,0,0.0,0.0,0.0
72828237,C,Motor Vehicle,DAC,ANGLE,20221111,1401.0,N,Y,3.515,2,0,3,3.0,N,N,Y,37.6185,-84.77454,1.0,6.0,6.0,1.0,5.0,6.0,2.0,Y,1401,1401,N,2022.0,C,0,0,1,1,0,0,1,1,0,0.0,0.0,0.0
72828333,B,Motor Vehicle,DAC,OPPOPSING LEFT TURN,20221111,1711.0,N,Y,0.637,4,0,3,3.0,N,N,Y,37.61969,-84.76322,4.0,4.0,6.0,1.0,5.0,3.0,2.0,Y,1714,1717,N,2022.0,B,0,0,0,0,0,0,1,1,0,0.0,0.0,0.0
72828483,O,Motor Vehicle,DAC,,20221111,715.0,N,Y,5.978,0,0,2,2.0,N,N,Y,37.64635,-84.78232,1.0,2.0,6.0,1.0,5.0,6.0,3.0,N,717,719,N,2022.0,O,0,0,0,0,0,0,0,0,0,0.0,0.0,0.0
72828689,O,Motor Vehicle,DAC,,20221112,1149.0,N,Y,5.204,0,0,2,2.0,N,Y,Y,37.64275,-84.77274,8.0,2.0,4.0,1.0,1.0,3.0,2.0,N,1149,1153,N,2022.0,O,0,0,0,1,0,0,1,0,0,0.0,0.0,0.0
72828828,B,Motor Vehicle,Non DAC,,20221112,2113.0,N,Y,8.213,2,0,1,1.0,N,N,Y,37.6772,-84.79108,9.0,2.0,4.0,1.0,5.0,3.0,6.0,Y,2114,2121,N,2022.0,B,0,0,0,0,0,0,0,0,0,0.0,0.0,0.0
72828968,A,Motor Vehicle,Non DAC,,20221113,716.0,N,N,0.038,2,0,1,1.0,N,N,Y,37.63262,-84.75112,9.0,2.0,1.0,1.0,1.0,2.0,2.0,Y,717,720,N,2022.0,A,0,0,1,0,0,0,0,0,0,1.0,1.0,0.0
72828992,O,Motor Vehicle,DAC,,20221112,1326.0,N,Y,0.746,0,0,2,2.0,N,N,Y,37.64906,-84.77374,4.0,2.0,6.0,1.0,1.0,3.0,2.0,N,1326,1328,N,2022.0,O,0,0,0,0,0,0,0,1,0,0.0,0.0,0.0
72829385,C,Motor Vehicle,DAC,,20221114,938.0,N,Y,5.169,1,0,2,2.0,N,Y,Y,37.64254,-84.77436,8.0,2.0,4.0,1.0,1.0,3.0,2.0,Y,938,938,N,2022.0,C,0,0,0,0,0,0,0,0,0,0.0,0.0,0.0
72829389,O,Motor Vehicle,Non DAC,,20221110,1843.0,N,N,11.088,0,0,1,1.0,N,N,Y,37.62149,-84.81657,9.0,2.0,6.0,1.0,1.0,2.0,4.0,N,1843,1854,N,2022.0,O,0,0,0,0,0,0,0,0,0,0.0,0.0,0.0
72829390,O,Motor Vehicle,DAC,,20221114,1501.0,N,N,4.084,0,0,2,2.0,N,Y,Y,37.62657,-84.77473,5.0,4.0,6.0,1.0,1.0,2.0,2.0,N,1501,1509,N,2022.0,O,0,0,0,0,0,0,1,0,0,0.0,0.0,0.0
72829789,O,Motor Vehicle,DAC,SINGLE VEHICLE,20221114,1809.0,N,Y,1.093,0,0,1,1.0,N,N,Y,37.62072,-84.75495,9.0,4.0,6.0,1.0,1.0,2.0,4.0,N,1820,1820,N,2022.0,O,0,0,1,0,0,0,0,0,0,0.0,0.0,0.0