MasterFile,KABCO_Mod,Mode,Disadvantaged Com ID,MannerofCollision_Real,CollisionDate,CollisionTime,ParkingLotIndicator,IntersectionWith_Indicator_,Milepoint,NumberInjured,NumberKilled,ofUnits,ofMotorVeh,Hit&RunIndicator,OneWayIndicator,InCityLimitsIndicator,Latitude,Longitude,MannerofCollisionCode,TotalLanes,RoadwayCharacterCode,RoadwaySurfaceCode,RoadwayConditionCode,WeatherCode,LightConditionCode,FirstAidSceneIndicator,TimeNotified,TimeArrived,MedianCros,YR,KABCO,Motorcyclist,CommercialVehicle,YoungDriver,MatureDriver,Pedestrian,Bicyclist,Distracted,agressive,Impaired,Unrestrain,RoadwayDep,MedXover
72830127,C,Motor Vehicle,DAC,ANGLE,20221115,2033.0,N,Y,0.025,1,0,2,2.0,N,N,Y,37.61739,-84.7746,1.0,7.0,6.0,1.0,5.0,6.0,5.0,Y,2036,2040,N,2022.0,C,0,0,1,0,0,0,0,1,1,0.0,0.0,0.0
72830132,O,Motor Vehicle,Non DAC,,20221115,1515.0,N,N,18.704,0,0,2,2.0,N,N,Y,37.62117,-84.79463,5.0,2.0,6.0,1.0,5.0,6.0,2.0,N,1515,1524,N,2022.0,O,0,0,0,0,0,0,1,0,0,0.0,0.0,0.0
72830315,C,Motor Vehicle,DAC,,20221116,820.0,N,Y,13.892,1,0,2,2.0,N,N,Y,37.64848,-84.76425,7.0,2.0,3.0,1.0,5.0,3.0,2.0,N,822,826,N,2022.0,C,0,0,0,0,0,0,1,0,0,0.0,0.0,0.0
72830336,O,Motor Vehicle,Non DAC,,20221109,704.0,N,Y,1.761,0,0,1,1.0,N,N,Y,37.62838,-84.79757,9.0,2.0,6.0,1.0,1.0,2.0,2.0,N,707,713,N,2022.0,O,0,0,0,0,0,0,0,0,0,0.0,0.0,0.0
72830338,O,Motor Vehicle,DAC,,20221116,751.0,N,Y,5.194,0,0,2,2.0,N,N,Y,37.64293,-84.77434,1.0,2.0,6.0,1.0,1.0,2.0,2.0,N,752,754,N,2022.0,O,0,0,0,0,0,0,1,0,0,0.0,0.0,0.0
72830542,O,Motor Vehicle,DAC,,20221116,1933.0,N,Y,5.329,0,0,2,2.0,N,N,Y,37.64481,-84.7741,1.0,4.0,4.0,1.0,1.0,2.0,5.0,N,1933,1935,N,2022.0,O,0,0,1,0,0,0,0,1,0,0.0,0.0,0.0
72830831,C,Motor Vehicle,DAC,,20221117,748.0,N,N,4.358,2,0,1,1.0,N,N,Y,37.63053,-84.77488,9.0,2.0,6.0,1.0,5.0,3.0,2.0,N,750,754,N,2022.0,C,0,0,0,0,0,0,0,0,0,0.0,1.0,0.0
72831264,O,Motor Vehicle,Non DAC,,20221116,746.0,N,Y,3.748,0,0,2,2.0,N,N,Y,37.65552,-84.79924,2.0,4.0,6.0,1.0,1.0,2.0,2.0,N,748,759,N,2022.0,O,0,0,0,0,0,0,0,0,0,0.0,0.0,0.0
72831276,O,Motor Vehicle,DAC,,20221118,1349.0,N,N,5.317,0,0,2,2.0,N,N,Y,37.64511,-84.77407,8.0,2.0,6.0,1.0,1.0,2.0,2.0,N,1351,1353,N,2022.0,O,0,0,0,0,0,0,1,1,0,0.0,1.0,0.0
72832438,O,Motor Vehicle,DAC,,20221121,1218.0,N,N,0.636,0,0,1,1.0,N,N,Y,37.63207,-84.76161,9.0,2.0,1.0,1.0,1.0,2.0,2.0,N,1218,1231,N,2022.0,O,0,0,0,0,0,0,0,0,0,0.0,1.0,0.0
72832845,O,Motor Vehicle,DAC,,20221122,1113.0,N,Y,5.251,0,0,2,2.0,N,Y,Y,37.6437,-84.77427,8.0,2.0,4.0,1.0,1.0,2.0,2.0,N,1113,1119,N,2022.0,O,0,0,0,1,0,0,0,0,0,0.0,0.0,0.0
72832873,O,Motor Vehicle,Non DAC,,20221122,1307.0,N,Y,1.8,0,0,2,2.0,N,N,Y,37.62895,-84.79761,5.0,4.0,6.0,1.0,1.0,2.0,2.0,N,1307,1312,N,2022.0,O,0,0,0,0,0,0,1,0,0,0.0,0.0,0.0
72833029,O,Motor Vehicle,DAC,,20221122,1435.0,N,Y,5.201,0,0,2,2.0,N,N,Y,37.64271,-84.77277,8.0,2.0,6.0,1.0,1.0,2.0,2.0,N,1435,1446,N,2022.0,O,0,1,0,0,0,0,0,0,0,0.0,0.0,0.0
72833476,O,Motor Vehicle,Non DAC,,20221123,1826.0,N,Y,15.46,0,0,2,2.0,N,N,Y,37.66339,-84.74292,5.0,2.0,3.0,1.0,1.0,2.0,6.0,N,1828,1834,N,2022.0,O,0,0,0,0,0,0,0,0,0,0.0,0.0,0.0
72833477,C,Motor Vehicle,DAC,,20221123,1542.0,N,Y,15.101,3,0,2,2.0,N,N,Y,37.63222,-84.75161,3.0,4.0,6.0,1.0,1.0,2.0,2.0,Y,1544,1545,N,2022.0,C,0,0,0,0,0,0,1,1,0,0.0,0.0,0.0
72833638,O,Motor Vehicle,DAC,,20221123,918.0,N,N,14.04,0,0,2,2.0,N,N,Y,37.64293,-84.76478,5.0,2.0,6.0,1.0,1.0,2.0,2.0,N,918,940,N,2022.0,O,0,0,1,1,0,0,1,1,0,0.0,0.0,0.0
72833639,O,Motor Vehicle,Non DAC,,20221123,1554.0,N,N,13.925,0,0,2,2.0,N,N,Y,37.64877,-84.76356,5.0,2.0,6.0,1.0,1.0,2.0,2.0,N,1555,1601,N,2022.0,O,0,0,0,0,0,0,1,0,0,0.0,0.0,0.0
72833739,O,Motor Vehicle,Non DAC,,20221124,2126.0,N,N,0.154,0,0,2,2.0,N,N,Y,37.65199,-84.7747,2.0,2.0,6.0,1.0,1.0,2.0,7.0,N,2126,2133,N,2022.0,O,0,0,0,0,0,0,1,0,0,1.0,0.0,0.0
72834141,O,Motor Vehicle,DAC,,20221125,1440.0,N,Y,0.063,0,0,2,2.0,N,N,Y,37.61479,-84.77332,1.0,2.0,6.0,1.0,1.0,2.0,2.0,N,1443,1144,N,2022.0,O,0,0,0,1,0,0,1,1,0,0.0,0.0,0.0
72834286,O,Motor Vehicle,DAC,,20221125,2017.0,N,N,4.719,0,0,2,2.0,N,Y,Y,37.6359,-84.77501,8.0,2.0,6.0,1.0,1.0,2.0,5.0,N,2017,2021,N,2022.0,O,0,0,0,0,0,0,1,0,0,0.0,1.0,0.0
72834453,O,Motor Vehicle,DAC,ANGLE,20221121,1700.0,N,Y,3.518,0,0,2,2.0,N,N,Y,37.61846,-84.77459,1.0,2.0,6.0,1.0,1.0,2.0,2.0,N,1701,1704,N,2022.0,O,0,0,0,0,0,0,0,0,0,0.0,0.0,0.0
72834721,O,Motor Vehicle,Non DAC,,20221128,600.0,N,Y,1.808,0,0,2,2.0,N,N,Y,37.62906,-84.79766,5.0,6.0,6.0,1.0,1.0,3.0,5.0,N,601,605,N,2022.0,O,0,0,0,0,0,0,1,1,0,0.0,0.0,0.0
72835214,O,Motor Vehicle,DAC,,20221128,1518.0,N,Y,5.198,0,0,2,2.0,N,Y,Y,37.6429,-84.77433,8.0,2.0,4.0,1.0,1.0,3.0,2.0,N,1518,1522,N,2022.0,O,0,0,0,1,0,0,0,0,0,0.0,0.0,0.0
72835411,C,Motor Vehicle,DAC,,20221128,1544.0,N,Y,5.515,1,0,2,2.0,N,N,Y,37.64593,-84.77417,5.0,2.0,6.0,1.0,1.0,2.0,2.0,Y,1550,1550,N,2022.0,C,0,0,0,1,0,0,0,0,0,0.0,0.0,0.0
72835507,O,Motor Vehicle,DAC,REAR END,20221129,1725.0,N,N,0.166,0,0,2,2.0,N,N,Y,37.61715,-84.77755,5.0,4.0,6.0,1.0,1.0,2.0,3.0,N,1725,1735,N,2022.0,O,0,0,0,0,0,0,0,1,0,0.0,0.0,0.0
72835715,O,Motor Vehicle,Non DAC,,20221130,816.0,N,N,18.599,0,0,2,2.0,N,N,Y,37.61993,-84.79601,8.0,2.0,6.0,1.0,5.0,2.0,2.0,N,816,828,N,2022.0,O,0,0,0,0,0,0,1,1,0,0.0,1.0,0.0
72835853,O,Motor Vehicle,Non DAC,,20221130,1153.0,N,N,1.24,0,0,2,2.0,N,Y,Y,37.62135,-84.79442,5.0,2.0,6.0,1.0,1.0,2.0,2.0,N,1155,1200,N,2022.0,O,0,1,0,1,0,0,0,1,0,0.0,0.0,0.0
72836035,O,Motor Vehicle,DAC,REAR END,20221130,1747.0,N,N,3.43,0,0,2,2.0,N,N,Y,37.61726,-84.77441,5.0,7.0,6.0,1.0,1.0,2.0,6.0,N,1749,1753,N,2022.0,O,0,0,1,0,0,0,1,0,0,0.0,0.0,0.0
72836425,O,Motor Vehicle,Non DAC,,20221201,1522.0,N,N,1.659,0,0,2,2.0,N,N,Y,37.62719,-84.79672,5.0,4.0,6.0,1.0,1.0,2.0,2.0,N,1524,1533,N,2022.0,O,0,0,0,1,0,0,1,0,0,0.0,0.0,0.0
72836444,O,Motor Vehicle,DAC,,20221129,1855.0,N,N,5.026,0,0,2,2.0,N,N,Y,37.64043,-84.77458,1.0,2.0,4.0,1.0,1.0,2.0,5.0,N,1855,1857,N,2022.0,O,0,0,0,0,0,0,1,0,0,0.0,0.0,0.0
72836540,O,Motor Vehicle,DAC,REAR END,20221201,2219.0,N,Y,0.002,0,0,2,2.0,N,N,Y,37.6178,-84.77133,5.0,2.0,1.0,1.0,1.0,2.0,5.0,N,2219,2229,N,2022.0,O,0,0,0,0,0,0,0,0,0,0.0,0.0,0.0
72836763,O,Motor Vehicle,DAC,,20221118,913.0,N,Y,0.13,0,0,1,1.0,Y,N,Y,37.62165,-84.77136,9.0,0.0,6.0,1.0,1.0,2.0,2.0,N,916,924,N,2022.0,O,0,0,1,0,0,0,1,0,0,0.0,0.0,0.0
72836914,A,Motor Vehicle,DAC,ANGLE,20221202,1402.0,N,Y,0.401,3,0,2,2.0,N,N,Y,37.61696,-84.78175,1.0,4.0,6.0,1.0,1.0,3.0,2.0,Y,1403,1405,N,2022.0,A,0,0,0,1,0,0,1,1,0,0.0,0.0,0.0
72837504,O,Motor Vehicle,Non DAC,,20221129,1634.0,N,Y,12.017,0,0,2,2.0,N,N,Y,37.62791,-84.80171,1.0,2.0,6.0,1.0,5.0,3.0,2.0,N,1635,1644,N,2022.0,O,0,0,0,0,0,0,1,1,0,0.0,0.0,0.0
72837810,O,Motor Vehicle,DAC,,20221202,1435.0,N,N,0.389,0,0,2,2.0,N,N,Y,37.62665,-84.75231,5.0,2.0,6.0,1.0,1.0,2.0,2.0,N,1436,1437,N,2022.0,O,0,0,0,0,0,0,1,0,0,0.0,0.0,0.0
72837818,O,Motor Vehicle,Non DAC,,20221201,1425.0,N,N,0.149,0,0,2,2.0,N,N,Y,37.63862,-84.79405,2.0,2.0,4.0,1.0,1.0,2.0,2.0,N,1425,1430,N,2022.0,O,0,0,0,0,0,0,0,1,0,0.0,0.0,0.0
72838130,O,Motor Vehicle,DAC,,20221126,2302.0,N,N,0.172,0,0,2,2.0,Y,N,Y,37.64638,-84.77077,8.0,2.0,6.0,1.0,5.0,6.0,5.0,N,2302,2307,N,2022.0,H,0,0,0,0,0,0,0,0,0,0.0,0.0,0.0
72838261,O,Motor Vehicle,DAC,,20221206,802.0,N,Y,0.744,0,0,2,2.0,N,N,Y,37.64906,-84.77377,1.0,2.0,6.0,1.0,5.0,3.0,2.0,N,800,804,N,2022.0,O,0,0,0,0,0,0,1,1,0,0.0,0.0,0.0
72838264,O,Motor Vehicle,DAC,,20221206,916.0,N,N,0.02,0,0,3,3.0,N,N,Y,37.64611,-84.77235,8.0,2.0,6.0,1.0,5.0,6.0,2.0,N,916,920,N,2022.0,O,0,0,0,0,0,0,1,0,0,0.0,0.0,0.0
72838455,O,Motor Vehicle,DAC,,20221206,1251.0,N,Y,13.63,0,0,2,2.0,N,N,Y,37.64548,-84.7666,5.0,2.0,4.0,1.0,5.0,3.0,2.0,N,1251,1257,N,2022.0,O,0,0,0,1,0,0,0,0,0,0.0,0.0,0.0
72838730,O,Motor Vehicle,DAC,REAR END,20221206,627.0,N,N,0.138,0,0,6,6.0,N,N,Y,37.61791,-84.77207,5.0,2.0,6.0,1.0,5.0,3.0,5.0,N,627,632,N,2022.0,O,0,0,0,1,0,0,1,1,0,0.0,0.0,0.0
72838888,O,Motor Vehicle,DAC,,20221207,1221.0,N,Y,5.522,0,0,2,2.0,N,N,Y,37.64592,-84.77401,5.0,2.0,6.0,1.0,5.0,3.0,2.0,N,1221,1225,N,2022.0,O,0,0,1,0,0,0,1,0,0,0.0,0.0,0.0
72839137,O,Motor Vehicle,Non DAC,,20221113,1854.0,N,N,0.43,0,0,2,2.0,N,N,Y,37.65216,-84.77395,2.0,2.0,6.0,1.0,1.0,2.0,5.0,N,1855,1857,N,2022.0,O,0,0,0,0,0,0,1,0,0,0.0,0.0,0.0
72839138,O,Motor Vehicle,DAC,REAR END,20221205,1645.0,N,N,0.098,0,0,2,2.0,N,N,Y,37.61727,-84.77646,5.0,2.0,6.0,1.0,5.0,3.0,2.0,N,1654,1654,N,2022.0,O,0,0,0,0,0,0,0,1,0,0.0,0.0,0.0
72839602,O,Motor Vehicle,DAC,,20221208,1529.0,N,N,13.385,0,0,2,2.0,N,N,Y,37.64602,-84.78452,5.0,2.0,6.0,1.0,5.0,6.0,2.0,N,1530,1531,N,2022.0,O,0,0,0,0,0,0,1,0,0,0.0,0.0,0.0
72840141,O,Motor Vehicle,DAC,,20221209,1708.0,N,Y,0.144,0,0,1,1.0,N,N,Y,37.62842,-84.77182,9.0,2.0,6.0,1.0,5.0,3.0,3.0,N,1708,1717,N,2022.0,O,0,0,0,1,0,0,0,0,0,0.0,0.0,0.0
72840142,O,Motor Vehicle,DAC,REAR END,20221209,1905.0,N,Y,0.41,0,0,2,2.0,Y,N,Y,37.61695,-84.78156,5.0,4.0,6.0,1.0,5.0,3.0,5.0,N,1905,1918,N,2022.0,O,0,0,0,0,0,0,0,0,0,0.0,0.0,0.0
72840183,O,Motor Vehicle,Non DAC,,20221209,2229.0,N,Y,4.166,0,0,2,2.0,N,N,Y,37.65956,-84.7936,8.0,4.0,6.0,1.0,5.0,3.0,6.0,N,2229,2238,N,2022.0,O,0,0,1,1,0,0,0,0,0,0.0,0.0,0.0
72840308,C,Motor Vehicle,Non DAC,,20221209,1325.0,N,Y,2.933,1,0,2,2.0,N,N,Y,37.64474,-84.80295,1.0,2.0,6.0,1.0,1.0,3.0,2.0,Y,1326,1329,N,2022.0,C,0,0,0,1,0,0,1,1,0,0.0,0.0,0.0
72840865,O,Motor Vehicle,Non DAC,,20221211,2127.0,N,Y,8.21,0,0,1,1.0,N,N,Y,37.67728,-84.79086,9.0,2.0,1.0,1.0,1.0,3.0,6.0,N,2130,2135,N,2022.0,O,0,0,0,0,0,0,0,0,1,0.0,0.0,0.0
72840961,O,Motor Vehicle,DAC,,20221212,835.0,N,Y,5.33,0,0,1,1.0,N,N,Y,37.64483,-84.77413,9.0,2.0,6.0,1.0,1.0,2.0,2.0,N,847,849,N,2022.0,O,0,1,0,0,0,0,1,0,0,0.0,0.0,0.0
72841036,O,Motor Vehicle,DAC,,20221212,1230.0,N,N,0.083,0,0,2,2.0,N,N,Y,37.64713,-84.77392,8.0,2.0,6.0,1.0,1.0,2.0,2.0,N,1231,1237,N,2022.0,O,0,0,0,1,0,0,1,0,0,0.0,0.0,0.0
72841047,O,Motor Vehicle,DAC,ANGLE,20221208,1405.0,N,Y,1.196,0,0,3,3.0,N,N,Y,37.62091,-84.75304,1.0,2.0,6.0,1.0,5.0,6.0,2.0,N,1406,1412,N,2022.0,O,0,0,0,0,0,0,0,0,0,0.0,0.0,0.0
72841048,O,Motor Vehicle,Non DAC,,20221208,1703.0,N,N,0.723,0,0,1,1.0,N,N,Y,37.58453,-84.77292,9.0,2.0,3.0,1.0,5.0,3.0,2.0,N,1705,1717,N,2022.0,O,0,0,1,0,0,0,0,0,0,0.0,1.0,0.0
72841079,O,Motor Vehicle,DAC,,20221208,1531.0,N,N,4.464,0,0,2,2.0,N,N,Y,37.63205,-84.77492,5.0,2.0,6.0,1.0,5.0,6.0,2.0,N,1531,1537,N,2022.0,O,0,0,0,0,0,0,1,0,0,0.0,0.0,0.0
72841091,O,Motor Vehicle,DAC,,20221212,1515.0,N,N,5.379,0,0,1,1.0,N,N,Y,37.64568,-84.77406,9.0,2.0,6.0,1.0,1.0,2.0,2.0,N,1515,1519,N,2022.0,O,0,0,0,1,0,0,0,0,0,0.0,1.0,0.0
72841125,O,Motor Vehicle,DAC,ANGLE,20221212,1409.0,N,Y,0.177,0,0,2,2.0,N,N,Y,37.61799,-84.7714,1.0,5.0,6.0,1.0,1.0,2.0,2.0,N,1409,1418,N,2022.0,O,0,0,0,1,0,0,1,0,0,0.0,0.0,0.0
72841281,O,Motor Vehicle,DAC,HEAD ON,20221212,1912.0,N,N,3.651,0,0,2,2.0,N,N,Y,37.6204,-84.77458,3.0,4.0,6.0,1.0,1.0,2.0,5.0,N,1912,1918,N,2022.0,O,0,0,1,1,0,0,1,0,0,0.0,1.0,0.0
72841431,O,Motor Vehicle,DAC,,20221213,825.0,N,N,4.208,0,0,4,4.0,N,N,Y,37.62835,-84.77477,5.0,2.0,6.0,1.0,1.0,2.0,2.0,N,826,830,N,2022.0,O,0,1,0,0,0,0,1,0,0,0.0,0.0,0.0
72841568,B,Motor Vehicle,DAC,,20221213,1124.0,N,Y,14.031,1,0,2,2.0,N,N,Y,37.64303,-84.76488,1.0,2.0,6.0,1.0,1.0,2.0,2.0,Y,1126,1129,N,2022.0,B,0,1,0,1,0,0,1,1,0,0.0,0.0,0.0
72841569,O,Motor Vehicle,DAC,,20221212,1217.0,N,N,3.741,0,0,2,2.0,N,N,Y,37.62166,-84.77462,1.0,2.0,6.0,1.0,1.0,2.0,2.0,N,1218,1224,N,2022.0,O,0,0,0,1,0,0,1,1,0,0.0,0.0,0.0
72841705,O,Motor Vehicle,Non DAC,,20221213,2008.0,N,N,1.019,0,0,1,1.0,N,N,Y,37.66019,-84.76885,9.0,2.0,3.0,1.0,1.0,2.0,6.0,N,2009,2016,N,2022.0,O,0,0,0,0,0,0,0,0,0,0.0,1.0,0.0
72841756,C,Motor Vehicle,Non DAC,,20221211,2150.0,N,Y,15.532,1,0,2,2.0,N,N,Y,37.66439,-84.74297,1.0,10.0,6.0,1.0,1.0,2.0,7.0,Y,2050,2050,N,2022.0,C,0,0,1,0,0,0,0,1,0,0.0,0.0,0.0
72841879,K,Motor Vehicle,Non DAC,,20221213,1022.0,N,N,11.722,0,1,1,1.0,N,N,Y,37.62671,-84.807,9.0,2.0,6.0,1.0,1.0,3.0,2.0,Y,1022,1028,N,2022.0,K,0,0,1,0,0,0,0,0,0,0.0,1.0,0.0
72841994,O,Motor Vehicle,DAC,,20221209,958.0,N,N,14.425,0,0,2,2.0,N,N,Y,37.63856,-84.76043,5.0,2.0,4.0,1.0,5.0,2.0,2.0,N,1000,1000,N,2022.0,O,0,0,0,0,0,0,1,0,0,0.0,0.0,0.0
72841995,O,Motor Vehicle,DAC,ANGLE,20221214,928.0,N,N,0.457,0,0,2,2.0,N,N,Y,37.61695,-84.78576,1.0,2.0,6.0,1.0,5.0,3.0,2.0,N,930,936,N,2022.0,O,0,0,0,1,0,0,1,1,0,0.0,0.0,0.0
72841996,O,Motor Vehicle,DAC,ANGLE,20221214,1039.0,N,N,0.235,0,0,2,2.0,N,N,Y,37.61722,-84.78171,1.0,2.0,6.0,1.0,5.0,3.0,2.0,N,1040,1050,N,2022.0,O,0,0,0,0,0,0,1,1,0,0.0,0.0,0.0
72842026,O,Motor Vehicle,DAC,,20221214,1216.0,N,N,4.777,0,0,2,2.0,Y,Y,Y,37.63641,-84.77404,1.0,2.0,6.0,1.0,5.0,3.0,2.0,N,1218,1222,N,2022.0,O,0,0,0,0,0,0,1,0,0,0.0,0.0,0.0
72842268,B,Motor Vehicle,Non DAC,,20221212,1600.0,N,N,15.379,1,0,2,2.0,N,N,Y,37.62944,-84.74786,8.0,2.0,6.0,1.0,1.0,2.0,2.0,Y,1600,1600,N,2022.0,B,0,0,0,0,0,0,1,1,0,0.0,1.0,0.0
72842338,O,Motor Vehicle,DAC,,20221205,1747.0,N,N,4.184,0,0,2,2.0,Y,N,Y,37.628,-84.77476,8.0,2.0,6.0,1.0,1.0,2.0,5.0,N,1747,1754,N,2022.0,O,0,0,0,0,0,0,0,0,0,0.0,1.0,0.0
72842453,O,Motor Vehicle,Non DAC,,20221215,727.0,N,Y,0.194,0,0,2,2.0,N,N,Y,37.65224,-84.77886,1.0,2.0,6.0,1.0,1.0,2.0,1.0,N,727,733,N,2022.0,O,0,0,0,0,0,0,1,0,0,0.0,0.0,0.0
72842470,O,Motor Vehicle,DAC,ANGLE,20221215,744.0,N,Y,1.196,0,0,2,2.0,N,N,Y,37.62073,-84.75308,1.0,2.0,6.0,1.0,5.0,2.0,2.0,N,746,758,N,2022.0,O,0,0,0,0,0,0,1,1,0,0.0,0.0,0.0
72842598,O,Motor Vehicle,Non DAC,,20221213,1515.0,N,Y,0.002,0,0,2,2.0,N,N,Y,37.65581,-84.77362,4.0,1.0,4.0,1.0,1.0,3.0,2.0,N,1517,1521,N,2022.0,O,0,0,1,0,0,0,0,0,0,0.0,0.0,0.0
72843471,O,Motor Vehicle,Non DAC,,20221201,1316.0,N,N,15.432,0,0,2,2.0,N,N,Y,37.66299,-84.74306,8.0,2.0,3.0,1.0,1.0,2.0,2.0,N,1316,1316,N,2022.0,O,0,0,0,1,0,0,1,1,0,0.0,1.0,0.0
72843472,B,Motor Vehicle,DAC,,20221206,1505.0,N,N,5.12,2,0,2,2.0,N,Y,Y,37.64203,-84.7744,5.0,2.0,4.0,1.0,5.0,3.0,2.0,N,1506,1507,N,2022.0,B,0,0,1,0,0,0,1,1,0,0.0,0.0,0.0
72843473,O,Motor Vehicle,DAC,,20221217,1207.0,N,N,0.085,0,0,2,2.0,N,N,Y,37.61859,-84.77763,1.0,2.0,6.0,1.0,1.0,3.0,2.0,N,1207,1213,N,2022.0,O,0,0,0,1,0,0,1,1,0,0.0,0.0,0.0
72843696,O,Motor Vehicle,Non DAC,,20221217,202.0,N,N,0.39,0,0,4,4.0,N,N,Y,37.65152,-84.77192,1.0,2.0,6.0,2.0,1.0,2.0,5.0,N,202,205,N,2022.0,O,0,0,1,0,0,0,0,0,1,1.0,0.0,0.0
72843918,O,Motor Vehicle,DAC,,20221218,900.0,N,N,0.11,0,0,2,2.0,N,N,Y,37.61661,-84.77232,1.0,2.0,4.0,1.0,1.0,2.0,6.0,N,1852,1856,N,2022.0,O,0,0,0,0,0,0,1,0,0,0.0,0.0,0.0
72844129,C,Motor Vehicle,Non DAC,,20221213,1527.0,N,Y,7.154,1,0,2,2.0,N,N,Y,37.66349,-84.78401,1.0,2.0,6.0,1.0,1.0,3.0,2.0,Y,1530,1532,N,2022.0,C,0,0,1,0,0,0,0,0,0,0.0,0.0,0.0
72844302,O,Motor Vehicle,DAC,SIDESWIPE-SAME DIRECTION,20221219,1445.0,N,Y,0.167,0,0,2,2.0,N,N,Y,37.61735,-84.77749,8.0,4.0,6.0,1.0,1.0,2.0,2.0,N,1439,1449,N,2022.0,O,0,0,0,0,0,0,0,1,0,0.0,0.0,0.0
72844508,O,Motor Vehicle,DAC,SIDESWIPE-SAME DIRECTION,20221219,1538.0,N,N,0.157,0,0,2,2.0,N,N,Y,37.61771,-84.77169,8.0,2.0,6.0,2.0,1.0,2.0,2.0,N,1538,1541,N,2022.0,O,0,0,0,0,0,0,1,0,0,0.0,1.0,0.0
72844678,O,Motor Vehicle,DAC,ANGLE,20221219,1538.0,N,Y,0.016,0,0,2,2.0,N,N,Y,37.61721,-84.78179,1.0,2.0,6.0,1.0,1.0,2.0,2.0,N,1540,1550,N,2022.0,O,0,0,0,1,0,0,1,0,0,0.0,0.0,0.0
72844880,O,Motor Vehicle,Non DAC,,20221220,2145.0,N,N,0.18,0,0,2,2.0,N,N,Y,37.65345,-84.76478,8.0,2.0,6.0,1.0,1.0,2.0,7.0,N,2145,2150,N,2022.0,O,0,0,0,0,0,0,0,0,0,0.0,1.0,0.0
72845274,O,Motor Vehicle,DAC,,20221221,1840.0,N,N,13.646,0,0,2,2.0,Y,N,Y,37.64571,-84.76657,7.0,2.0,6.0,1.0,1.0,2.0,5.0,N,1840,1840,N,2022.0,O,0,0,0,1,0,0,1,0,0,0.0,1.0,0.0
72845308,O,Motor Vehicle,Non DAC,,20221221,1940.0,N,Y,3.08,0,0,2,2.0,N,N,Y,37.66439,-84.74294,1.0,3.0,6.0,1.0,1.0,2.0,5.0,N,1745,1751,N,2022.0,O,0,0,0,0,0,0,1,0,0,0.0,0.0,0.0
72845331,O,Motor Vehicle,DAC,,20221221,1800.0,N,Y,5.519,0,0,2,2.0,N,N,Y,37.64594,-84.7741,5.0,2.0,6.0,1.0,1.0,2.0,5.0,N,1804,1814,N,2022.0,O,0,0,0,0,0,0,1,0,1,0.0,0.0,0.0
72845524,C,Motor Vehicle,DAC,ANGLE,20221221,1334.0,N,Y,0.619,1,0,2,2.0,N,N,Y,37.61661,-84.7857,1.0,4.0,4.0,1.0,1.0,2.0,2.0,Y,1324,1330,N,2022.0,C,0,0,0,1,0,0,0,1,0,0.0,0.0,0.0
72845541,O,Motor Vehicle,Non DAC,,20221221,1120.0,N,Y,1.233,0,0,2,2.0,N,N,Y,37.6213,-84.79414,5.0,4.0,1.0,1.0,1.0,2.0,2.0,N,1120,1129,N,2022.0,O,0,0,0,1,0,0,0,0,0,0.0,0.0,0.0
72845635,O,Motor Vehicle,DAC,,20221222,945.0,N,Y,5.253,0,0,2,2.0,N,Y,Y,37.64372,-84.77425,8.0,2.0,6.0,1.0,1.0,3.0,2.0,N,945,949,N,2022.0,O,0,0,0,0,0,0,0,0,0,0.0,0.0,0.0
72846075,O,Motor Vehicle,Non DAC,,20221223,1250.0,N,N,3.744,0,0,2,2.0,N,N,Y,37.65536,-84.79913,8.0,2.0,6.0,1.0,4.0,2.0,2.0,N,1250,1255,N,2022.0,O,0,0,0,0,0,0,0,0,0,0.0,1.0,0.0
72846357,O,Motor Vehicle,Non DAC,,20221223,2114.0,N,Y,12.262,0,0,2,2.0,N,N,Y,37.62897,-84.79763,1.0,2.0,6.0,1.0,2.0,3.0,5.0,N,2114,2116,N,2022.0,O,0,0,0,0,0,0,0,0,1,0.0,0.0,0.0
72847046,O,Motor Vehicle,DAC,ANGLE,20221215,2043.0,N,Y,3.44,0,0,2,2.0,N,N,Y,37.61744,-84.77448,1.0,2.0,6.0,1.0,1.0,2.0,5.0,N,2045,2053,N,2022.0,O,0,0,0,1,0,0,1,0,0,0.0,0.0,0.0
72847111,O,Motor Vehicle,DAC,,20221221,1421.0,N,N,0.058,0,0,2,2.0,N,N,Y,37.62966,-84.77588,1.0,2.0,6.0,1.0,1.0,2.0,2.0,N,1421,1426,N,2022.0,O,0,0,0,1,0,0,1,1,0,0.0,0.0,0.0
72847256,O,Motor Vehicle,DAC,REAR END,20221226,1403.0,N,Y,3.468,0,0,2,2.0,N,N,Y,37.6177,-84.77464,5.0,2.0,6.0,1.0,5.0,3.0,2.0,N,1404,1411,N,2022.0,O,0,0,0,1,0,0,1,0,0,1.0,0.0,0.0
72847811,O,Motor Vehicle,DAC,,20221228,1114.0,N,Y,0.002,0,0,2,2.0,N,N,Y,37.64566,-84.76986,5.0,2.0,4.0,1.0,5.0,2.0,2.0,N,1114,1114,N,2022.0,O,0,0,0,1,0,0,1,1,0,0.0,0.0,0.0