MasterFile,KABCO_Mod,Mode,Disadvantaged Com ID,MannerofCollision_Real,CollisionDate,CollisionTime,ParkingLotIndicator,IntersectionWith_Indicator_,Milepoint,NumberInjured,NumberKilled,ofUnits,ofMotorVeh,Hit&RunIndicator,OneWayIndicator,InCityLimitsIndicator,Latitude,Longitude,MannerofCollisionCode,TotalLanes,RoadwayCharacterCode,RoadwaySurfaceCode,RoadwayConditionCode,WeatherCode,LightConditionCode,FirstAidSceneIndicator,TimeNotified,TimeArrived,MedianCros,YR,KABCO,Motorcyclist,CommercialVehicle,YoungDriver,MatureDriver,Pedestrian,Bicyclist,Distracted,agressive,Impaired,Unrestrain,RoadwayDep,MedXover
72847991,O,Motor Vehicle,DAC,,20221228,1713.0,N,N,13.641,0,0,2,2.0,N,N,Y,37.64564,-84.76658,8.0,2.0,2.0,1.0,2.0,2.0,2.0,N,1713,1715,N,2022.0,O,0,0,0,0,0,0,0,0,0,0.0,0.0,0.0
72848121,A,Motor Vehicle,DAC,,20221229,200.0,N,N,4.73,1,0,1,1.0,N,N,Y,37.63587,-84.77462,9.0,2.0,4.0,1.0,1.0,2.0,5.0,Y,201,202,N,2022.0,A,0,0,0,0,0,0,0,0,1,0.0,1.0,0.0
72848297,O,Motor Vehicle,DAC,,20221229,1356.0,N,N,4.486,0,0,3,3.0,N,N,Y,37.63238,-84.77501,6.0,4.0,6.0,1.0,1.0,3.0,2.0,N,1356,1400,N,2022.0,O,0,0,0,0,0,0,1,0,0,0.0,0.0,0.0
72848607,O,Motor Vehicle,Non DAC,,20221230,907.0,N,N,0.855,0,0,1,1.0,N,N,Y,37.65842,-84.77068,9.0,2.0,1.0,1.0,1.0,2.0,2.0,N,907,913,N,2022.0,O,0,0,0,0,0,0,0,0,0,0.0,0.0,0.0
72849154,O,Motor Vehicle,DAC,ANGLE,20221231,1547.0,N,Y,0.638,0,0,2,2.0,N,N,Y,37.61969,-84.76323,1.0,4.0,6.0,1.0,5.0,3.0,2.0,N,1547,1555,N,2022.0,O,0,0,0,1,0,0,1,0,0,0.0,0.0,0.0
72850496,O,Motor Vehicle,DAC,SIDESWIPE-SAME DIRECTION,20220104,1255.0,N,Y,0.721,0,0,2,2.0,N,N,Y,37.62009,-84.76176,8.0,3.0,6.0,1.0,1.0,2.0,2.0,N,1257,1303,N,2022.0,O,0,0,0,1,0,0,1,0,0,0.0,0.0,0.0
72849437,,,,,20230101,2050.0,N,Y,15.538,0,0,2,,N,N,Y,37.66441,-84.74297,8.0,2.0,3.0,1.0,5.0,10.0,5.0,N,2050,2058,,,O,0,0,0,0,0,0,0,1,0,,,
72849591,,,,,20230102,1213.0,N,N,0.27,0,0,2,,N,N,Y,37.64458,-84.78281,1.0,2.0,6.0,1.0,1.0,3.0,2.0,N,1216,1220,,,O,0,0,1,0,0,0,1,0,0,,,
72849630,,,,,20230101,1134.0,N,N,3.438,0,0,2,,N,N,Y,37.6174,-84.77445,5.0,2.0,6.0,1.0,1.0,2.0,2.0,N,1136,1144,,,O,0,0,1,0,0,0,1,1,0,,,
72849801,,,,,20230103,810.0,N,Y,3.195,0,0,2,,N,N,Y,37.64856,-84.80295,5.0,8.0,6.0,1.0,5.0,6.0,2.0,N,810,815,,,O,0,0,0,0,0,0,1,0,0,,,
72850241,,,,,20230103,2130.0,N,Y,1.233,1,0,2,,N,N,Y,37.62126,-84.79437,1.0,4.0,6.0,1.0,5.0,3.0,5.0,Y,2131,2135,,,B,0,0,1,1,0,0,0,1,0,,,
72850316,,,,,20230104,735.0,N,N,12.488,1,0,2,,N,N,Y,37.64843,-84.8,9.0,3.0,6.0,1.0,5.0,6.0,1.0,Y,737,739,,,B,0,0,0,0,1,0,1,1,0,,,
72850511,,,,,20230103,1049.0,N,N,0.133,0,0,2,,N,N,Y,37.64695,-84.77067,8.0,2.0,6.0,1.0,5.0,6.0,2.0,N,1049,1051,,,O,0,0,0,0,0,0,1,1,0,,,
72850512,,,,,20230104,1115.0,N,Y,4.213,0,0,2,,N,N,Y,37.62842,-84.77478,8.0,4.0,6.0,1.0,1.0,2.0,2.0,N,1117,1126,,,O,0,0,0,1,0,0,1,1,0,,,
72850830,,,,,20230104,1523.0,N,N,12.576,0,0,2,,N,N,Y,37.64823,-84.79838,8.0,2.0,6.0,1.0,1.0,2.0,2.0,N,1523,1530,,,O,0,0,1,0,0,0,1,1,0,,,
72850856,,,,,20230105,853.0,N,N,5.262,0,0,2,,N,N,Y,37.64365,-84.77266,8.0,2.0,6.0,1.0,1.0,2.0,2.0,N,853,853,,,O,0,0,0,0,0,0,0,0,0,,,
72850976,,,,,20230105,737.0,N,N,3.325,0,0,1,,N,N,Y,37.6157,-84.77441,9.0,4.0,6.0,1.0,1.0,2.0,1.0,N,737,737,,,O,1,0,0,0,0,0,0,1,0,,,
72850977,,,,,20230105,1102.0,N,N,3.615,0,0,2,,N,N,Y,37.61985,-84.77462,1.0,5.0,6.0,1.0,1.0,2.0,2.0,N,1103,1113,,,O,0,0,0,1,0,0,1,0,0,,,
72850978,,,,,20230105,1226.0,N,N,3.254,0,0,2,,N,N,Y,37.61467,-84.77448,5.0,5.0,6.0,1.0,1.0,2.0,2.0,N,1227,1232,,,O,0,0,0,0,0,0,1,0,0,,,
72850981,,,,,20230104,1817.0,N,N,1.684,0,0,1,,N,N,Y,37.6274,-84.79688,9.0,2.0,6.0,1.0,1.0,2.0,4.0,N,1817,1824,,,O,0,0,0,0,0,0,0,0,0,,,
72851098,,,,,20230105,2018.0,N,Y,3.199,0,0,2,,N,N,Y,37.64859,-84.80296,8.0,20.0,6.0,1.0,1.0,2.0,7.0,N,2018,2021,,,O,0,0,0,1,0,0,1,1,0,,,
72851166,,,,,20230105,2209.0,N,Y,5.331,0,0,2,,N,N,Y,37.64481,-84.77415,3.0,2.0,6.0,1.0,1.0,2.0,5.0,N,2209,2209,,,O,0,0,1,0,0,0,1,1,0,,,
72851323,,,,,20230106,1414.0,N,N,5.19,0,0,2,,N,Y,Y,37.64303,-84.77433,8.0,2.0,4.0,1.0,1.0,2.0,2.0,N,1415,1415,,,O,0,0,0,1,0,0,1,0,0,,,
72851442,,,,,20230104,2344.0,N,Y,3.375,0,0,1,,N,N,Y,37.61642,-84.77442,9.0,4.0,6.0,1.0,1.0,2.0,5.0,N,2345,2353,,,O,0,0,0,0,0,0,0,0,1,,,
72851857,,,,,20230108,108.0,N,Y,3.196,0,0,2,,N,N,Y,37.64855,-84.80296,1.0,4.0,6.0,1.0,1.0,2.0,5.0,N,111,127,,,O,0,1,1,0,0,0,0,1,0,,,
72852048,,,,,20230107,2.0,N,N,1.606,0,0,1,,N,N,Y,37.62629,-84.79669,9.0,4.0,6.0,1.0,1.0,2.0,6.0,N,4,8,,,O,0,0,0,0,0,0,0,0,0,,,
72852366,,,,,20230109,1650.0,N,N,3.707,0,0,3,,N,N,Y,37.62118,-84.7746,5.0,2.0,6.0,1.0,1.0,2.0,2.0,N,1651,1657,,,O,0,0,0,0,0,0,1,0,0,,,
72852520,,,,,20230110,101.0,N,N,0.31,0,0,2,,N,N,Y,37.57578,-84.79166,1.0,4.0,6.0,1.0,1.0,2.0,2.0,N,1018,1020,,,O,0,0,0,1,0,0,0,1,0,,,
72852833,,,,,20230110,2136.0,N,Y,3.479,5,0,3,,N,N,Y,37.61792,-84.77464,5.0,4.0,6.0,1.0,1.0,2.0,5.0,Y,2136,2140,,,B,0,0,0,0,0,0,1,0,1,,,
72853110,,,,,20230111,1805.0,N,N,0.004,0,0,2,,N,N,Y,37.65854,-84.76938,2.0,1.0,6.0,1.0,1.0,3.0,6.0,N,1805,1816,,,O,0,0,0,0,0,0,1,0,0,,,
72853113,,,,,20230108,100.0,N,N,0.232,0,0,2,,N,N,Y,37.61903,-84.78193,2.0,2.0,6.0,1.0,1.0,2.0,6.0,N,104,108,,,O,0,0,0,0,0,0,1,0,0,,,
72853124,,,,,20230111,2247.0,N,N,4.941,0,0,2,,N,N,Y,37.63873,-84.77316,1.0,2.0,6.0,1.0,1.0,2.0,5.0,Y,2248,2253,,,O,0,0,0,0,0,0,1,1,0,,,
72853196,,,,,20230112,735.0,N,Y,0.216,0,0,2,,N,N,Y,37.64904,-84.77376,7.0,2.0,6.0,1.0,5.0,3.0,1.0,N,735,747,,,O,0,0,0,0,0,0,0,0,0,,,
72853310,,,,,20230111,1329.0,N,Y,5.252,0,0,2,,N,Y,Y,37.64371,-84.77425,1.0,2.0,4.0,1.0,1.0,3.0,2.0,N,1330,1334,,,O,0,0,0,0,0,0,0,0,0,,,
72853441,,,,,20230112,1603.0,N,Y,3.777,0,0,2,,N,N,Y,37.62229,-84.77465,1.0,2.0,6.0,1.0,5.0,6.0,3.0,N,1603,1607,,,O,0,0,0,0,0,0,1,1,0,,,
72853620,,,,,20230103,1404.0,N,Y,3.255,0,0,3,,N,N,Y,37.61467,-84.77448,1.0,2.0,6.0,1.0,5.0,6.0,2.0,N,1405,1409,,,O,0,0,0,1,0,0,1,1,0,,,
72853621,,,,,20230108,1613.0,N,Y,0.837,1,0,1,,N,N,Y,37.6171,-84.7896,9.0,2.0,3.0,1.0,1.0,3.0,2.0,Y,1603,1614,,,C,0,0,0,0,0,0,0,0,0,,,
72853711,,,,,20230112,1547.0,N,Y,4.615,0,0,2,,N,N,Y,37.66585,-84.79214,5.0,2.0,6.0,1.0,5.0,6.0,2.0,N,1550,1555,,,O,0,0,0,0,0,0,1,0,1,,,
72853725,,,,,20230113,1012.0,N,Y,5.194,0,0,2,,N,Y,Y,37.64294,-84.77431,8.0,2.0,6.0,1.0,5.0,3.0,2.0,N,1014,1020,,,O,0,0,0,0,0,0,1,1,0,,,
72854503,,,,,20230115,1542.0,N,Y,5.251,0,0,1,,N,Y,Y,37.6437,-84.77425,9.0,2.0,6.0,1.0,1.0,2.0,2.0,N,1544,1550,,,O,0,0,0,0,0,0,0,0,0,,,
72854894,,,,,20230116,1653.0,N,N,15.585,0,0,2,,N,N,Y,37.66479,-84.74208,5.0,3.0,6.0,1.0,5.0,6.0,2.0,N,1653,1700,,,O,0,0,0,0,0,0,0,0,0,,,
72855173,,,,,20230117,1600.0,N,Y,3.99,0,0,2,,N,N,Y,37.62596,-84.77477,5.0,4.0,6.0,1.0,1.0,2.0,2.0,N,1500,1530,,,O,0,0,0,0,0,0,0,0,0,,,
72855255,,,,,20230117,1533.0,N,Y,13.911,0,0,2,,N,N,Y,37.64856,-84.76384,1.0,2.0,6.0,1.0,1.0,2.0,2.0,N,1533,1533,,,O,0,0,0,0,0,0,0,0,0,,,
72855796,,,,,20230119,206.0,N,N,0.52,0,0,1,,Y,N,Y,37.64973,-84.74742,9.0,2.0,6.0,1.0,5.0,2.0,7.0,N,208,211,,,O,0,0,1,0,0,0,1,0,0,,,
72855812,,,,,20230119,700.0,N,N,1.458,0,0,2,,N,N,Y,37.67741,-84.76414,8.0,2.0,3.0,1.0,5.0,3.0,5.0,N,700,704,,,O,0,0,0,0,0,0,0,1,0,,,
72855900,,,,,20230119,836.0,N,N,5.157,0,0,2,,N,Y,Y,37.64202,-84.77281,1.0,2.0,6.0,1.0,5.0,2.0,2.0,N,837,843,,,O,0,0,0,1,0,0,0,0,0,,,
72855917,,,,,20230119,755.0,N,N,5.195,1,0,2,,N,N,Y,37.6426,-84.77277,1.0,2.0,6.0,1.0,5.0,3.0,2.0,Y,756,756,,,B,0,0,0,0,0,0,1,1,0,,,
72856058,,,,,20230119,1533.0,N,Y,0.236,0,0,2,,Y,N,Y,37.61718,-84.78176,1.0,9.0,6.0,1.0,1.0,7.0,2.0,N,1533,1604,,,O,0,0,0,0,0,0,0,0,1,,,
72856395,,,,,20230115,1507.0,N,Y,0.058,0,0,2,,N,N,Y,37.62259,-84.76885,2.0,4.0,4.0,1.0,1.0,2.0,2.0,N,1507,1508,,,O,0,0,0,0,0,0,1,1,0,,,
72856521,,,,,20230119,1930.0,N,N,13.596,0,0,2,,N,N,Y,37.64571,-84.7709,5.0,4.0,6.0,1.0,1.0,2.0,5.0,N,1930,1932,,,O,0,0,0,0,0,0,1,0,0,,,
72856527,,,,,20230119,1542.0,N,Y,1.8,0,0,2,,Y,N,Y,37.62895,-84.79762,8.0,4.0,6.0,1.0,1.0,2.0,2.0,N,1542,1549,,,O,0,0,0,0,0,0,0,1,1,,,
72856528,,,,,20230120,1508.0,N,N,0.048,0,0,2,,N,N,Y,37.61805,-84.77761,1.0,4.0,6.0,1.0,1.0,3.0,2.0,N,1508,1515,,,O,0,0,0,0,0,0,1,0,0,,,
72856638,,,,,20230120,1726.0,N,Y,5.404,0,0,2,,N,N,Y,37.64582,-84.77246,8.0,3.0,6.0,1.0,1.0,2.0,2.0,N,1726,1734,,,O,0,0,0,0,0,0,1,1,0,,,
72857030,,,,,20230122,1528.0,N,N,5.192,0,0,2,,N,N,Y,37.64297,-84.77435,8.0,2.0,4.0,1.0,5.0,2.0,2.0,N,1528,1532,,,O,0,0,0,1,0,0,0,0,0,,,
72857700,,,,,20230124,1556.0,N,N,3.176,0,0,2,,N,N,Y,37.64828,-84.80322,8.0,20.0,6.0,1.0,1.0,2.0,2.0,N,1556,1557,,,O,0,0,1,1,0,0,0,0,0,,,
72858047,,,,,20230125,1231.0,N,N,5.104,0,0,2,,N,N,Y,37.64167,-84.77444,1.0,2.0,4.0,1.0,1.0,3.0,2.0,N,1231,1249,,,O,0,0,1,0,0,0,1,0,0,,,
72858428,,,,,20230126,1315.0,N,Y,5.524,0,0,2,,Y,N,Y,37.64592,-84.77403,8.0,1.0,6.0,1.0,5.0,3.0,2.0,N,1319,1319,,,O,0,0,1,0,0,0,0,1,0,,,
72858463,,,,,20230123,1714.0,N,Y,0.314,0,0,2,,N,N,Y,37.61836,-84.76896,5.0,2.0,6.0,1.0,1.0,2.0,2.0,N,1716,1725,,,O,0,0,0,0,0,0,0,1,0,,,
72858570,,,,,20230126,1414.0,N,N,0.198,0,0,2,,N,N,Y,37.64356,-84.78265,2.0,2.0,6.0,1.0,1.0,3.0,2.0,N,1414,1418,,,O,0,0,0,0,0,0,1,0,0,,,
72858588,,,,,20230115,800.0,N,N,0.305,0,0,2,,N,N,Y,37.57576,-84.79157,1.0,2.0,6.0,1.0,1.0,2.0,7.0,N,2000,2004,,,O,0,0,1,0,0,0,1,0,0,,,
72859012,,,,,20230127,1644.0,N,Y,5.507,0,0,2,,N,N,Y,37.64598,-84.77433,5.0,2.0,6.0,1.0,1.0,2.0,2.0,N,1646,1648,,,O,0,0,0,1,0,0,1,0,0,,,
72859686,,,,,20230130,715.0,N,Y,5.512,0,0,2,,N,N,Y,37.58477,-84.79066,1.0,2.0,6.0,1.0,5.0,10.0,1.0,N,721,721,,,O,0,0,0,0,0,0,0,0,0,,,
72859903,,,,,20230130,736.0,N,Y,5.196,2,0,2,,N,N,Y,37.64289,-84.77432,1.0,2.0,6.0,1.0,5.0,3.0,2.0,Y,733,734,,,B,0,0,0,0,0,0,1,1,0,,,
72859904,,,,,20230130,1021.0,N,Y,5.25,0,0,2,,N,N,Y,37.64374,-84.77427,8.0,2.0,6.0,1.0,5.0,3.0,2.0,N,1011,1021,,,O,0,1,0,0,0,0,0,0,0,,,
72859945,,,,,20230130,1606.0,N,Y,1.196,2,0,2,,N,N,Y,37.62091,-84.75306,4.0,4.0,6.0,1.0,5.0,6.0,2.0,Y,1607,1612,,,A,0,0,0,1,0,0,1,1,0,,,
72860454,,,,,20230131,2237.0,N,N,0.016,0,0,1,,N,N,Y,37.59217,-84.77444,9.0,2.0,6.0,1.0,4.0,8.0,5.0,N,2239,2249,,,O,0,0,0,0,0,0,0,0,0,,,
72861133,,,,,20230202,1356.0,N,Y,0.401,0,0,2,,N,N,Y,37.61697,-84.78175,5.0,4.0,6.0,1.0,1.0,3.0,2.0,N,1357,1358,,,O,0,0,0,1,0,0,0,0,0,,,
72861207,,,,,20230202,1409.0,N,N,4.152,0,0,2,,N,N,Y,37.62754,-84.77477,5.0,4.0,6.0,1.0,1.0,2.0,2.0,N,1409,1415,,,O,0,0,0,0,0,0,1,0,0,,,
72861223,,,,,20230201,1649.0,N,N,5.823,0,0,2,,N,N,Y,37.64625,-84.7795,5.0,2.0,6.0,1.0,1.0,2.0,2.0,N,1649,1658,,,O,0,0,0,0,0,0,0,0,0,,,
72861982,,,,,20230204,2242.0,N,Y,3.441,0,0,3,,N,N,Y,37.61744,-84.77445,5.0,7.0,6.0,1.0,1.0,2.0,5.0,N,2245,2246,,,O,0,0,1,1,0,0,1,0,0,,,
72862075,,,,,20230205,1234.0,N,Y,0.001,0,0,2,,N,N,Y,37.63221,-84.75161,5.0,2.0,4.0,1.0,1.0,3.0,2.0,N,1243,1245,,,O,0,0,1,0,0,0,1,0,0,,,
72862218,,,,,20230202,1732.0,N,Y,0.168,0,0,2,,N,N,Y,37.61716,-84.77752,1.0,4.0,6.0,1.0,1.0,2.0,2.0,N,1732,1738,,,O,0,0,0,0,0,0,1,0,0,,,
72862617,,,,,20230206,1848.0,N,Y,3.375,0,0,3,,N,N,Y,37.61642,-84.77441,4.0,5.0,6.0,1.0,1.0,2.0,6.0,N,1848,1851,,,O,0,0,0,1,0,0,0,1,0,,,
72862756,,,,,20230206,810.0,N,N,0.01,0,0,1,,N,N,Y,37.62037,-84.7744,9.0,2.0,6.0,1.0,1.0,2.0,2.0,N,812,819,,,O,0,0,1,0,0,0,0,0,0,,,
72862830,,,,,20230207,907.0,N,N,4.743,0,0,2,,N,Y,Y,37.63627,-84.77496,8.0,2.0,4.0,1.0,1.0,3.0,2.0,N,907,908,,,O,0,0,0,0,0,0,0,0,0,,,
72863039,,,,,20230208,800.0,N,N,11.961,0,0,2,,N,N,Y,37.64837,-84.80978,5.0,2.0,6.0,1.0,1.0,3.0,2.0,N,800,804,,,O,0,0,0,0,0,0,1,0,0,,,
72863189,,,,,20230208,1029.0,N,Y,0.02,0,0,2,,N,N,Y,37.61741,-84.77486,5.0,4.0,6.0,1.0,1.0,3.0,2.0,N,1029,1035,,,O,0,0,0,1,0,0,0,0,0,,,
72863569,,,,,20230209,844.0,N,N,6.841,0,0,3,,N,N,Y,37.65886,-84.78368,4.0,2.0,6.0,1.0,1.0,2.0,2.0,N,845,851,,,O,0,0,0,0,0,0,0,0,0,,,
72863868,,,,,20230209,820.0,N,N,0.308,0,0,3,,N,N,Y,37.64859,-84.76614,5.0,2.0,6.0,1.0,1.0,3.0,2.0,N,820,820,,,O,0,0,0,0,0,0,1,1,0,,,
72863949,,,,,20230210,1630.0,N,Y,0.106,0,0,2,,N,N,Y,37.64745,-84.77391,1.0,8.0,6.0,1.0,1.0,2.0,2.0,N,1630,1637,,,O,0,0,0,1,0,0,1,1,0,,,
72864283,,,,,20230211,1833.0,N,N,5.888,0,0,2,,N,N,Y,37.64633,-84.78069,1.0,2.0,6.0,1.0,1.0,2.0,5.0,N,1833,1835,,,O,0,0,0,0,0,0,1,0,0,,,
72864737,,,,,20230212,958.0,N,Y,5.522,0,0,2,,N,N,Y,37.64594,-84.77402,1.0,2.0,6.0,1.0,1.0,3.0,2.0,N,959,959,,,O,0,0,0,0,0,0,1,0,0,,,
72864841,,,,,20230209,1318.0,N,Y,3.746,1,0,2,,N,N,Y,37.65551,-84.79927,1.0,4.0,6.0,1.0,1.0,2.0,2.0,Y,1319,1325,,,C,0,0,0,1,0,0,1,1,0,,,
72864943,,,,,20230213,1354.0,N,N,1.311,0,0,3,,N,N,Y,37.62238,-84.79463,1.0,4.0,6.0,1.0,1.0,2.0,2.0,N,1354,1358,,,O,0,0,1,0,0,0,1,0,0,,,
72865125,,,,,20230210,935.0,N,N,0.178,0,0,2,,N,N,Y,37.64629,-84.77077,2.0,2.0,6.0,1.0,1.0,2.0,2.0,N,935,940,,,O,0,0,0,0,0,0,0,0,0,,,
72865363,,,,,20230214,2118.0,N,N,0.198,0,0,2,,Y,N,Y,37.64354,-84.78263,8.0,2.0,6.0,1.0,1.0,3.0,5.0,N,2118,2122,,,O,0,0,1,0,0,0,0,1,0,,,
72865447,,,,,20230213,1553.0,N,N,4.243,0,0,2,,N,N,Y,37.65042,-84.94959,5.0,2.0,6.0,1.0,1.0,2.0,2.0,N,1557,1631,,,O,0,0,0,0,0,0,1,0,0,,,
72865558,,,,,20230214,1517.0,N,Y,0.077,0,0,2,,N,N,Y,37.64458,-84.77094,1.0,2.0,6.0,1.0,1.0,2.0,2.0,N,1519,1521,,,O,0,0,0,0,0,0,1,1,0,,,
72865828,,,,,20230215,1607.0,N,N,15.663,0,0,2,,N,N,Y,37.58792,-84.7975,7.0,2.0,6.0,1.0,1.0,2.0,2.0,N,1607,1610,,,O,1,0,0,0,0,0,1,0,0,,,
72865883,,,,,20230202,1429.0,N,N,12.802,0,0,2,,N,N,Y,37.64786,-84.79426,5.0,2.0,6.0,1.0,1.0,2.0,2.0,N,1437,1437,,,O,0,0,0,1,0,0,0,1,0,,,
72866029,,,,,20230213,1607.0,N,Y,3.514,0,0,2,,N,N,Y,37.61853,-84.7746,1.0,2.0,6.0,1.0,1.0,2.0,2.0,N,1609,1616,,,O,0,0,0,0,0,0,1,1,0,,,
72866448,,,,,20230216,730.0,N,Y,4.913,1,0,3,,N,Y,Y,37.63882,-84.7747,1.0,2.0,4.0,1.0,5.0,6.0,2.0,Y,730,734,,,C,0,1,1,1,0,0,0,1,0,,,
72866575,,,,,20230216,1453.0,N,Y,2.577,0,0,1,,N,N,Y,37.63957,-84.80248,9.0,2.0,6.0,1.0,5.0,6.0,2.0,N,1453,1453,,,O,0,0,0,0,0,0,0,1,0,,,
72866657,,,,,20230217,1325.0,N,Y,5.403,0,0,2,,N,N,Y,37.64582,-84.77242,5.0,2.0,6.0,1.0,1.0,3.0,2.0,N,1325,1329,,,O,0,0,0,0,0,0,1,0,0,,,
72866988,,,,,20230217,1848.0,N,Y,0.082,0,0,2,,N,N,Y,37.61674,-84.77077,1.0,2.0,6.0,1.0,1.0,2.0,6.0,N,1848,1856,,,O,0,0,0,0,0,0,1,1,0,,,
72867071,,,,,20230219,1914.0,N,N,0.567,1,0,4,,N,N,Y,37.64454,-84.77043,5.0,2.0,6.0,1.0,1.0,2.0,3.0,Y,1916,1918,,,A,0,0,0,0,0,0,0,0,0,,,
72867074,,,,,20230219,2110.0,N,N,1.157,0,0,1,,N,N,Y,37.66199,-84.76807,9.0,2.0,3.0,1.0,1.0,2.0,5.0,N,2111,2115,,,O,0,0,0,0,0,0,0,0,0,,,
72867581,,,,,20230221,1317.0,N,Y,8.079,0,0,2,,Y,N,Y,37.67523,-84.79075,5.0,2.0,1.0,1.0,1.0,2.0,2.0,N,1320,1327,,,O,0,0,0,0,0,0,0,0,0,,,
72867587,,,,,20230219,2034.0,N,N,0.114,0,0,2,,N,N,Y,37.61658,-84.77239,1.0,2.0,4.0,1.0,1.0,2.0,4.0,N,2034,2039,,,O,0,0,0,1,0,0,1,1,0,,,
72867734,,,,,20230221,1529.0,N,Y,0.001,0,0,2,,N,N,Y,37.61764,-84.77443,5.0,4.0,6.0,1.0,1.0,2.0,2.0,N,1534,1545,,,O,0,0,0,0,0,0,1,0,0,,,
72867863,,,,,20230215,1351.0,N,Y,0.235,0,0,2,,Y,N,Y,37.64278,-84.77911,8.0,2.0,6.0,1.0,1.0,2.0,2.0,N,1354,1400,,,,0,0,0,0,0,0,1,0,0,,,
72867864,,,,,20230216,657.0,N,Y,0.602,0,0,2,,N,N,Y,37.64459,-84.77096,1.0,2.0,6.0,1.0,5.0,6.0,5.0,N,659,700,,,O,0,0,0,0,0,0,0,0,0,,,
72868086,,,,,20230222,1711.0,N,Y,0.136,0,0,2,,N,N,Y,37.6542,-84.77287,4.0,2.0,6.0,1.0,1.0,2.0,2.0,N,1713,1718,,,O,0,0,1,0,0,0,0,1,0,,,
72868139,,,,,20230218,1655.0,N,Y,0.078,0,0,2,,N,N,Y,37.64458,-84.77095,1.0,8.0,6.0,1.0,1.0,2.0,2.0,N,1655,1655,,,O,0,0,0,0,0,0,0,0,0,,,
72868222,,,,,20230221,313.0,N,N,12.916,1,0,2,,Y,N,Y,37.63687,-84.79275,2.0,2.0,1.0,1.0,1.0,2.0,5.0,N,314,319,,,B,0,0,0,0,0,0,0,0,1,,,
72868656,,,,,20230221,1452.0,N,N,5.385,0,0,2,,N,N,Y,37.58582,-84.79286,9.0,2.0,6.0,1.0,1.0,2.0,2.0,Y,1452,1454,,,O,0,0,0,1,1,0,0,0,0,,,
72869252,,,,,20230225,1703.0,N,N,0.59,0,0,2,,Y,N,Y,37.64477,-84.75591,7.0,2.0,6.0,1.0,1.0,2.0,6.0,N,2026,2030,,,,0,0,0,0,0,0,1,0,0,,,
72869556,,,,,20230227,348.0,N,Y,5.392,0,0,1,,N,N,Y,37.64592,-84.77404,9.0,2.0,6.0,1.0,5.0,6.0,5.0,N,348,352,,,O,0,1,0,1,0,0,1,0,0,,,
72869702,,,,,20230227,843.0,N,N,0.346,0,0,2,,N,N,Y,37.6452,-84.76031,2.0,2.0,6.0,1.0,5.0,3.0,2.0,N,843,849,,,O,0,0,0,1,0,0,1,1,0,,,
72869764,,,,,20230227,1639.0,N,Y,5.248,0,0,2,,N,N,Y,37.64366,-84.77421,8.0,2.0,6.0,1.0,1.0,2.0,2.0,N,1643,1644,,,O,0,0,0,0,0,0,1,1,0,,,
72870057,,,,,20230228,1259.0,N,Y,0.619,0,0,2,,N,N,Y,37.61662,-84.78571,4.0,2.0,6.0,1.0,1.0,2.0,2.0,N,1302,1316,,,O,0,0,0,1,0,0,1,1,0,,,
72870066,,,,,20230228,758.0,N,N,13.308,3,0,3,,N,N,Y,37.6458,-84.7859,5.0,2.0,6.0,1.0,1.0,2.0,2.0,Y,758,758,,,B,0,0,0,0,0,0,1,0,1,,,
72870239,,,,,20230228,557.0,N,Y,1.232,0,0,2,,N,Y,Y,37.62124,-84.79437,4.0,4.0,4.0,1.0,1.0,2.0,6.0,N,558,603,,,O,0,0,0,0,0,0,0,0,0,,,
72870945,,,,,20230302,1750.0,N,N,0.036,0,0,2,,N,N,Y,37.64911,-84.74813,2.0,2.0,6.0,1.0,1.0,2.0,2.0,N,1748,1755,,,O,0,0,1,0,0,0,1,1,0,,,
72871400,,,,,20230302,1707.0,N,N,3.515,0,0,2,,N,N,Y,37.61852,-84.7746,1.0,5.0,6.0,1.0,1.0,2.0,2.0,N,1707,1712,,,O,0,0,0,0,0,0,1,1,0,,,
72871447,,,,,20230303,1757.0,N,N,8.69,0,0,1,,N,N,Y,37.68338,-84.79469,9.0,2.0,6.0,1.0,1.0,7.0,2.0,N,1757,1802,,,O,0,0,0,1,0,0,0,0,0,,,
72871775,,,,,20230304,1726.0,N,Y,8.211,0,0,2,,N,N,Y,37.67722,-84.79086,1.0,2.0,6.0,1.0,1.0,2.0,2.0,N,1726,1733,,,O,0,0,0,1,0,0,1,0,0,,,
72871818,,,,,20230304,2045.0,N,Y,0.006,0,0,2,,N,N,Y,37.6147,-84.77457,1.0,2.0,6.0,1.0,1.0,2.0,5.0,N,2045,2054,,,O,0,0,0,0,0,0,0,1,0,,,
72871944,,,,,20230304,1203.0,N,Y,4.889,0,0,2,,N,Y,Y,37.63851,-84.77472,8.0,2.0,6.0,1.0,1.0,2.0,2.0,N,1203,1215,,,O,0,0,1,0,0,0,1,0,0,,,
72871952,,,,,20230305,918.0,N,N,0.069,0,0,2,,N,N,Y,37.61709,-84.77496,5.0,2.0,1.0,1.0,1.0,2.0,2.0,N,941,943,,,O,0,0,0,1,0,0,1,0,0,,,
72872570,,,,,20230306,1527.0,N,Y,3.511,0,0,2,,N,N,Y,37.61839,-84.77451,1.0,2.0,6.0,1.0,1.0,2.0,2.0,N,1525,1533,,,O,0,0,0,1,0,0,1,1,0,,,