MasterFile,KABCO_Mod,Mode,Disadvantaged Com ID,MannerofCollision_Real,CollisionDate,CollisionTime,ParkingLotIndicator,IntersectionWith_Indicator_,Milepoint,NumberInjured,NumberKilled,ofUnits,ofMotorVeh,Hit&RunIndicator,OneWayIndicator,InCityLimitsIndicator,Latitude,Longitude,MannerofCollisionCode,TotalLanes,RoadwayCharacterCode,RoadwaySurfaceCode,RoadwayConditionCode,WeatherCode,LightConditionCode,FirstAidSceneIndicator,TimeNotified,TimeArrived,MedianCros,YR,KABCO,Motorcyclist,CommercialVehicle,YoungDriver,MatureDriver,Pedestrian,Bicyclist,Distracted,agressive,Impaired,Unrestrain,RoadwayDep,MedXover
72917600,,,,,20230629,1518.0,N,Y,0.177,0,0,2,,N,N,Y,37.61798,-84.7714,1.0,4.0,6.0,1.0,1.0,2.0,2.0,Y,1518,1523,,,O,0,0,0,0,0,0,0,1,0,,,
72917848,,,,,20230703,825.0,N,Y,3.741,0,0,2,,N,N,Y,37.65556,-84.79933,1.0,2.0,6.0,1.0,1.0,3.0,2.0,N,830,837,,,O,0,0,0,0,0,0,1,1,0,,,
72917849,,,,,20230703,1226.0,N,Y,4.422,0,0,2,,N,N,Y,37.63144,-84.77481,5.0,2.0,6.0,1.0,1.0,3.0,2.0,N,1226,1227,,,O,0,0,1,0,0,0,1,0,0,,,
72917854,,,,,20230703,1202.0,N,Y,3.895,0,0,2,,N,N,Y,37.62388,-84.77469,9.0,2.0,6.0,1.0,1.0,3.0,2.0,N,1202,1206,,,O,1,0,0,0,1,0,0,0,0,,,
72917901,,,,,20230703,1412.0,N,N,0.235,0,0,2,,N,N,Y,37.64484,-84.77522,5.0,2.0,6.0,1.0,1.0,3.0,2.0,N,1414,1420,,,O,0,0,0,0,0,0,1,0,0,,,
72917920,,,,,20230703,1210.0,N,N,10.483,0,0,2,,N,N,Y,37.61933,-84.82716,1.0,2.0,4.0,1.0,1.0,2.0,2.0,N,1157,1210,,,O,0,0,0,0,0,0,0,1,0,,,
72917943,,,,,20230703,1435.0,N,Y,5.156,0,0,2,,N,Y,Y,37.64287,-84.77436,1.0,2.0,6.0,1.0,1.0,2.0,2.0,N,1435,1437,,,O,0,0,1,0,0,0,0,1,0,,,
72917968,,,,,20230703,1053.0,N,N,5.197,0,0,2,,N,Y,Y,37.64289,-84.77433,8.0,2.0,4.0,1.0,1.0,3.0,2.0,N,1054,1055,,,O,0,0,0,0,0,0,1,0,0,,,
72918275,,,,,20230704,1204.0,N,Y,4.213,1,0,2,,N,N,Y,37.62842,-84.7748,4.0,2.0,6.0,1.0,1.0,2.0,2.0,N,1205,1209,,,B,0,0,0,0,0,0,1,1,0,,,
72918343,,,,,20230703,1717.0,N,Y,0.011,0,0,2,,N,N,Y,37.618,-84.77142,2.0,16.0,5.0,1.0,1.0,2.0,2.0,N,1717,1720,,,O,0,0,0,0,0,0,0,0,0,,,
72918497,,,,,20230705,805.0,N,Y,5.259,0,0,2,,N,N,Y,37.6436,-84.77267,8.0,2.0,6.0,1.0,1.0,2.0,2.0,N,757,813,,,O,0,0,0,0,0,0,0,1,0,,,
72919004,,,,,20230622,1840.0,N,Y,0.638,1,0,2,,N,N,Y,37.61969,-84.76324,1.0,2.0,6.0,1.0,1.0,2.0,2.0,Y,1840,1845,,,B,0,0,0,0,0,0,0,0,0,,,
72919059,,,,,20230705,1018.0,N,Y,0.1,3,0,2,,N,N,Y,37.64734,-84.77231,1.0,2.0,6.0,1.0,1.0,2.0,2.0,N,1019,1022,,,C,0,0,0,1,0,0,1,1,0,,,
72919060,,,,,20230706,1042.0,N,N,0.297,0,0,2,,N,N,Y,37.61696,-84.77984,5.0,2.0,6.0,1.0,1.0,2.0,2.0,N,1443,1449,,,O,0,0,0,0,0,0,1,1,0,,,
72919461,,,,,20230707,1159.0,N,Y,0.178,0,0,2,,N,N,Y,37.61781,-84.77137,5.0,3.0,6.0,1.0,1.0,2.0,2.0,N,1155,1159,,,O,0,0,0,0,0,0,1,1,0,,,
72919594,,,,,20230706,1654.0,N,Y,0.136,0,0,2,,N,N,Y,37.65421,-84.77287,1.0,2.0,6.0,1.0,1.0,2.0,2.0,N,1654,1707,,,O,0,0,0,0,0,0,1,0,0,,,
72919785,,,,,20230708,1425.0,N,Y,16.429,0,0,2,,N,N,Y,37.61938,-84.73367,1.0,2.0,6.0,1.0,1.0,3.0,2.0,N,1425,1425,,,O,0,0,0,1,0,0,1,1,0,,,
72920018,,,,,20230709,5.0,N,Y,5.258,0,0,2,,N,N,Y,37.64361,-84.77266,5.0,2.0,6.0,1.0,1.0,2.0,6.0,N,7,9,,,O,0,0,0,0,0,0,1,0,0,,,
72920518,,,,,20230710,1342.0,N,Y,12.323,0,0,3,,N,N,Y,37.64852,-84.8028,5.0,2.0,6.0,1.0,1.0,2.0,2.0,N,1343,1351,,,O,0,0,0,1,0,0,1,0,0,,,
72920622,,,,,20230710,1728.0,N,Y,5.196,0,0,2,,N,Y,Y,37.6429,-84.77434,8.0,2.0,4.0,1.0,1.0,2.0,2.0,N,1728,1730,,,O,0,0,0,0,0,0,0,0,0,,,
72920725,,,,,20230711,57.0,N,N,0.03,0,0,1,,N,N,Y,37.63178,-84.77196,9.0,2.0,4.0,1.0,1.0,2.0,5.0,N,101,101,,,O,0,0,0,0,0,0,1,0,1,,,
72921057,,,,,20230711,1927.0,N,Y,5.332,0,0,2,,N,N,Y,37.64479,-84.77415,1.0,2.0,6.0,1.0,1.0,2.0,2.0,N,1927,1927,,,O,0,0,1,0,0,0,0,1,0,,,
72921272,,,,,20230711,1654.0,N,N,0.082,0,0,2,,N,N,Y,37.65096,-84.77623,1.0,2.0,6.0,1.0,1.0,2.0,2.0,N,1755,1759,,,O,0,0,0,0,0,0,1,0,0,,,
72921273,,,,,20230711,807.0,N,N,16.245,0,0,2,,N,N,Y,37.66615,-84.7306,5.0,2.0,6.0,1.0,1.0,2.0,2.0,N,807,815,,,O,0,0,0,0,0,0,0,1,0,,,
72921312,,,,,20230712,844.0,N,N,4.905,0,0,2,,N,Y,Y,37.63892,-84.7747,8.0,2.0,4.0,1.0,1.0,2.0,2.0,N,844,849,,,O,0,0,0,0,0,0,1,1,0,,,
72922052,,,,,20230706,1632.0,N,Y,1.8,0,0,2,,Y,N,Y,37.62894,-84.79762,5.0,4.0,6.0,1.0,1.0,2.0,2.0,Y,1633,1639,,,O,0,0,0,0,0,0,0,0,0,,,
72922068,,,,,20230714,1146.0,N,Y,3.174,0,0,2,,N,Y,Y,37.64825,-84.80296,5.0,1.0,6.0,1.0,1.0,2.0,2.0,N,1147,1152,,,O,0,1,0,1,0,0,0,1,0,,,
72922106,,,,,20230713,1041.0,N,N,4.181,1,0,1,,N,N,Y,37.62796,-84.77477,9.0,2.0,6.0,1.0,1.0,2.0,2.0,Y,1042,1044,,,B,1,0,0,0,0,0,0,1,0,,,
72922108,,,,,20230714,1506.0,N,N,0.06,0,0,2,,N,N,Y,37.61822,-84.77763,8.0,1.0,6.0,1.0,1.0,2.0,2.0,N,1506,1506,,,O,0,0,1,0,0,0,0,1,0,,,
72922205,,,,,20230714,1729.0,N,N,0.101,0,0,2,,N,Y,Y,37.6167,-84.77467,5.0,1.0,1.0,1.0,1.0,2.0,2.0,N,1731,1735,,,O,0,0,0,1,0,0,1,0,0,,,
72922706,,,,,20230715,1721.0,N,Y,3.459,0,0,2,,Y,N,Y,37.61765,-84.77465,5.0,2.0,6.0,1.0,1.0,2.0,2.0,N,1721,1725,,,O,0,0,0,0,0,0,1,1,0,,,
72923083,,,,,20230715,1606.0,N,Y,8.213,0,0,2,,N,N,Y,37.67724,-84.79087,4.0,4.0,6.0,1.0,1.0,2.0,2.0,Y,1608,1611,,,O,0,0,0,1,0,0,1,1,0,,,
72923539,,,,,20230718,1428.0,N,Y,0.164,1,0,2,,N,N,Y,37.61722,-84.77746,1.0,4.0,6.0,1.0,1.0,3.0,2.0,Y,1431,1431,,,C,0,0,0,1,0,0,0,1,0,,,
72923610,,,,,20230718,1650.0,N,N,14.485,0,0,2,,N,N,Y,37.65409,-84.75501,1.0,5.0,6.0,1.0,1.0,2.0,2.0,N,1655,1701,,,O,0,0,0,0,0,0,1,1,0,,,
72923958,,,,,20230719,1414.0,N,N,5.186,0,0,2,,N,Y,Y,37.64246,-84.77278,8.0,2.0,6.0,1.0,1.0,2.0,2.0,N,1415,1419,,,O,0,0,0,1,0,0,1,1,0,,,
72924551,,,,,20230720,1540.0,N,N,0.21,0,0,2,,N,N,Y,37.64915,-84.77675,2.0,1.0,6.0,1.0,1.0,2.0,2.0,N,1540,1543,,,O,0,0,0,0,0,0,1,0,0,,,
72924552,,,,,20230720,1800.0,N,N,5.459,0,0,2,,N,N,Y,37.64586,-84.77319,5.0,2.0,6.0,1.0,1.0,2.0,2.0,N,1800,1802,,,O,0,0,0,1,0,0,1,0,0,,,
72924751,,,,,20230721,1249.0,N,N,0.142,0,0,2,,N,N,Y,37.61745,-84.77705,8.0,2.0,6.0,1.0,1.0,2.0,2.0,N,1249,1252,,,O,0,0,1,0,0,0,1,0,0,,,
72925150,,,,,20230722,1050.0,N,Y,5.78,0,0,2,,N,N,Y,37.64622,-84.77872,1.0,2.0,4.0,1.0,1.0,2.0,2.0,N,1050,1050,,,O,0,0,0,0,0,0,1,1,0,,,
72925238,,,,,20230722,1511.0,N,Y,0.372,0,0,2,,N,N,Y,37.62269,-84.76691,5.0,2.0,6.0,1.0,1.0,2.0,2.0,N,1511,1521,,,O,0,0,0,0,0,0,1,0,0,,,
72925276,,,,,20230722,2140.0,N,Y,5.524,0,0,2,,N,N,Y,37.64592,-84.77404,5.0,2.0,6.0,1.0,1.0,2.0,5.0,N,2157,2203,,,O,0,0,0,0,0,0,0,0,0,,,
72925473,,,,,20230717,1839.0,N,Y,0.168,2,0,2,,N,N,Y,37.61718,-84.7775,5.0,2.0,6.0,1.0,1.0,2.0,2.0,Y,1839,1841,,,C,0,0,0,0,0,0,1,0,0,,,
72925524,,,,,20230717,1637.0,N,N,5.556,0,0,2,,N,N,Y,37.64597,-84.77462,4.0,2.0,6.0,1.0,1.0,2.0,2.0,N,1638,1642,,,O,0,0,0,1,0,0,1,1,0,,,
72925626,,,,,20230718,1612.0,N,Y,0.136,0,0,2,,N,N,Y,37.64371,-84.77433,5.0,2.0,6.0,1.0,1.0,3.0,2.0,N,1612,1617,,,O,0,0,0,1,0,0,0,0,0,,,
72925706,,,,,20230724,1049.0,N,Y,1.719,0,0,2,,N,N,Y,37.62787,-84.79713,5.0,4.0,6.0,1.0,1.0,3.0,2.0,N,1049,1059,,,O,0,0,0,0,0,0,1,0,0,,,
72925900,,,,,20230724,1525.0,N,N,5.158,2,0,2,,N,Y,Y,37.64278,-84.77432,1.0,2.0,6.0,1.0,1.0,2.0,2.0,N,1525,1528,,,B,0,0,0,0,0,0,1,0,0,,,
72926335,,,,,20230725,2042.0,N,N,0.021,0,0,2,,N,N,Y,37.62417,-84.77429,2.0,2.0,6.0,1.0,1.0,2.0,2.0,N,2042,2047,,,O,0,0,0,1,0,0,1,0,0,,,
72926453,,,,,20230725,952.0,N,N,4.914,0,0,2,,N,Y,Y,37.63884,-84.7747,8.0,2.0,4.0,1.0,1.0,2.0,2.0,N,952,955,,,O,0,0,0,0,0,0,0,0,0,,,
72926871,,,,,20230724,1131.0,N,N,0.043,0,0,2,,N,N,Y,37.57771,-84.78266,1.0,2.0,6.0,1.0,1.0,2.0,2.0,N,1133,1146,,,O,0,0,0,1,0,0,1,0,0,,,
72927239,,,,,20230727,1616.0,N,N,0.414,0,0,2,,N,N,Y,37.6168,-84.78196,5.0,2.0,6.0,1.0,1.0,2.0,2.0,N,1618,1624,,,O,0,0,0,0,0,0,1,0,0,,,
72927398,,,,,20230728,1153.0,N,Y,4.415,1,0,2,,N,N,Y,37.63135,-84.77489,8.0,2.0,6.0,1.0,1.0,2.0,2.0,Y,1153,1203,,,B,1,0,0,0,0,0,1,1,0,,,
72927580,,,,,20230728,1602.0,N,N,0.044,0,0,3,,N,N,Y,37.61753,-84.77368,8.0,4.0,6.0,1.0,1.0,2.0,2.0,N,1602,1608,,,O,0,0,1,0,0,0,0,1,0,,,
72927616,,,,,20230728,2149.0,N,Y,5.978,2,0,3,,N,N,Y,37.64635,-84.78232,9.0,2.0,6.0,1.0,1.0,2.0,5.0,N,2149,2153,,,B,0,0,0,0,1,0,1,1,0,,,
72927740,,,,,20230729,1350.0,N,N,0.411,0,0,2,,N,N,Y,37.61702,-84.78491,1.0,1.0,6.0,1.0,1.0,3.0,2.0,N,1351,1401,,,O,0,0,0,1,0,0,1,1,0,,,
72927796,,,,,20230729,905.0,N,N,4.371,0,0,1,,N,N,Y,37.65066,-84.94729,9.0,2.0,4.0,1.0,5.0,2.0,2.0,N,905,905,,,O,0,0,0,0,0,0,0,0,0,,,
72927918,,,,,20230729,1640.0,N,Y,1.781,0,0,2,,N,N,Y,37.62867,-84.79775,5.0,4.0,6.0,1.0,1.0,2.0,2.0,N,1640,1646,,,O,0,0,0,1,0,0,1,1,0,,,
72928135,,,,,20230730,1510.0,N,N,3.582,3,0,2,,N,N,Y,37.61938,-84.7746,3.0,2.0,6.0,1.0,1.0,2.0,2.0,Y,1510,1513,,,B,0,0,0,0,0,0,1,0,0,,,
72928607,,,,,20230731,2045.0,N,Y,4.904,0,0,2,,N,Y,Y,37.63894,-84.77463,1.0,2.0,6.0,1.0,1.0,2.0,5.0,N,2045,2050,,,O,0,0,0,0,0,0,1,0,0,,,
72928829,,,,,20230801,1309.0,N,Y,0.18,0,0,2,,N,N,Y,37.65634,-84.80028,1.0,2.0,6.0,1.0,1.0,2.0,2.0,N,1309,1335,,,O,0,0,0,1,0,0,1,0,0,,,
72928992,,,,,20230801,1950.0,N,Y,3.462,0,0,2,,N,N,Y,37.61769,-84.77464,1.0,2.0,6.0,1.0,1.0,2.0,2.0,N,1950,1955,,,O,0,0,0,0,0,0,1,0,0,,,
72929171,,,,,20230731,823.0,N,Y,5.329,0,0,3,,N,N,Y,37.64484,-84.77415,1.0,2.0,6.0,1.0,1.0,2.0,2.0,N,825,831,,,O,0,0,0,1,0,0,1,1,0,,,
72929172,,,,,20230731,1324.0,N,N,4.939,0,0,2,,N,Y,Y,37.63865,-84.77314,1.0,2.0,6.0,1.0,1.0,2.0,2.0,N,1324,1327,,,O,0,0,1,0,0,0,1,1,0,,,
72929198,,,,,20230731,1009.0,N,Y,0.059,0,0,2,,N,N,Y,37.64721,-84.77068,1.0,2.0,6.0,1.0,1.0,2.0,2.0,N,1012,1014,,,O,0,0,0,1,0,0,1,1,0,,,
72929199,,,,,20230802,1223.0,N,N,2.024,1,0,1,,N,N,Y,37.67357,-84.76476,9.0,2.0,6.0,1.0,1.0,2.0,2.0,Y,1224,1229,,,C,0,0,0,1,0,0,0,0,0,,,
72929876,,,,,20230801,1602.0,N,Y,0.832,0,0,2,,N,N,Y,37.64896,-84.77218,5.0,2.0,6.0,1.0,1.0,2.0,2.0,N,1602,1609,,,O,0,0,1,0,0,0,1,0,0,,,
72929893,,,,,20230803,1721.0,N,N,0.099,1,0,2,,N,N,Y,37.67756,-84.7891,5.0,2.0,6.0,1.0,1.0,3.0,2.0,N,1721,1722,,,C,0,0,0,0,0,0,1,0,0,,,
72929954,,,,,20230803,551.0,N,Y,0.043,0,0,2,,N,N,Y,37.62006,-84.76335,1.0,2.0,6.0,1.0,5.0,6.0,6.0,N,551,555,,,O,0,0,0,0,0,0,0,0,0,,,
72929995,,,,,20230804,149.0,N,N,0.231,0,0,2,,N,N,Y,37.61914,-84.78191,5.0,2.0,6.0,1.0,1.0,3.0,6.0,N,149,153,,,O,0,1,0,0,0,0,0,0,1,,,
72930116,,,,,20230803,1808.0,N,Y,4.415,1,0,2,,N,N,Y,37.63135,-84.77489,1.0,4.0,6.0,1.0,1.0,2.0,2.0,Y,1808,1811,,,C,0,0,0,0,0,0,1,1,0,,,
72930287,,,,,20230804,1619.0,N,Y,0.357,0,0,2,,N,N,Y,37.6443,-84.76656,5.0,2.0,6.0,1.0,1.0,2.0,2.0,N,1619,1625,,,O,0,0,0,0,0,0,1,0,0,,,
72930354,,,,,20230804,1804.0,N,Y,0.022,0,0,2,,N,N,Y,37.64624,-84.77406,5.0,2.0,6.0,1.0,1.0,2.0,2.0,N,1806,1808,,,O,0,0,0,0,0,0,1,0,0,,,
72930383,,,,,20230804,2231.0,N,N,0.038,0,0,2,,Y,N,Y,37.62224,-84.77532,7.0,2.0,6.0,1.0,1.0,2.0,6.0,N,2233,2337,,,O,0,0,0,0,0,0,0,0,0,,,
72930389,,,,,20230805,230.0,N,N,6.014,0,0,1,,N,N,Y,37.59626,-84.89899,9.0,2.0,1.0,1.0,1.0,2.0,6.0,N,230,245,,,O,0,0,0,0,0,0,0,0,0,,,
72930686,,,,,20230805,1956.0,N,Y,0.011,0,0,2,,N,N,Y,37.61713,-84.7775,5.0,2.0,4.0,1.0,1.0,3.0,2.0,N,1956,2001,,,O,0,0,0,0,0,0,1,0,0,,,
72930772,,,,,20230804,1125.0,N,Y,5.126,0,0,2,,N,N,Y,37.64193,-84.77443,1.0,2.0,6.0,1.0,1.0,2.0,2.0,N,1125,1125,,,O,0,0,0,0,0,0,1,1,0,,,
72931155,,,,,20230807,927.0,N,N,3.369,0,0,2,,N,N,Y,37.61655,-84.77443,5.0,2.0,6.0,1.0,1.0,3.0,2.0,N,929,936,,,O,0,0,0,0,0,0,1,1,0,,,
72931163,,,,,20230802,1444.0,N,N,2.705,2,0,3,,N,N,Y,37.60669,-84.77402,1.0,4.0,4.0,1.0,1.0,2.0,2.0,Y,1446,1453,,,B,0,0,0,0,0,0,0,0,0,,,
72931202,,,,,20230727,1809.0,N,Y,3.375,0,0,3,,N,N,Y,37.61642,-84.77442,5.0,7.0,6.0,1.0,1.0,2.0,2.0,N,1809,1813,,,O,0,0,0,1,0,0,1,0,0,,,
72931390,,,,,20230807,1648.0,N,N,0.031,0,0,3,,N,N,Y,37.64592,-84.78244,5.0,2.0,6.0,1.0,1.0,2.0,2.0,N,1648,1650,,,O,0,0,1,0,0,0,1,0,0,,,
72931642,,,,,20230808,809.0,N,Y,12.316,0,0,2,,N,N,Y,37.64856,-84.80321,5.0,1.0,6.0,1.0,1.0,3.0,2.0,N,811,816,,,O,0,1,0,0,0,0,1,1,0,,,
72931643,,,,,20230808,1310.0,N,N,5.284,0,0,2,,N,N,Y,37.64399,-84.77269,8.0,2.0,5.0,1.0,1.0,2.0,2.0,N,1301,1303,,,O,0,0,0,1,0,0,1,1,0,,,
72931756,,,,,20230808,1710.0,N,Y,0.11,0,0,1,,N,N,Y,37.61657,-84.77247,9.0,2.0,6.0,1.0,1.0,2.0,2.0,N,1706,1710,,,O,0,0,0,1,0,0,1,0,0,,,
72932190,,,,,20230807,1453.0,N,Y,4.414,0,0,2,,N,N,Y,37.63135,-84.77489,5.0,2.0,6.0,1.0,1.0,2.0,2.0,N,1456,1500,,,O,0,0,0,0,0,0,1,1,0,,,
72932473,,,,,20230810,1309.0,N,N,3.682,0,0,2,,N,N,Y,37.62082,-84.77462,1.0,5.0,6.0,1.0,1.0,2.0,2.0,N,1311,1317,,,O,0,0,0,1,0,0,1,1,0,,,
72932492,,,,,20230810,1344.0,N,N,5.584,0,0,2,,N,N,Y,37.64602,-84.77513,1.0,2.0,6.0,1.0,1.0,2.0,2.0,N,1344,1345,,,O,0,0,1,1,0,0,1,1,0,,,
72932731,,,,,20230810,2150.0,N,N,0.49,1,0,2,,N,N,Y,37.61911,-84.76585,9.0,4.0,6.0,1.0,1.0,2.0,6.0,Y,2150,2151,,,A,0,0,1,0,1,0,0,0,0,,,
72932918,,,,,20230811,1111.0,N,Y,3.414,0,0,2,,N,N,Y,37.61702,-84.77444,5.0,4.0,6.0,1.0,1.0,2.0,2.0,N,1111,1117,,,O,0,0,1,0,0,0,1,0,0,,,
72933237,,,,,20230811,1249.0,N,N,5.073,0,0,2,,N,Y,Y,37.64132,-84.77448,8.0,2.0,4.0,1.0,1.0,2.0,2.0,N,1249,1252,,,O,0,0,0,0,0,0,0,0,0,,,
72933247,,,,,20230811,1629.0,N,Y,1.799,0,0,2,,N,N,Y,37.62885,-84.79782,5.0,6.0,6.0,1.0,1.0,2.0,2.0,N,1629,1635,,,O,0,0,1,0,0,0,0,0,0,,,
72933248,,,,,20230811,1906.0,N,Y,0.168,0,0,2,,N,N,Y,37.61717,-84.77753,5.0,6.0,6.0,1.0,1.0,2.0,2.0,N,1906,1911,,,O,0,0,0,0,0,0,1,0,0,,,
72933516,,,,,20230812,1118.0,N,N,2.444,1,0,1,,N,N,Y,37.63768,-84.80181,9.0,4.0,3.0,1.0,5.0,3.0,2.0,N,1118,1123,,,C,0,0,0,0,0,0,0,1,1,,,
72934986,,,,,20230816,1522.0,N,Y,5.125,0,0,2,,N,N,Y,37.64194,-84.77442,1.0,2.0,6.0,1.0,1.0,2.0,2.0,N,1522,1528,,,O,0,0,1,0,0,0,1,0,0,,,
72935080,,,,,20230816,1030.0,N,Y,4.213,0,0,2,,Y,N,Y,37.62843,-84.77479,1.0,2.0,6.0,1.0,1.0,3.0,2.0,N,1031,1031,,,O,0,0,0,0,0,0,0,1,1,,,
72935135,,,,,20230817,1126.0,N,N,5.251,0,0,2,,N,Y,Y,37.64372,-84.77425,8.0,2.0,6.0,1.0,1.0,2.0,2.0,N,1129,1131,,,O,0,0,0,1,0,0,1,1,0,,,
72935544,,,,,20230815,1421.0,N,Y,0.168,2,0,2,,N,N,Y,37.61717,-84.7775,1.0,2.0,4.0,1.0,1.0,2.0,2.0,Y,1421,1421,,,C,0,0,0,0,0,0,1,1,0,,,
72935550,,,,,20230815,1618.0,N,N,1.773,1,0,3,,N,N,Y,37.62855,-84.79765,5.0,4.0,6.0,1.0,1.0,2.0,2.0,Y,1619,1622,,,B,0,0,1,1,0,0,1,0,0,,,
72935608,,,,,20230814,1119.0,N,N,15.533,2,0,2,,N,N,Y,37.66437,-84.74297,5.0,4.0,6.0,1.0,5.0,2.0,2.0,N,1057,1057,,,B,0,0,0,1,0,0,0,0,0,,,
72935620,,,,,20230810,825.0,N,N,6.468,0,0,1,,N,N,Y,37.59973,-84.89252,9.0,2.0,6.0,1.0,5.0,2.0,2.0,N,825,825,,,O,0,0,1,0,0,0,0,0,0,,,
72935917,,,,,20230819,852.0,N,Y,5.779,0,0,2,,N,N,Y,37.64622,-84.77869,1.0,2.0,6.0,1.0,1.0,2.0,2.0,N,852,854,,,O,0,0,1,0,0,0,0,1,0,,,
72935965,,,,,20230724,1755.0,N,N,0.248,0,0,2,,N,N,Y,37.58418,-84.77969,1.0,2.0,6.0,1.0,1.0,2.0,2.0,N,1735,1742,,,O,0,0,0,1,0,0,0,0,0,,,
72936777,,,,,20230821,1531.0,N,Y,3.446,2,0,2,,N,N,Y,37.61736,-84.77446,5.0,2.0,6.0,1.0,1.0,2.0,2.0,Y,1532,1534,,,B,0,0,1,0,0,0,1,0,0,,,
72937075,,,,,20230822,1646.0,N,Y,8.084,0,0,2,,N,N,Y,37.67524,-84.79081,1.0,2.0,6.0,1.0,1.0,2.0,2.0,N,1646,1650,,,O,0,0,0,0,0,0,0,1,0,,,
72937226,,,,,20230822,1528.0,N,Y,1.781,0,0,2,,N,N,Y,37.62867,-84.79774,5.0,4.0,6.0,2.0,1.0,2.0,2.0,N,1534,1537,,,O,0,0,0,0,0,0,1,0,0,,,
72937517,,,,,20230815,1414.0,N,Y,4.209,0,0,2,,N,N,Y,37.62837,-84.77478,4.0,15.0,6.0,1.0,1.0,2.0,2.0,N,1414,1419,,,O,0,0,0,1,0,0,0,1,0,,,
72937545,,,,,20230821,838.0,N,N,6.315,0,0,2,,N,N,Y,37.57787,-84.78355,2.0,2.0,6.0,1.0,1.0,2.0,2.0,N,838,841,,,O,0,0,0,0,0,0,0,0,0,,,
72937548,,,,,20230823,909.0,N,Y,13.91,1,0,2,,N,N,Y,37.64428,-84.76655,4.0,2.0,1.0,1.0,1.0,2.0,2.0,N,911,920,,,C,0,0,0,0,0,0,1,1,0,,,
72937736,,,,,20230824,514.0,N,Y,3.759,0,0,2,,N,N,Y,37.65557,-84.7992,8.0,4.0,6.0,1.0,1.0,2.0,5.0,N,514,522,,,O,0,0,0,0,0,0,1,1,0,,,
72937852,,,,,20230824,1230.0,N,Y,15.547,0,0,2,,N,N,Y,37.66452,-84.74271,5.0,2.0,4.0,1.0,5.0,3.0,2.0,N,1233,1235,,,O,0,0,0,1,0,0,1,1,0,,,
72937903,,,,,20230824,1129.0,N,N,0.011,0,0,2,,N,N,Y,37.61761,-84.77467,1.0,2.0,6.0,1.0,5.0,3.0,2.0,N,1132,1135,,,O,0,1,0,0,0,0,0,1,0,,,
72938092,,,,,20230823,1446.0,N,Y,0.412,0,0,2,,N,N,Y,37.65185,-84.77187,1.0,2.0,6.0,1.0,1.0,2.0,2.0,N,1446,1451,,,O,0,0,1,1,0,0,1,0,0,,,
72938412,,,,,20230825,1714.0,N,Y,5.975,0,0,2,,N,N,Y,37.64635,-84.78239,1.0,2.0,6.0,1.0,1.0,2.0,2.0,N,1714,1719,,,O,0,0,1,0,0,0,1,0,0,,,
72938961,,,,,20230827,900.0,N,N,0.076,0,0,2,,N,N,Y,37.61704,-84.77483,5.0,1.0,1.0,1.0,1.0,3.0,2.0,N,902,913,,,O,0,0,1,0,0,0,1,1,0,,,
72939003,,,,,20230827,1056.0,N,Y,4.237,0,0,3,,N,N,Y,37.65039,-84.94981,5.0,2.0,6.0,1.0,1.0,2.0,2.0,N,1056,1113,,,O,1,0,1,0,0,0,1,1,0,,,
72939399,,,,,20230828,1527.0,N,N,1.32,0,0,2,,N,N,Y,37.62251,-84.79461,5.0,2.0,6.0,1.0,1.0,2.0,2.0,N,1527,1537,,,O,0,0,0,0,0,0,1,0,0,,,
72939414,,,,,20230828,955.0,N,Y,,0,0,2,,N,N,Y,37.65458,-84.80273,1.0,2.0,6.0,1.0,1.0,2.0,2.0,N,955,955,,,O,0,0,0,0,0,0,0,1,0,,,
72939931,,,,,20230827,1604.0,N,Y,0.069,0,0,2,,N,N,Y,37.6275,-84.76099,2.0,2.0,4.0,1.0,5.0,6.0,2.0,N,1405,1411,,,O,0,0,0,1,0,0,1,0,0,,,
72940373,,,,,20230830,1929.0,N,Y,0.172,0,0,3,,N,N,Y,37.61716,-84.77757,5.0,4.0,6.0,1.0,1.0,2.0,2.0,N,1931,1934,,,O,0,0,0,1,0,0,1,0,0,,,
72940392,,,,,20230830,1543.0,N,Y,12.369,1,0,2,,N,N,Y,37.62957,-84.79613,1.0,2.0,6.0,1.0,1.0,2.0,2.0,Y,1543,1549,,,B,0,0,0,1,0,0,1,1,0,,,
72940672,,,,,20230830,1219.0,N,N,0.683,0,0,2,,N,N,Y,37.61718,-84.78972,5.0,2.0,3.0,1.0,1.0,2.0,2.0,N,1220,1227,,,O,0,0,0,0,0,0,1,0,0,,,
72941010,,,,,20230831,743.0,N,N,3.036,2,0,2,,N,N,Y,37.64624,-84.80283,5.0,2.0,6.0,1.0,1.0,2.0,2.0,Y,745,748,,,C,0,0,0,0,0,0,1,0,0,,,
72941287,,,,,20230831,1718.0,N,N,2.825,0,0,3,,N,N,Y,37.64318,-84.80266,5.0,2.0,6.0,1.0,1.0,2.0,2.0,N,1719,1721,,,O,0,0,0,1,0,0,1,1,0,,,
72941458,,,,,20230901,1543.0,N,N,14.854,0,0,1,,N,N,Y,37.63478,-84.75459,9.0,2.0,6.0,1.0,1.0,2.0,2.0,N,1543,1551,,,O,0,0,0,0,0,0,0,0,0,,,
72941607,,,,,20230901,2013.0,N,Y,0.545,0,0,2,,N,N,Y,37.6391,-84.76126,1.0,2.0,6.0,1.0,1.0,2.0,3.0,N,2013,2016,,,O,0,0,0,0,0,0,1,0,0,,,