MasterFile,KABCO_Mod,Mode,Disadvantaged Com ID,MannerofCollision_Real,CollisionDate,CollisionTime,ParkingLotIndicator,IntersectionWith_Indicator_,Milepoint,NumberInjured,NumberKilled,ofUnits,ofMotorVeh,Hit&RunIndicator,OneWayIndicator,InCityLimitsIndicator,Latitude,Longitude,MannerofCollisionCode,TotalLanes,RoadwayCharacterCode,RoadwaySurfaceCode,RoadwayConditionCode,WeatherCode,LightConditionCode,FirstAidSceneIndicator,TimeNotified,TimeArrived,MedianCros,YR,KABCO,Motorcyclist,CommercialVehicle,YoungDriver,MatureDriver,Pedestrian,Bicyclist,Distracted,agressive,Impaired,Unrestrain,RoadwayDep,MedXover
72941857,,,,,20230901,1902.0,N,N,14.758,0,0,2,,N,N,Y,37.63568,-84.75584,1.0,2.0,6.0,1.0,1.0,2.0,2.0,N,1902,1904,,,O,0,0,0,0,0,0,0,1,0,,,
72941886,,,,,20230831,1030.0,N,Y,2.269,2,0,2,,N,N,Y,37.61921,-84.73369,1.0,4.0,6.0,1.0,1.0,2.0,2.0,Y,1031,1042,,,C,0,0,1,0,0,0,1,0,0,,,
72941893,,,,,20230903,1506.0,N,N,5.578,0,0,2,,Y,N,Y,37.6461,-84.77501,2.0,2.0,6.0,1.0,1.0,2.0,2.0,N,1506,1506,,,,0,0,0,0,0,0,0,0,0,,,
72942232,,,,,20230904,1639.0,N,N,1.763,0,0,2,,N,N,Y,37.62847,-84.79734,1.0,4.0,6.0,1.0,1.0,2.0,2.0,N,1639,1641,,,O,0,0,0,0,0,0,1,1,0,,,
72942578,,,,,20230903,1732.0,N,Y,0.001,0,0,2,,N,N,Y,37.64546,-84.76662,4.0,2.0,6.0,1.0,1.0,2.0,2.0,Y,1732,1736,,,O,0,0,0,0,0,0,0,1,0,,,
72942590,,,,,20230904,1348.0,N,N,0.047,0,0,2,,N,N,Y,37.61805,-84.7776,1.0,4.0,6.0,1.0,1.0,2.0,2.0,N,1348,1355,,,O,0,0,1,0,0,0,1,1,0,,,
72942627,,,,,20230905,1527.0,N,Y,0.182,0,0,2,,N,N,Y,37.65637,-84.80028,1.0,2.0,6.0,1.0,1.0,2.0,2.0,N,1529,1535,,,O,0,0,0,1,0,0,0,1,0,,,
72942735,,,,,20230906,754.0,N,Y,8.21,0,0,2,,N,N,Y,37.67724,-84.79111,5.0,2.0,1.0,1.0,1.0,2.0,1.0,N,755,757,,,O,0,0,0,1,0,0,1,0,0,,,
72942743,,,,,20230905,935.0,N,Y,5.04,0,0,2,,N,Y,Y,37.64074,-84.77453,5.0,2.0,6.0,1.0,1.0,2.0,2.0,N,937,947,,,O,0,0,0,0,0,0,1,0,0,,,
72942744,,,,,20230905,757.0,N,Y,12.876,2,0,2,,N,N,Y,37.64769,-84.79291,5.0,2.0,6.0,1.0,1.0,2.0,2.0,Y,758,800,,,C,0,0,0,0,0,0,1,1,0,,,
72943430,,,,,20230904,2045.0,N,N,18.615,1,0,1,,N,N,Y,37.62012,-84.79585,9.0,2.0,3.0,1.0,1.0,2.0,6.0,Y,2045,2049,,,C,0,0,0,0,0,0,0,0,0,,,
72943682,,,,,20230908,950.0,N,Y,0.009,0,0,2,,N,N,Y,37.67735,-84.79081,5.0,2.0,6.0,1.0,1.0,3.0,2.0,N,951,1002,,,O,0,0,0,1,0,0,1,0,0,,,
72944059,,,,,20230908,2150.0,N,Y,5.331,0,0,2,,N,Y,Y,37.64481,-84.77415,1.0,2.0,6.0,1.0,1.0,2.0,6.0,N,2150,2153,,,O,0,0,0,0,0,0,0,1,0,,,
72944213,,,,,20230908,1730.0,N,N,1.54,0,0,2,,N,N,Y,37.62539,-84.79626,5.0,2.0,6.0,1.0,1.0,2.0,2.0,N,1730,1735,,,O,0,0,0,0,0,0,1,0,0,,,
72944256,,,,,20230906,1605.0,N,N,0.306,3,0,2,,N,N,Y,37.57573,-84.79166,1.0,4.0,6.0,1.0,1.0,2.0,2.0,Y,1605,1616,,,C,0,0,0,0,0,0,1,0,0,,,
72944496,,,,,20230910,1930.0,N,Y,0.002,0,0,2,,Y,N,Y,37.64546,-84.76666,5.0,2.0,6.0,1.0,1.0,2.0,2.0,N,1930,1933,,,O,0,0,0,0,0,0,1,1,0,,,
72944565,,,,,20230906,1717.0,N,Y,3.631,1,0,3,,Y,N,Y,37.62083,-84.77459,7.0,2.0,6.0,1.0,1.0,2.0,2.0,Y,1717,1719,,,B,0,0,0,0,0,0,1,1,0,,,
72944998,,,,,20230911,2107.0,N,N,0.215,0,0,2,,N,N,Y,37.6489,-84.7722,5.0,2.0,6.0,1.0,1.0,2.0,5.0,N,2109,2110,,,O,0,0,0,1,0,0,1,0,0,,,
72945271,,,,,20230912,1515.0,N,N,0.233,0,0,1,,N,N,Y,37.64492,-84.77518,9.0,2.0,6.0,1.0,1.0,2.0,2.0,N,1515,1520,,,O,0,0,0,0,0,0,0,0,0,,,
72945920,,,,,20230913,1719.0,N,Y,3.508,1,0,2,,N,N,Y,37.61834,-84.77467,1.0,2.0,6.0,1.0,1.0,2.0,2.0,Y,1719,1722,,,B,0,0,1,0,0,0,1,1,0,,,
72946118,,,,,20230911,1611.0,N,Y,,0,1,2,,N,N,Y,37.57578,-84.79166,1.0,2.0,6.0,1.0,1.0,2.0,2.0,Y,1450,1454,,,K,1,0,0,0,0,0,0,0,0,,,
72946307,,,,,20230913,1529.0,N,N,1.676,0,0,2,,N,N,Y,37.62729,-84.79687,5.0,4.0,6.0,1.0,1.0,2.0,2.0,N,1532,1536,,,O,0,0,0,0,0,0,1,0,0,,,
72946308,,,,,20230914,1637.0,N,Y,0.014,0,0,2,,N,N,Y,37.61727,-84.78175,5.0,1.0,3.0,1.0,1.0,2.0,2.0,N,1637,1646,,,O,0,0,0,0,0,0,1,0,0,,,
72946364,,,,,20230914,1644.0,N,N,5.114,0,0,1,,N,N,Y,37.67298,-84.79111,9.0,2.0,6.0,1.0,1.0,2.0,2.0,N,1644,1653,,,O,0,0,0,1,0,0,0,0,0,,,
72946421,,,,,20230914,633.0,N,N,2.25,0,0,1,,N,N,Y,37.63502,-84.80066,9.0,2.0,6.0,1.0,1.0,2.0,6.0,N,636,642,,,O,0,0,0,0,0,0,0,0,0,,,
72946500,,,,,20230915,823.0,N,N,6.716,0,0,2,,N,N,Y,37.65704,-84.78349,8.0,2.0,6.0,1.0,1.0,2.0,2.0,N,825,827,,,O,0,0,0,0,0,0,0,1,0,,,
72946563,,,,,20230915,1227.0,N,Y,0.029,0,0,2,,N,N,Y,37.61777,-84.7776,1.0,2.0,6.0,1.0,1.0,2.0,2.0,N,1154,1209,,,O,0,0,0,1,0,0,1,1,0,,,
72946655,,,,,20230912,1626.0,N,Y,1.197,0,0,2,,N,N,Y,37.62073,-84.75307,1.0,4.0,6.0,1.0,1.0,2.0,2.0,N,1627,1633,,,O,0,0,1,0,0,0,1,1,0,,,
72946657,,,,,20230915,818.0,N,N,1.367,1,0,2,,N,N,Y,37.66489,-84.76788,1.0,2.0,6.0,1.0,1.0,2.0,2.0,Y,819,826,,,C,0,0,0,0,0,0,0,1,0,,,
72946820,,,,,20230915,1759.0,N,Y,4.911,0,0,2,,N,Y,Y,37.63882,-84.77471,8.0,2.0,4.0,1.0,1.0,2.0,2.0,N,1756,1759,,,O,0,0,1,0,0,0,1,0,0,,,
72947004,,,,,20230916,1144.0,N,N,0.046,0,0,2,,N,N,Y,37.65362,-84.75436,3.0,2.0,6.0,1.0,1.0,2.0,2.0,Y,1145,1150,,,O,0,0,1,0,0,0,1,0,0,,,
72947064,,,,,20230916,1102.0,N,Y,4.943,1,0,2,,N,Y,Y,37.63871,-84.77314,1.0,2.0,1.0,1.0,1.0,2.0,2.0,Y,1102,1105,,,C,0,0,0,1,0,0,0,1,0,,,
72947127,,,,,20230916,1601.0,N,Y,13.843,0,0,2,,N,N,Y,37.64542,-84.76664,5.0,2.0,6.0,1.0,1.0,2.0,2.0,N,1603,1610,,,O,0,0,0,0,0,0,1,0,0,,,
72947242,,,,,20230916,2158.0,N,N,0.987,0,0,1,,N,N,Y,37.61828,-84.79186,9.0,2.0,4.0,1.0,5.0,3.0,6.0,N,2158,2208,,,O,0,0,0,0,0,0,0,0,0,,,
72947429,,,,,20230915,1925.0,N,Y,5.408,0,0,3,,N,N,Y,37.64587,-84.77238,9.0,2.0,6.0,1.0,1.0,2.0,2.0,N,1926,1931,,,O,0,0,0,0,1,0,0,0,0,,,
72947834,,,,,20230918,747.0,N,N,5.173,0,0,2,,N,N,Y,37.64227,-84.77282,1.0,2.0,4.0,1.0,1.0,2.0,2.0,N,749,753,,,O,0,0,0,0,0,0,1,1,0,,,
72948295,,,,,20230915,1351.0,N,Y,0.084,0,0,1,,N,N,Y,37.64394,-84.75999,9.0,1.0,6.0,1.0,1.0,2.0,2.0,N,1353,1403,,,O,0,1,0,0,0,0,0,0,0,,,
72948381,,,,,20230912,1724.0,N,Y,4.415,2,0,2,,N,N,Y,37.63135,-84.77488,1.0,17.0,6.0,1.0,1.0,2.0,2.0,Y,1724,1725,,,C,0,0,1,0,0,0,0,1,0,,,
72948948,,,,,20230918,1242.0,N,Y,0.343,0,0,2,,N,N,Y,37.62072,-84.78063,7.0,2.0,4.0,1.0,1.0,2.0,2.0,N,1244,1246,,,O,0,0,0,0,0,0,1,0,0,,,
72949532,,,,,20230921,1102.0,N,Y,3.375,0,0,2,,N,N,Y,37.61641,-84.77444,8.0,2.0,6.0,1.0,1.0,2.0,2.0,N,1102,1102,,,O,0,0,0,1,0,0,0,0,0,,,
72949592,,,,,20230918,922.0,N,Y,0.165,1,0,2,,N,N,Y,37.61719,-84.77746,6.0,4.0,6.0,1.0,1.0,2.0,2.0,N,923,925,,,C,0,0,0,1,0,0,0,0,0,,,
72950211,,,,,20230921,759.0,N,Y,,0,0,2,,N,N,Y,37.64767,-84.79237,5.0,2.0,6.0,1.0,1.0,2.0,2.0,N,802,806,,,O,0,0,1,0,0,0,1,0,0,,,
72950417,,,,,20230924,1802.0,N,N,3.299,0,0,2,,N,N,Y,37.61531,-84.77454,8.0,2.0,6.0,1.0,1.0,3.0,2.0,N,1804,1805,,,O,0,0,0,0,0,0,1,0,0,,,
72950499,,,,,20230924,207.0,N,N,0.002,0,0,1,,Y,Y,Y,37.64074,-84.78247,9.0,1.0,3.0,1.0,1.0,2.0,6.0,N,210,214,,,O,0,0,0,0,0,0,0,0,0,,,
72950645,,,,,20230925,1036.0,N,Y,4.152,0,0,2,,N,N,Y,37.62755,-84.77475,5.0,2.0,6.0,1.0,1.0,2.0,2.0,N,1036,1045,,,O,0,0,0,0,0,0,0,1,0,,,
72950944,,,,,20230925,46.0,N,Y,,6,0,2,,N,N,Y,37.61745,-84.77445,1.0,4.0,6.0,1.0,1.0,2.0,5.0,Y,46,51,,,B,0,0,1,0,0,0,1,0,0,,,
72951148,,,,,20230926,909.0,N,N,4.816,0,0,2,,N,Y,Y,37.63747,-84.77481,1.0,2.0,4.0,1.0,1.0,2.0,2.0,N,839,842,,,O,0,0,0,0,0,0,0,0,0,,,
72951484,,,,,20230925,2106.0,N,N,0.127,0,0,2,,N,N,Y,37.64388,-84.77101,5.0,1.0,6.0,1.0,1.0,2.0,5.0,N,2108,2114,,,O,0,0,0,0,0,0,1,0,0,,,
72952018,,,,,20230928,339.0,N,N,1.824,0,0,1,,Y,N,Y,37.62927,-84.79776,9.0,4.0,6.0,1.0,5.0,6.0,6.0,N,340,340,,,,0,0,0,0,0,0,0,0,0,,,
72952314,,,,,20230928,734.0,N,N,2.692,0,0,1,,N,N,Y,37.64043,-84.8026,9.0,4.0,4.0,1.0,5.0,6.0,6.0,N,736,747,,,O,0,0,0,0,0,0,0,0,0,,,
72952315,,,,,20230928,903.0,N,Y,0.007,0,0,1,,N,N,Y,37.646,-84.77413,9.0,2.0,6.0,1.0,5.0,6.0,5.0,N,903,907,,,O,0,1,0,0,0,0,0,0,0,,,
72952344,,,,,20230928,1638.0,N,Y,13.628,0,0,2,,N,N,Y,37.64565,-84.78707,5.0,2.0,6.0,1.0,1.0,2.0,2.0,N,1638,1640,,,O,0,0,0,0,0,0,0,0,0,,,
72952570,,,,,20230928,727.0,N,N,4.679,0,0,2,,N,N,Y,37.652,-84.94193,5.0,2.0,6.0,1.0,5.0,6.0,5.0,N,733,734,,,O,0,0,0,0,0,0,1,1,0,,,
72952844,,,,,20230929,1725.0,N,Y,13.913,0,0,2,,N,N,Y,37.64861,-84.76385,5.0,2.0,6.0,1.0,1.0,2.0,2.0,N,1725,1727,,,O,0,0,0,1,0,0,1,0,0,,,
72952958,,,,,20230929,1428.0,N,Y,1.794,0,0,2,,N,N,Y,37.62888,-84.79755,5.0,4.0,6.0,1.0,1.0,2.0,2.0,N,1428,1435,,,O,0,0,0,0,0,0,1,1,0,,,
72953074,,,,,20230928,822.0,N,Y,0.077,0,0,2,,N,N,Y,37.64888,-84.77052,5.0,2.0,6.0,1.0,6.0,6.0,2.0,N,824,829,,,O,0,0,1,0,0,0,0,0,0,,,
72953507,,,,,20230930,1805.0,N,Y,0.001,1,0,2,,N,N,Y,37.61644,-84.7744,5.0,2.0,6.0,1.0,1.0,2.0,2.0,Y,1805,1807,,,C,0,0,1,0,0,0,1,0,0,,,
72953543,,,,,20230928,1336.0,N,N,0.048,0,0,2,,N,N,Y,37.61805,-84.77761,1.0,2.0,6.0,1.0,1.0,2.0,2.0,N,1338,1350,,,O,0,0,0,0,0,0,1,1,0,,,
72953544,,,,,20230929,2007.0,N,N,0.123,0,0,2,,N,N,Y,37.63895,-84.77693,5.0,1.0,4.0,1.0,1.0,2.0,5.0,N,2007,2011,,,O,0,0,0,0,0,0,1,0,0,,,
72953589,,,,,20231001,1212.0,N,N,2.785,0,0,2,,N,N,Y,37.6426,-84.80258,5.0,2.0,6.0,1.0,1.0,2.0,2.0,N,1212,1212,,,O,0,0,0,0,0,0,0,0,0,,,
72953876,,,,,20230929,741.0,N,Y,0.62,1,0,2,,N,N,Y,37.6166,-84.78573,4.0,4.0,6.0,1.0,1.0,2.0,2.0,Y,742,745,,,C,0,0,0,1,0,0,1,1,0,,,
72953877,,,,,20231001,839.0,N,Y,3.375,0,0,1,,N,N,Y,37.61644,-84.77441,9.0,4.0,6.0,1.0,1.0,2.0,2.0,N,842,848,,,O,0,0,0,0,0,0,0,0,1,,,
72953916,,,,,20231002,809.0,N,Y,3.435,0,0,2,,N,N,Y,37.61734,-84.77448,5.0,2.0,4.0,1.0,1.0,2.0,2.0,N,810,814,,,O,0,0,0,0,0,0,1,0,0,,,
72953942,,,,,20231002,1527.0,N,N,0.021,0,0,2,,N,N,Y,37.64687,-84.76681,2.0,2.0,6.0,1.0,1.0,2.0,2.0,N,1529,1535,,,O,0,0,0,0,0,0,0,0,0,,,
72954211,,,,,20230929,1613.0,N,N,5.449,0,0,2,,N,N,Y,37.64584,-84.77305,5.0,2.0,6.0,1.0,1.0,2.0,2.0,N,1614,1621,,,O,0,0,0,0,0,0,1,0,0,,,
72954750,,,,,20231003,1802.0,N,N,0.017,0,0,1,,N,N,Y,37.64482,-84.79236,9.0,2.0,6.0,1.0,1.0,2.0,2.0,N,1802,1806,,,O,0,0,0,0,0,0,0,0,0,,,
72955095,,,,,20231005,1020.0,N,Y,12.209,1,0,2,,N,N,Y,37.64851,-84.80514,1.0,4.0,6.0,1.0,1.0,2.0,2.0,Y,1022,1027,,,C,0,0,1,0,0,0,1,1,0,,,
72955611,,,,,20230927,1500.0,N,Y,0.213,0,0,2,,N,N,Y,37.6475,-84.77346,8.0,2.0,6.0,1.0,1.0,2.0,2.0,N,1500,1505,,,O,0,0,0,0,0,0,1,0,0,,,
72955698,,,,,20230929,1240.0,N,N,0.18,0,0,2,,N,N,Y,37.58272,-84.77708,8.0,2.0,6.0,1.0,1.0,2.0,2.0,N,1240,1242,,,O,0,0,0,0,0,0,1,0,0,,,
72956477,,,,,20231008,1324.0,N,Y,3.374,0,0,4,,N,N,Y,37.61642,-84.7744,1.0,4.0,6.0,1.0,1.0,2.0,2.0,N,1324,1329,,,O,0,0,1,0,0,0,1,0,0,,,
72956753,,,,,20231009,1436.0,N,N,0.202,0,0,2,,N,N,Y,37.64871,-84.7722,5.0,2.0,6.0,1.0,1.0,2.0,2.0,N,1436,1438,,,O,0,0,0,1,0,0,1,0,0,,,
72957085,,,,,20231010,1019.0,N,Y,3.851,0,0,2,,N,N,Y,37.62325,-84.77464,5.0,5.0,6.0,1.0,1.0,2.0,2.0,N,1019,1021,,,O,0,0,0,1,0,0,1,0,0,,,
72957089,,,,,20231010,1022.0,N,Y,0.034,0,0,2,,N,N,Y,37.61958,-84.73423,5.0,2.0,1.0,1.0,1.0,2.0,2.0,N,1024,1037,,,O,0,0,0,1,0,0,1,1,0,,,
72957205,,,,,20231010,821.0,N,N,0.393,0,0,2,,N,N,Y,37.64181,-84.78161,7.0,2.0,6.0,1.0,1.0,2.0,2.0,N,823,834,,,O,0,0,0,0,0,0,1,0,0,,,
72957207,,,,,20231010,1338.0,N,N,4.843,0,0,2,,N,Y,Y,37.63743,-84.77329,1.0,2.0,6.0,1.0,1.0,2.0,2.0,N,1339,1345,,,O,0,0,0,0,0,0,0,0,0,,,
72957272,,,,,20231005,1313.0,N,Y,5.888,1,0,2,,N,N,Y,37.64633,-84.78071,5.0,2.0,4.0,1.0,1.0,2.0,2.0,Y,1313,1318,,,B,0,0,0,1,0,0,1,0,0,,,
72957748,,,,,20231010,1849.0,N,Y,0.323,0,0,2,,N,N,Y,37.6184,-84.76882,8.0,2.0,6.0,1.0,1.0,2.0,2.0,Y,1849,1851,,,O,0,0,1,0,0,0,1,1,0,,,
72957848,,,,,20231010,1700.0,N,N,5.124,0,0,1,,N,N,Y,37.58766,-84.79703,9.0,2.0,6.0,1.0,1.0,2.0,2.0,N,1700,1706,,,O,0,0,0,0,0,0,0,0,0,,,
72957932,,,,,20231011,1437.0,N,N,0.034,0,0,2,,Y,N,Y,37.64633,-84.7724,5.0,2.0,6.0,1.0,1.0,2.0,2.0,N,1439,1446,,,O,0,0,0,1,0,0,0,0,1,,,
72957955,,,,,20231012,742.0,N,N,15.705,0,0,2,,N,N,Y,37.6268,-84.7428,5.0,2.0,6.0,1.0,1.0,3.0,2.0,N,744,753,,,O,0,0,0,0,0,0,1,1,0,,,
72957968,,,,,20231012,743.0,N,Y,2.917,0,0,2,,N,N,Y,37.645,-84.80305,5.0,4.0,6.0,1.0,1.0,2.0,2.0,N,743,748,,,O,0,0,0,0,0,0,1,1,0,,,
72958054,,,,,20231012,1327.0,N,N,0.213,0,0,2,,N,N,Y,37.65393,-84.76463,2.0,2.0,6.0,1.0,1.0,2.0,2.0,N,1334,1343,,,O,0,0,0,0,0,0,1,0,0,,,
72958303,,,,,20231012,1647.0,N,Y,0.105,0,0,2,,N,N,Y,37.61666,-84.77463,5.0,4.0,1.0,1.0,1.0,2.0,2.0,N,1649,1653,,,O,0,0,0,0,0,0,1,0,0,,,
72958510,,,,,20231013,1050.0,N,Y,4.911,0,0,2,,N,N,Y,37.63882,-84.7747,8.0,2.0,6.0,1.0,1.0,2.0,2.0,N,1053,1055,,,O,0,0,0,0,0,0,1,1,0,,,
72958539,,,,,20231012,1115.0,N,N,0.047,0,0,2,,N,N,Y,37.61805,-84.77762,1.0,2.0,6.0,1.0,1.0,2.0,2.0,N,1117,1120,,,O,0,0,1,0,0,0,0,1,0,,,
72958555,,,,,20231013,1100.0,N,N,5.399,0,0,2,,N,Y,Y,37.64577,-84.77245,5.0,2.0,6.0,1.0,1.0,2.0,2.0,N,1055,1059,,,O,0,0,1,0,0,0,1,1,0,,,
72958692,,,,,20231011,1507.0,N,Y,0.161,1,0,1,,N,N,Y,37.61672,-84.77155,9.0,2.0,1.0,1.0,1.0,2.0,2.0,Y,1507,1508,,,C,0,0,0,0,0,0,0,0,1,,,
72958784,,,,,20231013,1920.0,N,Y,0.236,0,0,2,,N,N,Y,37.61726,-84.78178,1.0,2.0,6.0,1.0,1.0,2.0,2.0,N,1920,1920,,,O,0,0,1,0,0,0,1,1,0,,,
72959180,,,,,20231015,219.0,N,Y,3.648,1,0,2,,N,N,Y,37.62044,-84.77453,5.0,4.0,6.0,1.0,5.0,6.0,5.0,N,218,221,,,C,0,0,0,0,0,0,0,1,0,,,
72959414,,,,,20231013,34.0,N,N,0.135,1,0,2,,N,N,Y,37.61735,-84.76613,5.0,2.0,5.0,1.0,1.0,2.0,5.0,N,35,39,,,C,0,1,0,0,0,0,0,0,1,,,
72959438,,,,,20231015,1523.0,N,Y,13.599,0,0,2,,N,N,Y,37.64571,-84.77084,4.0,4.0,6.0,1.0,1.0,3.0,2.0,N,1523,1525,,,O,0,0,0,0,0,0,1,1,0,,,
72959451,,,,,20231015,1957.0,N,Y,4.234,0,0,2,,N,N,Y,37.65042,-84.94977,1.0,2.0,4.0,1.0,1.0,3.0,5.0,N,1958,2011,,,O,0,0,1,0,0,0,1,0,0,,,
72959876,,,,,20231016,2202.0,N,N,0.193,0,0,2,,N,N,Y,37.64529,-84.7631,1.0,2.0,6.0,1.0,1.0,2.0,6.0,N,2204,2204,,,O,0,0,0,0,0,0,1,0,0,,,
72960042,,,,,20231014,1133.0,N,Y,5.196,0,0,2,,N,N,Y,37.64291,-84.77435,8.0,2.0,6.0,1.0,1.0,2.0,2.0,N,1134,1138,,,O,0,0,0,0,0,0,0,1,0,,,
72960141,,,,,20231017,1527.0,N,Y,1.779,0,0,2,,N,N,Y,37.62867,-84.79749,5.0,24.0,6.0,1.0,1.0,3.0,2.0,N,1527,1527,,,O,0,0,1,0,0,0,0,0,0,,,
72960399,,,,,20231016,702.0,N,Y,1.225,0,0,2,,N,N,Y,37.62121,-84.79411,5.0,4.0,1.0,1.0,5.0,6.0,6.0,N,702,708,,,O,0,0,0,0,0,0,0,0,0,,,
72960466,,,,,20231017,1205.0,N,N,5.043,0,0,2,,N,Y,Y,37.64073,-84.77453,8.0,2.0,4.0,1.0,1.0,2.0,2.0,N,1205,1208,,,O,0,0,0,0,0,0,1,0,0,,,
72960563,,,,,20231016,758.0,N,Y,12.209,0,0,2,,N,N,Y,37.64852,-84.80515,5.0,2.0,6.0,1.0,5.0,3.0,2.0,N,800,804,,,O,0,0,0,1,0,0,1,0,0,,,
72960564,,,,,20231018,1106.0,N,N,5.209,0,0,2,,N,Y,Y,37.64307,-84.77432,1.0,2.0,6.0,1.0,1.0,2.0,2.0,N,1108,1115,,,O,0,0,0,1,0,0,1,1,0,,,
72960632,,,,,20231018,1243.0,N,Y,0.085,0,0,2,,N,N,Y,37.61621,-84.77708,1.0,2.0,4.0,1.0,1.0,2.0,2.0,N,1245,1249,,,O,0,0,0,0,0,0,1,1,0,,,
72961012,,,,,20231018,2009.0,N,N,0.333,0,0,2,,N,N,Y,37.63969,-84.77155,7.0,2.0,6.0,1.0,1.0,2.0,3.0,N,2011,2015,,,O,0,0,0,0,0,0,1,0,0,,,
72961172,,,,,20231019,1659.0,N,N,12.276,1,0,3,,N,N,Y,37.64857,-84.80393,5.0,2.0,6.0,1.0,5.0,6.0,2.0,Y,1702,1707,,,C,0,0,1,0,0,0,1,0,0,,,
72961248,,,,,20231019,1751.0,N,N,2.273,0,0,2,,N,N,Y,37.67706,-84.76421,8.0,2.0,3.0,1.0,1.0,2.0,2.0,N,1751,1751,,,O,0,0,0,0,0,0,1,0,0,,,
72961415,,,,,20231019,732.0,N,Y,3.388,0,0,1,,N,N,Y,37.61662,-84.77465,9.0,2.0,1.0,1.0,1.0,3.0,1.0,N,732,739,,,O,0,0,1,0,0,0,0,0,0,,,
72961737,,,,,20231020,1604.0,N,Y,3.197,0,0,2,,N,N,Y,37.64857,-84.80319,5.0,2.0,6.0,1.0,1.0,2.0,2.0,N,1604,1606,,,O,0,0,0,0,0,0,1,1,0,,,
72961989,,,,,20231020,1626.0,N,Y,0.411,1,0,2,,N,N,Y,37.65182,-84.77187,8.0,2.0,6.0,1.0,1.0,2.0,2.0,Y,1626,1631,,,C,0,0,0,0,0,0,1,0,0,,,
72962193,,,,,20231021,2209.0,N,N,0.07,0,0,1,,N,N,Y,37.57276,-84.7936,9.0,4.0,6.0,1.0,1.0,2.0,6.0,Y,2209,2218,,,O,0,0,0,0,0,0,0,0,0,,,
72962218,,,,,20231021,1750.0,N,Y,5.516,2,0,2,,N,N,Y,37.58488,-84.79077,1.0,2.0,6.0,1.0,1.0,2.0,2.0,Y,1750,1804,,,B,0,0,0,0,0,0,1,1,0,,,
72962451,,,,,20231021,2103.0,N,Y,14.315,0,0,1,,N,N,Y,37.6525,-84.75821,9.0,2.0,6.0,1.0,1.0,2.0,5.0,N,2106,2114,,,O,0,0,0,0,0,0,0,0,0,,,
72963458,,,,,20231022,1240.0,N,Y,0.179,0,0,2,,N,N,Y,37.61781,-84.77139,8.0,4.0,6.0,1.0,1.0,2.0,2.0,N,1241,1248,,,O,0,0,0,1,0,0,1,1,0,,,
72963750,,,,,20231020,1624.0,N,N,0.036,0,0,2,,N,N,Y,37.64519,-84.77085,5.0,2.0,6.0,1.0,1.0,2.0,2.0,N,1622,1637,,,O,0,0,0,0,0,0,1,0,0,,,
72964345,,,,,20231026,1553.0,N,N,0.213,1,0,3,,N,Y,Y,37.61711,-84.7783,5.0,2.0,6.0,1.0,1.0,2.0,2.0,Y,1605,1607,,,B,0,0,1,0,0,0,1,1,0,,,
72965174,,,,,20231027,1714.0,N,Y,0.153,0,0,2,,N,N,Y,37.6435,-84.77105,1.0,4.0,6.0,1.0,1.0,3.0,2.0,N,1715,1715,,,O,0,0,0,0,0,0,1,1,0,,,
72965214,,,,,20231027,1930.0,N,Y,12.21,0,0,2,,N,N,Y,37.64853,-84.80514,1.0,2.0,6.0,1.0,1.0,2.0,5.0,N,1930,1937,,,O,0,0,1,0,0,0,0,1,0,,,
72965257,,,,,20231028,1430.0,N,Y,0.112,0,0,2,,N,N,Y,37.61655,-84.77237,1.0,2.0,6.0,1.0,1.0,2.0,2.0,N,1430,1438,,,O,0,0,0,1,0,0,1,1,0,,,
72965270,,,,,20231028,1637.0,N,Y,0.102,0,0,2,,N,N,Y,37.61668,-84.77466,5.0,2.0,6.0,1.0,1.0,2.0,2.0,N,1637,1642,,,O,0,0,0,0,0,0,1,1,0,,,
72965363,,,,,20231028,2228.0,N,N,0.103,1,0,2,,N,N,Y,37.62516,-84.76648,3.0,2.0,6.0,1.0,1.0,2.0,6.0,Y,2228,2233,,,C,0,0,0,0,0,0,1,0,0,,,
72965651,,,,,20231029,2055.0,N,N,14.049,0,0,1,,N,N,Y,37.64996,-84.76205,9.0,2.0,6.0,1.0,5.0,6.0,6.0,N,2057,2105,,,O,0,0,0,0,0,0,0,0,0,,,
72966448,,,,,20231030,1414.0,N,Y,2.932,0,0,2,,N,N,Y,37.64477,-84.80274,4.0,4.0,6.0,1.0,5.0,3.0,2.0,N,1414,1416,,,O,0,0,1,1,0,0,1,1,0,,,
72966449,,,,,20231031,651.0,N,N,5.383,0,0,2,,N,N,Y,37.64575,-84.77405,8.0,2.0,6.0,1.0,1.0,2.0,5.0,N,653,707,,,O,0,0,1,0,0,0,0,1,0,,,
72966455,,,,,20231025,1705.0,N,Y,3.197,2,0,3,,N,N,Y,37.64857,-84.80318,1.0,24.0,6.0,1.0,1.0,2.0,2.0,Y,1705,1710,,,C,0,0,0,1,0,0,0,1,0,,,
72966501,,,,,20231024,1533.0,N,Y,0.719,0,0,2,,Y,N,Y,37.581,-84.78814,1.0,4.0,6.0,1.0,1.0,2.0,2.0,N,1533,1533,,,O,0,0,0,0,0,0,0,0,0,,,
72967208,,,,,20231101,2007.0,N,N,0.16,0,0,2,,N,N,Y,37.64794,-84.76945,7.0,2.0,6.0,1.0,1.0,2.0,6.0,N,2007,2009,,,O,0,0,0,1,0,0,1,0,0,,,
72967391,,,,,20231102,745.0,N,N,11.756,1,0,3,,N,N,Y,37.64822,-84.81348,5.0,2.0,6.0,1.0,1.0,2.0,1.0,N,746,752,,,B,0,0,1,0,0,0,1,0,0,,,