MasterFile,KABCO_Mod,Mode,Disadvantaged Com ID,MannerofCollision_Real,CollisionDate,CollisionTime,ParkingLotIndicator,IntersectionWith_Indicator_,Milepoint,NumberInjured,NumberKilled,ofUnits,ofMotorVeh,Hit&RunIndicator,OneWayIndicator,InCityLimitsIndicator,Latitude,Longitude,MannerofCollisionCode,TotalLanes,RoadwayCharacterCode,RoadwaySurfaceCode,RoadwayConditionCode,WeatherCode,LightConditionCode,FirstAidSceneIndicator,TimeNotified,TimeArrived,MedianCros,YR,KABCO,Motorcyclist,CommercialVehicle,YoungDriver,MatureDriver,Pedestrian,Bicyclist,Distracted,agressive,Impaired,Unrestrain,RoadwayDep,MedXover
72967553,,,,,20231101,1516.0,N,Y,5.514,0,0,2,,N,N,Y,37.58486,-84.79081,8.0,2.0,6.0,1.0,1.0,2.0,2.0,N,1518,1523,,,O,0,0,0,1,0,0,0,0,0,,,
72967677,,,,,20231031,821.0,N,N,5.18,0,0,2,,N,N,Y,37.64238,-84.77285,8.0,2.0,6.0,1.0,1.0,2.0,2.0,N,831,831,,,O,0,0,0,0,0,0,0,0,0,,,
72967782,,,,,20231102,608.0,N,Y,,0,0,2,,N,N,Y,37.61764,-84.77446,7.0,8.0,6.0,1.0,1.0,2.0,5.0,N,608,614,,,O,0,0,0,0,0,0,1,1,0,,,
72967848,,,,,20231102,1303.0,N,N,13.644,1,0,2,,N,N,Y,37.64566,-84.77007,9.0,2.0,4.0,1.0,1.0,2.0,2.0,Y,1303,1307,,,B,0,0,0,0,1,0,1,0,0,,,
72968025,,,,,20231016,733.0,N,N,0.867,0,0,2,,N,N,Y,37.58281,-84.7867,2.0,4.0,6.0,1.0,5.0,3.0,2.0,N,735,745,,,O,0,0,0,0,0,0,1,0,0,,,
72968405,,,,,20231104,1023.0,N,Y,12.316,0,0,2,,N,N,Y,37.64856,-84.8032,5.0,2.0,6.0,1.0,1.0,3.0,2.0,N,1023,1030,,,O,0,0,0,1,0,0,1,0,0,,,
72968735,,,,,20231031,1056.0,N,Y,0.249,0,0,2,,N,N,Y,37.64969,-84.78259,5.0,2.0,4.0,1.0,1.0,2.0,2.0,N,1057,1101,,,O,0,0,0,1,0,0,1,0,0,,,
72968736,,,,,20231031,1230.0,N,Y,0.83,0,0,2,,N,N,Y,37.64891,-84.7722,7.0,2.0,6.0,1.0,1.0,2.0,2.0,N,1231,1237,,,O,0,1,0,0,0,0,0,0,0,,,
72968737,,,,,20231031,1311.0,N,Y,5.122,1,0,2,,N,N,Y,37.64198,-84.77438,8.0,2.0,6.0,1.0,1.0,3.0,2.0,Y,1312,1315,,,C,0,0,0,0,0,0,0,1,0,,,
72968964,,,,,20231104,1855.0,N,Y,,0,0,2,,N,N,Y,37.66488,-84.76788,3.0,2.0,6.0,1.0,1.0,2.0,6.0,N,1855,1857,,,O,0,0,0,1,0,0,0,0,0,,,
72969272,,,,,20231106,1338.0,N,N,1.223,0,0,2,,N,N,Y,37.6212,-84.79408,5.0,4.0,4.0,1.0,1.0,2.0,2.0,N,1340,1344,,,O,0,0,1,0,0,0,1,0,0,,,
72969393,,,,,20231106,1951.0,N,Y,,0,0,2,,N,N,Y,37.64852,-84.80514,7.0,3.0,6.0,1.0,1.0,2.0,6.0,N,1951,1951,,,O,0,0,0,0,0,0,1,0,0,,,
72969564,,,,,20231106,1512.0,N,N,1.168,0,0,2,,N,N,Y,37.62075,-84.7536,5.0,4.0,6.0,1.0,1.0,2.0,2.0,N,1512,1515,,,O,0,0,1,1,0,0,1,1,0,,,
72969711,,,,,20231103,1539.0,N,Y,3.078,0,0,2,,N,N,Y,37.66436,-84.74303,5.0,2.0,6.0,1.0,1.0,2.0,2.0,N,1541,1550,,,O,0,0,1,0,0,0,1,0,0,,,
72969903,,,,,20231107,1445.0,N,Y,4.211,0,0,2,,N,N,Y,37.62845,-84.77476,5.0,17.0,5.0,1.0,1.0,3.0,2.0,N,1445,1448,,,O,0,0,0,0,0,0,0,1,0,,,
72969904,,,,,20231107,1754.0,N,Y,0.122,0,0,1,,N,N,Y,37.63388,-84.77414,9.0,2.0,6.0,1.0,1.0,2.0,5.0,N,1754,1756,,,O,0,0,0,1,0,0,0,0,0,,,
72970211,,,,,20231108,1534.0,N,Y,5.259,0,0,2,,N,Y,Y,37.6436,-84.77266,1.0,2.0,6.0,1.0,1.0,2.0,2.0,N,1534,1537,,,O,0,0,0,0,0,0,1,0,0,,,
72970399,,,,,20231108,543.0,N,Y,0.059,1,0,2,,N,N,Y,37.64936,-84.80503,9.0,2.0,6.0,1.0,1.0,2.0,7.0,Y,544,547,,,A,0,0,0,0,0,1,0,0,0,,,
72970678,,,,,20231106,926.0,N,Y,8.212,1,0,2,,N,N,Y,37.67726,-84.79088,4.0,2.0,6.0,1.0,1.0,2.0,2.0,Y,928,933,,,C,0,0,0,0,0,0,0,1,0,,,
72970836,,,,,20231109,1836.0,N,N,1.793,0,0,2,,N,N,Y,37.62885,-84.79758,6.0,22.0,6.0,1.0,1.0,2.0,7.0,N,1836,1841,,,O,0,0,0,0,0,0,1,0,0,,,
72971050,,,,,20231028,1301.0,N,N,0.624,0,0,2,,N,N,Y,37.57979,-84.78895,8.0,4.0,6.0,1.0,1.0,2.0,2.0,N,1301,1307,,,O,0,0,0,0,0,0,1,0,0,,,
72971071,,,,,20231109,1546.0,N,Y,0.787,0,0,2,,N,N,Y,37.62092,-84.75305,5.0,2.0,4.0,1.0,1.0,3.0,2.0,N,1546,1555,,,O,0,0,0,0,0,0,1,0,0,,,
72971087,,,,,20231110,653.0,N,Y,5.326,0,0,2,,N,N,Y,37.64485,-84.77425,1.0,2.0,6.0,1.0,5.0,6.0,5.0,N,659,659,,,O,0,0,0,0,0,0,1,1,0,,,
72971115,,,,,20231110,1018.0,N,Y,0.638,0,0,2,,N,N,Y,37.61987,-84.76328,1.0,5.0,6.0,1.0,5.0,3.0,2.0,N,1020,1031,,,O,0,0,0,1,0,0,1,1,0,,,
72971204,,,,,20231110,1040.0,N,N,5.435,0,0,2,,N,N,Y,37.64585,-84.77287,8.0,2.0,6.0,1.0,1.0,2.0,2.0,N,1037,1040,,,O,0,0,0,0,0,0,1,1,0,,,
72971759,,,,,20231110,1943.0,N,N,0.183,0,0,2,,Y,Y,Y,37.61733,-84.77778,7.0,,6.0,1.0,1.0,2.0,5.0,N,1809,1814,,,O,0,0,0,1,0,0,0,0,1,,,
72972035,,,,,20231112,1748.0,N,Y,11.872,0,0,2,,N,N,Y,37.6483,-84.81142,5.0,2.0,6.0,1.0,1.0,2.0,6.0,N,1748,1755,,,O,0,0,1,1,0,0,1,0,0,,,
72972111,,,,,20231108,929.0,N,Y,3.193,0,0,2,,N,N,Y,37.64852,-84.80293,5.0,4.0,6.0,1.0,1.0,2.0,2.0,N,913,921,,,O,0,1,0,1,0,0,1,0,0,,,
72972593,,,,,20231109,1828.0,N,N,12.324,0,0,1,,N,N,Y,37.6294,-84.79684,9.0,2.0,6.0,1.0,1.0,2.0,5.0,N,1833,1833,,,O,0,0,0,0,0,0,0,0,0,,,
72972669,,,,,20231113,1848.0,N,N,0.098,0,0,2,,Y,N,Y,37.64404,-84.76177,8.0,,6.0,1.0,1.0,2.0,6.0,N,1850,1853,,,,0,0,0,0,0,0,0,0,0,,,
72973335,,,,,20231107,1128.0,N,Y,0.077,0,0,2,,N,N,Y,37.64456,-84.77094,4.0,2.0,6.0,1.0,1.0,2.0,2.0,N,1129,1133,,,O,0,0,0,1,0,0,1,0,0,,,
72973806,,,,,20231116,1219.0,N,N,3.995,0,0,2,,N,N,Y,37.62566,-84.77467,8.0,4.0,6.0,1.0,1.0,2.0,2.0,N,1224,1229,,,O,0,0,1,0,0,0,0,0,0,,,
72974080,,,,,20231116,1713.0,N,Y,4.406,0,0,2,,N,N,Y,37.63123,-84.77488,1.0,2.0,6.0,1.0,1.0,2.0,2.0,N,1713,1720,,,O,0,0,0,1,0,0,1,0,0,,,
72974123,,,,,20231115,1637.0,N,N,4.383,0,0,2,,N,N,Y,37.63089,-84.77486,8.0,2.0,6.0,1.0,1.0,2.0,3.0,N,1638,1643,,,O,0,0,1,0,0,0,1,0,0,,,
72974124,,,,,20231116,1514.0,N,N,0.091,0,0,2,,N,N,Y,37.64439,-84.77097,1.0,2.0,6.0,1.0,1.0,2.0,2.0,N,1514,1520,,,O,0,0,0,0,0,0,1,0,0,,,
72974125,,,,,20231113,1616.0,N,N,3.04,0,0,3,,N,N,Y,37.64629,-84.80283,5.0,2.0,6.0,1.0,1.0,2.0,2.0,N,1616,1616,,,O,0,0,0,0,0,0,1,0,0,,,
72974130,,,,,20231116,615.0,N,N,14.551,0,0,1,,N,N,Y,37.65425,-84.75466,9.0,2.0,6.0,1.0,1.0,2.0,1.0,N,617,617,,,O,0,0,0,0,0,0,0,0,0,,,
72974779,,,,,20231115,1340.0,N,Y,4.965,0,0,2,,N,Y,Y,37.63965,-84.77463,8.0,2.0,6.0,1.0,1.0,2.0,2.0,N,1340,1340,,,O,0,0,0,1,0,0,1,0,0,,,
72974782,,,,,20231117,1809.0,N,Y,3.375,0,0,2,,N,N,Y,37.61643,-84.77441,1.0,2.0,6.0,1.0,5.0,6.0,5.0,N,1812,1815,,,O,0,0,0,0,0,0,1,0,0,,,
72974792,,,,,20231118,951.0,N,Y,0.157,0,0,2,,N,N,Y,37.61717,-84.77751,1.0,4.0,6.0,1.0,1.0,2.0,2.0,N,952,954,,,O,0,0,0,1,0,0,1,1,0,,,
72974887,,,,,20231118,1324.0,N,Y,0.167,0,0,2,,N,N,Y,37.62063,-84.78061,7.0,2.0,4.0,1.0,1.0,2.0,2.0,N,1324,1336,,,O,0,0,0,1,0,0,1,0,0,,,
72975326,,,,,20231117,1614.0,N,N,0.299,0,0,2,,N,N,Y,37.61697,-84.77988,5.0,2.0,6.0,1.0,5.0,3.0,2.0,N,1614,1614,,,O,0,0,0,1,0,0,0,0,0,,,
72975391,,,,,20231117,1747.0,N,N,4.175,1,0,2,,N,N,Y,37.62787,-84.77478,9.0,2.0,6.0,1.0,1.0,2.0,5.0,Y,1747,1749,,,B,0,0,0,1,0,1,1,0,0,,,
72975422,,,,,20231118,1738.0,N,Y,5.969,0,0,2,,N,N,Y,37.6464,-84.78217,4.0,2.0,6.0,1.0,1.0,2.0,3.0,N,1740,1742,,,O,0,0,1,0,0,0,0,1,0,,,
72976081,,,,,20231117,816.0,N,Y,12.206,0,0,2,,N,N,Y,37.64851,-84.80521,5.0,2.0,6.0,1.0,1.0,3.0,2.0,N,806,808,,,O,0,0,0,0,0,0,1,0,0,,,
72976085,,,,,20231117,1242.0,N,Y,5.331,2,0,2,,N,N,Y,37.64479,-84.77416,4.0,2.0,6.0,1.0,1.0,2.0,2.0,Y,1244,1250,,,B,0,0,0,0,0,0,0,1,0,,,
72976304,,,,,20231120,1910.0,N,Y,4.213,0,0,2,,N,N,Y,37.62842,-84.77479,1.0,2.0,6.0,1.0,1.0,2.0,5.0,N,1910,1911,,,O,0,0,0,0,0,0,0,1,0,,,
72976333,,,,,20231117,1755.0,N,N,4.196,0,0,2,,N,N,Y,37.62818,-84.77481,5.0,2.0,6.0,1.0,5.0,6.0,5.0,N,1755,1755,,,O,0,0,1,0,0,0,0,1,0,,,
72976573,,,,,20231121,1322.0,N,N,5.007,1,0,2,,N,N,Y,37.64051,-84.77455,1.0,2.0,4.0,1.0,5.0,3.0,2.0,Y,1323,1327,,,B,0,0,0,0,0,0,1,1,0,,,
72976750,,,,,20231122,1528.0,N,N,0.108,0,0,2,,N,N,Y,37.61743,-84.77642,6.0,4.0,6.0,1.0,1.0,3.0,2.0,N,1528,1536,,,O,0,0,0,1,0,0,0,1,0,,,
72976873,,,,,20231122,1720.0,N,N,0.003,0,0,1,,Y,N,Y,37.57582,-84.79168,9.0,2.0,6.0,1.0,1.0,2.0,2.0,N,1720,1721,,,O,0,1,0,0,0,0,0,0,0,,,
72976894,,,,,20231122,1639.0,N,Y,4.938,0,0,2,,N,N,Y,37.63866,-84.7732,1.0,2.0,6.0,1.0,1.0,3.0,2.0,N,1639,1644,,,O,0,0,0,0,0,0,1,0,0,,,
72977157,,,,,20231122,1826.0,N,Y,0.322,0,1,2,,N,N,Y,37.6184,-84.76881,9.0,2.0,6.0,1.0,1.0,2.0,4.0,Y,1827,1831,,,K,0,0,0,0,1,0,0,0,0,,,
72977158,,,,,20231122,1734.0,N,N,0.002,0,0,2,,N,N,Y,37.617,-84.78176,1.0,2.0,6.0,1.0,1.0,2.0,5.0,N,1734,1746,,,O,0,0,0,0,0,0,0,1,0,,,
72977185,,,,,20231123,619.0,N,N,0.647,0,0,1,,N,N,Y,37.61657,-84.78621,9.0,4.0,6.0,1.0,1.0,2.0,6.0,N,620,625,,,O,0,0,0,0,0,0,0,0,0,,,
72977373,,,,,20231124,1201.0,N,N,13.659,1,0,2,,N,N,Y,37.64564,-84.76979,9.0,2.0,4.0,1.0,1.0,2.0,2.0,Y,1203,1207,,,A,0,0,0,0,1,0,0,0,0,,,
72977466,,,,,20231124,1934.0,N,N,4.233,0,0,1,,N,N,Y,37.62871,-84.7748,9.0,2.0,6.0,1.0,1.0,2.0,6.0,N,1936,1939,,,O,0,0,0,0,0,0,1,0,1,,,
72977467,,,,,20231124,1556.0,N,Y,5.332,0,0,2,,N,N,Y,37.6448,-84.77415,8.0,2.0,6.0,1.0,1.0,2.0,2.0,N,1559,1559,,,O,0,0,0,1,0,0,1,1,0,,,
72977621,,,,,20231125,1420.0,N,Y,0.217,0,0,1,,N,N,Y,37.61985,-84.78036,9.0,2.0,4.0,1.0,1.0,2.0,2.0,N,1423,1430,,,O,0,0,0,0,0,0,1,0,0,,,
72978529,,,,,20231121,1543.0,N,Y,0.169,0,0,2,,N,N,Y,37.61717,-84.77751,5.0,3.0,6.0,1.0,5.0,6.0,2.0,N,1545,1554,,,O,0,0,1,0,0,0,0,1,0,,,
72978564,,,,,20231116,2318.0,N,N,0.136,0,0,2,,N,N,Y,37.58608,-84.78692,7.0,2.0,6.0,1.0,1.0,2.0,2.0,N,1642,1645,,,O,0,0,0,0,0,0,0,0,0,,,
72978947,,,,,20231121,714.0,N,Y,3.373,0,0,2,,Y,N,Y,37.61646,-84.77439,1.0,2.0,6.0,1.0,5.0,6.0,2.0,N,714,723,,,O,0,0,0,0,0,0,0,1,0,,,
72979349,,,,,20231124,1243.0,N,Y,4.943,0,0,2,,N,N,Y,37.63871,-84.77315,1.0,2.0,6.0,1.0,1.0,2.0,2.0,N,1236,1237,,,O,0,0,1,0,0,0,1,1,0,,,
72979828,,,,,20231129,2306.0,N,N,6.251,0,0,1,,N,N,Y,37.65031,-84.78271,9.0,2.0,6.0,1.0,1.0,2.0,5.0,N,2307,2309,,,O,0,0,0,0,0,0,0,0,1,,,
72979830,,,,,20231130,1613.0,N,Y,12.317,0,0,2,,N,N,Y,37.64856,-84.80319,5.0,2.0,6.0,1.0,1.0,2.0,2.0,N,1557,1605,,,O,0,0,0,0,0,0,1,0,0,,,
72979851,,,,,20231125,1946.0,N,N,5.46,0,0,2,,Y,N,Y,37.64586,-84.77319,8.0,2.0,6.0,1.0,1.0,2.0,5.0,N,1946,1949,,,O,0,0,0,0,0,0,1,0,0,,,
72979882,,,,,20231130,1805.0,N,N,1.044,0,0,1,,N,N,Y,37.62065,-84.75587,9.0,4.0,3.0,1.0,1.0,2.0,6.0,N,1753,1801,,,O,0,0,0,0,0,0,0,0,0,,,
72979912,,,,,20231201,456.0,N,N,0.296,0,0,1,,N,N,Y,37.65201,-84.75195,9.0,2.0,1.0,1.0,5.0,6.0,6.0,N,506,510,,,O,0,0,0,0,0,0,0,0,0,,,
72979928,,,,,20231130,700.0,N,N,0.025,0,0,2,,Y,N,Y,37.64629,-84.7486,5.0,2.0,6.0,1.0,1.0,2.0,2.0,N,1259,1304,,,,0,0,0,0,0,0,0,0,0,,,
72980222,,,,,20231201,1606.0,N,N,1.633,0,0,2,,N,N,Y,37.62769,-84.79703,8.0,2.0,6.0,1.0,5.0,3.0,2.0,N,1606,1612,,,O,0,0,1,0,0,0,1,0,0,,,
72981123,,,,,20231202,1614.0,N,N,0.282,0,0,2,,N,N,Y,37.65019,-84.77666,2.0,1.0,6.0,1.0,5.0,3.0,2.0,N,1617,1619,,,O,0,0,0,0,0,0,1,0,0,,,
72981124,,,,,20231201,658.0,N,Y,0.005,0,0,2,,N,N,Y,37.61691,-84.79857,1.0,2.0,6.0,1.0,5.0,6.0,1.0,N,709,709,,,O,0,0,0,0,0,0,1,0,0,,,
72981472,,,,,20231204,1220.0,N,N,4.365,0,0,2,,N,N,Y,37.63063,-84.77483,5.0,5.0,6.0,1.0,5.0,3.0,2.0,N,1220,1225,,,O,0,0,0,0,0,0,1,0,0,,,
72981939,,,,,20231203,1048.0,N,N,5.7,0,0,2,,N,N,Y,37.64613,-84.77724,8.0,2.0,6.0,1.0,1.0,3.0,2.0,N,1050,1056,,,O,0,0,0,0,0,0,1,0,0,,,
72982025,,,,,20231205,1011.0,N,Y,4.423,0,0,2,,N,N,Y,37.63146,-84.77493,5.0,2.0,6.0,1.0,1.0,2.0,2.0,N,1011,1018,,,O,0,0,0,0,0,0,0,0,0,,,
72982026,,,,,20231205,1042.0,N,N,0.901,0,0,1,,N,N,Y,37.62038,-84.75847,9.0,4.0,6.0,1.0,1.0,2.0,2.0,N,1042,1052,,,O,0,0,0,0,0,0,0,0,0,,,
72982049,,,,,20231205,1330.0,N,N,0.938,0,0,1,,N,N,Y,37.62046,-84.75781,9.0,4.0,6.0,1.0,1.0,2.0,2.0,N,1330,1338,,,O,0,0,0,1,0,0,0,0,0,,,
72982160,,,,,20231203,1118.0,N,Y,0.239,0,0,2,,N,N,Y,37.61722,-84.78178,1.0,2.0,6.0,1.0,5.0,3.0,2.0,N,1114,1114,,,O,0,0,0,0,0,0,1,0,0,,,
72982350,,,,,20231206,729.0,N,Y,0.355,0,0,1,,N,N,Y,37.64953,-84.80481,9.0,2.0,3.0,1.0,5.0,3.0,1.0,N,729,735,,,O,0,0,0,0,0,0,0,0,0,,,
72982422,,,,,20231202,1752.0,N,N,0.346,0,0,2,,N,N,Y,37.61686,-84.78072,5.0,4.0,6.0,1.0,5.0,6.0,6.0,N,1753,1757,,,O,0,0,0,0,0,0,1,0,0,,,
72982423,,,,,20231202,1551.0,N,Y,0.001,0,0,2,,Y,N,Y,37.64945,-84.77914,7.0,2.0,4.0,1.0,1.0,3.0,2.0,N,1542,1551,,,O,0,0,0,0,0,0,1,0,0,,,
72982648,,,,,20231205,1859.0,N,N,4.264,0,0,2,,N,N,Y,37.62915,-84.77482,8.0,2.0,6.0,1.0,1.0,2.0,5.0,N,1900,1913,,,O,0,0,0,1,0,0,0,1,0,,,
72983004,,,,,20231205,1829.0,N,N,0.046,0,0,3,,N,N,Y,37.65149,-84.77768,8.0,2.0,6.0,1.0,1.0,2.0,7.0,N,1829,1832,,,O,0,0,0,0,0,0,1,0,0,,,
72983669,,,,,20231209,908.0,N,N,0.401,2,0,1,,N,N,Y,37.61727,-84.77861,9.0,5.0,6.0,1.0,5.0,3.0,2.0,Y,911,913,,,B,0,0,0,1,0,0,0,0,0,,,
72983792,,,,,20231209,1757.0,N,Y,12.208,0,0,2,,N,N,Y,37.64855,-84.80512,1.0,2.0,6.0,1.0,5.0,3.0,5.0,N,1759,1806,,,O,0,0,1,0,0,0,1,1,0,,,
72984112,,,,,20231208,1534.0,N,N,0.236,0,0,2,,N,N,Y,37.6543,-84.8045,8.0,2.0,6.0,1.0,1.0,2.0,2.0,N,1534,1537,,,O,0,0,0,1,0,0,0,1,0,,,
72984354,,,,,20231203,1601.0,N,Y,5.25,0,0,2,,N,Y,Y,37.64373,-84.77429,8.0,2.0,5.0,1.0,1.0,2.0,2.0,N,1601,1601,,,O,0,0,1,1,0,0,0,0,0,,,
72984355,,,,,20231208,1554.0,N,Y,0.397,0,0,2,,N,N,Y,37.61683,-84.78178,5.0,4.0,6.0,1.0,1.0,3.0,2.0,N,1554,1559,,,O,0,0,1,1,0,0,1,0,0,,,
72984506,,,,,20231211,1642.0,N,Y,0.001,0,0,1,,N,N,Y,37.61467,-84.77448,9.0,2.0,6.0,1.0,1.0,2.0,2.0,N,1643,1647,,,O,0,0,0,1,0,0,1,0,0,,,
72985120,,,,,20231213,710.0,N,Y,0.169,1,0,2,,N,N,Y,37.61717,-84.77752,1.0,5.0,6.0,1.0,1.0,2.0,1.0,Y,711,715,,,B,0,0,0,1,0,0,0,1,0,,,
72985220,,,,,20231213,1306.0,N,Y,3.627,0,0,2,,N,N,Y,37.62003,-84.77457,1.0,5.0,6.0,1.0,1.0,2.0,2.0,N,1306,1313,,,O,0,0,1,1,0,0,1,1,0,,,
72985256,,,,,20231205,919.0,N,Y,0.175,1,0,2,,N,N,Y,37.64711,-84.7696,9.0,2.0,6.0,1.0,1.0,2.0,2.0,Y,921,925,,,C,0,0,0,0,0,1,1,1,0,,,
72985593,,,,,20231214,647.0,N,Y,0.205,0,0,2,,N,N,Y,37.61675,-84.77076,1.0,2.0,5.0,1.0,1.0,2.0,1.0,N,649,654,,,O,0,0,0,0,0,0,1,1,0,,,
72985747,,,,,20231213,1801.0,N,Y,0.003,0,0,2,,N,N,Y,37.61471,-84.77443,2.0,2.0,4.0,1.0,1.0,2.0,2.0,N,1804,1805,,,O,0,0,0,1,0,0,0,0,0,,,
72986346,,,,,20231215,1928.0,N,N,1.735,0,0,1,,N,N,Y,37.67619,-84.7596,9.0,2.0,3.0,1.0,1.0,2.0,6.0,N,1940,1943,,,O,0,0,0,0,0,0,0,0,0,,,
72986936,,,,,20231216,1959.0,N,Y,0.338,0,0,2,,N,N,Y,37.6435,-84.77107,1.0,2.0,6.0,1.0,1.0,3.0,6.0,N,2001,2007,,,O,0,0,0,0,0,0,0,1,0,,,
72987082,,,,,20231202,2109.0,N,N,0.017,0,0,2,,Y,N,Y,37.59318,-84.78442,7.0,2.0,6.0,1.0,1.0,2.0,5.0,N,2102,2105,,,,0,0,0,0,0,0,0,0,0,,,
72987084,,,,,20231217,1632.0,N,Y,6.392,0,0,2,,N,N,Y,37.6504,-84.95176,5.0,2.0,6.0,1.0,1.0,2.0,2.0,N,1634,1643,,,O,0,0,1,0,0,0,1,0,0,,,
72987126,,,,,20231218,200.0,N,N,0.088,1,0,2,,Y,N,Y,37.67752,-84.78931,5.0,3.0,6.0,1.0,1.0,2.0,6.0,Y,200,201,,,C,0,1,0,0,0,0,0,0,1,,,
72987161,,,,,20231218,822.0,N,Y,0.035,0,0,2,,N,N,Y,37.62118,-84.75291,5.0,3.0,6.0,1.0,1.0,3.0,2.0,N,823,832,,,O,0,0,0,0,0,0,1,0,0,,,
72987204,,,,,20231215,1110.0,N,N,3.603,0,0,2,,N,N,Y,37.61969,-84.77458,1.0,4.0,6.0,1.0,1.0,2.0,2.0,N,1111,1118,,,O,0,0,0,1,0,0,0,1,0,,,
72987461,,,,,20231215,1619.0,N,Y,3.517,3,0,2,,N,N,Y,37.61847,-84.77459,1.0,5.0,6.0,1.0,1.0,2.0,6.0,Y,1619,1622,,,B,0,0,1,1,0,0,0,1,0,,,
72987737,,,,,20231211,708.0,N,Y,0.878,0,0,2,,N,N,Y,37.5829,-84.78652,2.0,4.0,6.0,1.0,1.0,2.0,5.0,N,708,708,,,O,0,0,0,0,0,0,0,0,0,,,
72987935,,,,,20231219,2006.0,N,Y,0.001,0,0,2,,N,N,Y,37.64593,-84.77405,3.0,2.0,6.0,1.0,1.0,2.0,5.0,N,2006,2007,,,O,0,0,1,1,0,0,1,1,0,,,
72988451,,,,,20231220,1721.0,N,Y,0.166,0,0,2,,N,N,Y,37.6174,-84.77751,5.0,2.0,6.0,1.0,1.0,2.0,3.0,N,1721,1728,,,O,0,0,0,0,0,0,0,1,0,,,
72988452,,,,,20231218,1440.0,N,Y,0.102,0,0,2,,N,Y,Y,37.61668,-84.77466,5.0,1.0,3.0,1.0,1.0,2.0,2.0,N,1439,1447,,,O,0,0,0,0,0,0,1,0,0,,,
72988648,,,,,20231218,957.0,N,Y,0.013,2,0,2,,N,N,Y,37.61716,-84.77751,3.0,2.0,6.0,1.0,1.0,3.0,2.0,Y,959,1000,,,C,0,0,0,1,0,0,0,0,0,,,
72988970,,,,,20231219,1333.0,N,Y,5.524,0,0,1,,N,N,Y,37.64593,-84.77403,9.0,2.0,6.0,1.0,1.0,2.0,2.0,N,1334,1348,,,O,0,1,0,0,0,0,1,0,0,,,
72989698,,,,,20231224,1610.0,N,Y,5.396,0,0,2,,N,Y,Y,37.64573,-84.77249,5.0,2.0,6.0,1.0,1.0,2.0,2.0,N,1610,1614,,,O,0,0,0,0,0,0,1,1,0,,,
72989770,,,,,20231221,1422.0,N,N,3.72,1,0,2,,N,N,Y,37.62137,-84.77457,1.0,2.0,6.0,1.0,1.0,2.0,2.0,Y,1422,1423,,,B,0,0,0,0,0,0,1,1,0,,,
72989784,,,,,20231221,1723.0,N,N,3.464,0,0,3,,N,N,Y,37.61772,-84.77464,8.0,2.0,6.0,1.0,1.0,2.0,2.0,N,1721,1723,,,O,0,0,1,0,0,0,1,0,0,,,
72990341,,,,,20231226,1423.0,N,Y,0.724,0,0,2,,N,N,Y,37.64908,-84.77415,7.0,2.0,6.0,1.0,5.0,6.0,2.0,N,1423,1428,,,O,0,0,0,0,0,0,0,0,0,,,
72990351,,,,,20231226,750.0,N,N,5.323,0,0,1,,N,N,Y,37.64481,-84.77254,9.0,1.0,6.0,2.0,1.0,2.0,2.0,N,1600,1600,,,O,0,0,0,0,0,0,0,0,0,,,
72990353,,,,,20231226,1949.0,N,Y,3.39,0,0,2,,N,N,Y,37.61665,-84.77463,8.0,5.0,3.0,1.0,1.0,2.0,2.0,N,1949,1955,,,O,0,0,0,0,0,0,1,1,0,,,
72990425,,,,,20231226,459.0,N,N,2.266,0,0,1,,N,N,Y,37.67697,-84.76428,9.0,2.0,3.0,1.0,5.0,10.0,5.0,N,459,505,,,O,0,0,1,0,0,0,0,1,1,,,
72990831,,,,,20231126,1239.0,N,N,6.518,3,0,2,,N,N,Y,37.60036,-84.89209,3.0,2.0,3.0,1.0,5.0,3.0,2.0,Y,1239,1253,,,A,0,0,1,0,0,0,1,0,0,,,
72991202,,,,,20231229,1230.0,N,Y,0.846,0,0,2,,N,N,Y,37.61696,-84.78985,5.0,6.0,6.0,1.0,5.0,9.0,2.0,N,1220,1224,,,O,0,0,1,0,0,0,1,1,0,,,
72991687,,,,,20231230,1756.0,N,Y,3.634,0,0,2,,N,N,Y,37.62075,-84.77455,1.0,5.0,6.0,1.0,1.0,3.0,5.0,N,1748,1748,,,O,0,0,0,0,0,0,0,1,0,,,
72992236,,,,,20231226,1535.0,N,N,4.895,0,0,2,,N,N,Y,37.63859,-84.77464,8.0,2.0,6.0,1.0,1.0,3.0,2.0,N,1537,1540,,,O,0,0,0,0,0,0,0,0,0,,,
72992237,,,,,20231231,1236.0,N,Y,4.911,0,0,2,,N,N,Y,37.63881,-84.77468,1.0,2.0,6.0,1.0,1.0,2.0,2.0,N,1238,1239,,,O,0,0,0,1,0,0,0,1,0,,,
72992623,,,,,20231230,1724.0,N,Y,1.194,0,0,2,,N,N,Y,37.62077,-84.7531,5.0,2.0,6.0,1.0,1.0,2.0,2.0,N,1724,1724,,,O,0,0,1,0,0,0,1,1,0,,,
72993001,,,,,20231226,1745.0,N,Y,1.196,0,0,2,,N,N,Y,37.62093,-84.75306,1.0,6.0,6.0,1.0,1.0,2.0,7.0,N,1745,1753,,,O,0,0,0,1,0,0,0,1,0,,,
73005371,,,,,20230203,1057.0,N,N,0.072,0,0,2,,N,N,Y,37.61707,-84.77489,5.0,1.0,1.0,1.0,1.0,2.0,2.0,N,1059,1100,,,O,0,0,0,0,0,0,1,0,0,,,